Symbol,Name,Last Sale,Net Change,% Change,Volume,Market Cap,Country,IPO Year,Industry,Sector,url
A,Agilent Technologies Inc. Common Stock,$151.39,1.46,0.974%,3130819,42757372002.00,United States,1999,Biotechnology: Laboratory Analytical Instruments,Industrials,/market-activity/stocks/a
AA,Alcoa Corporation Common Stock ,$51.05,0.15,0.295%,3278113,13472577167.00,United States,2016,Aluminum,Industrials,/market-activity/stocks/aa
AAC,Ares Acquisition Corporation III Class A Ordinary Shares,$10.07,0.01,0.099%,576385,710984898.00,,2026,Metal Fabrications,Industrials,/market-activity/stocks/aac
AADX,Applied Aerospace & Defense Inc. Common Stock,$12.20,-0.35,-2.789%,2228943,2103200920.00,,2026,Military/Government/Technical,Industrials,/market-activity/stocks/aadx
AAMI,Acadian Asset Management Inc. Common Stock,$90.01,-0.07,-0.078%,700133,3194466421.00,United Kingdom,2014,Investment Managers,Finance,/market-activity/stocks/aami
AAP,Advance Auto Parts Inc.,$42.80,0.04,0.094%,1196801,2585120000.00,United States,,Auto & Home Supply Stores,Consumer Discretionary,/market-activity/stocks/aap
AAT,American Assets Trust Inc. Common Stock,$22.40,-0.01,-0.045%,562950,1375454371.00,United States,2011,Real Estate Investment Trusts,Real Estate,/market-activity/stocks/aat
AAUC,Allied Gold Corporation Common Shares,$23.75,0.94,4.121%,420309,3309512459.00,,2025,,,/market-activity/stocks/aauc
AB,AllianceBernstein Holding L.P.  Units,$36.63,-0.04,-0.109%,244167,3409345272.00,United States,,Investment Managers,Finance,/market-activity/stocks/ab
ABBV,AbbVie Inc. Common Stock,$261.72,1.73,0.665%,4225531,462489935830.00,United States,2012,Biotechnology: Pharmaceutical Preparations,Health Care,/market-activity/stocks/abbv
ABCB,Ameris Bancorp Common Stock,$84.97,1.42,1.70%,313549,5702102098.00,United States,1994,Major Banks,Finance,/market-activity/stocks/abcb
ABEV,Ambev S.A. American Depositary Shares (Each representing 1 Common Share),$2.99,0.10,3.46%,27257457,47127299880.00,Brazil,2013,Beverages (Production/Distribution),Consumer Staples,/market-activity/stocks/abev
ABG,Asbury Automotive Group Inc Common Stock,$213.07,3.71,1.772%,165801,3825014955.00,United States,2002,Retail-Auto Dealers and Gas Stations,Consumer Discretionary,/market-activity/stocks/abg
ABM,ABM Industries Incorporated Common Stock,$46.46,0.05,0.108%,376911,2721669683.00,United States,,Diversified Commercial Services,Consumer Discretionary,/market-activity/stocks/abm
ABR,Arbor Realty Trust Common Stock,$5.16,0.21,4.242%,4107416,962639502.00,United States,2004,Real Estate Investment Trusts,Real Estate,/market-activity/stocks/abr
ABR^D,Arbor Realty Trust 6.375% Series D Cumulative Redeemable Preferred Stock Liquidation Preference $25.00 per Share,$15.55,-0.04,-0.257%,29867,,United States,,,,/market-activity/stocks/abr^d
ABR^E,Arbor Realty Trust 6.25% Series E Cumulative Redeemable Preferred Stock,$15.4914,0.1314,0.855%,6531,,United States,,,,/market-activity/stocks/abr^e
ABR^F,Arbor Realty Trust 6.25% Series F Fixed-to-Floating Rate Cumulative Redeemable Preferred Stock Liquidation Preference $25.00 per share,$22.60,-0.01,-0.044%,4835,,United States,,,,/market-activity/stocks/abr^f
ABT,Abbott Laboratories Common Stock,$110.47,1.54,1.414%,8458888,191155442709.00,United States,,Biotechnology: Pharmaceutical Preparations,Health Care,/market-activity/stocks/abt
ABX,Abacus Global Management Inc. Class A Common Stock,$9.57,0.36,3.909%,407991,935871823.00,United States,,Investment Managers,Finance,/market-activity/stocks/abx
ABXL,Abacus Global Management Inc. 9.875% Fixed Rate Senior Notes due 2028,$25.57,0.08,0.314%,9095,1908834943.00,United States,,Investment Managers,Finance,/market-activity/stocks/abxl
ACA,Arcosa Inc. Common Stock ,$145.45,-0.03,-0.021%,499409,7142585369.00,United States,2018,Metal Fabrications,Industrials,/market-activity/stocks/aca
ACCO,Acco Brands Corporation Common Stock,$4.33,0.08,1.882%,676067,399691769.00,United States,,Publishing,Consumer Discretionary,/market-activity/stocks/acco
ACEL,Accel Entertainment Inc. ,$11.64,0.06,0.518%,312450,945092049.00,United States,2017,Services-Misc. Amusement & Recreation,Consumer Discretionary,/market-activity/stocks/acel
ACH,Accendra Health Inc. Common Stock,$1.17,0.02,1.739%,898305,89978504.00,United States,,Medical Specialities,Health Care,/market-activity/stocks/ach
ACHR,Archer Aviation Inc. Class A Common Stock,$5.65,0.09,1.619%,15062441,4397310662.00,United States,2020,Aerospace,Industrials,/market-activity/stocks/achr
ACI,Albertsons Companies Inc. Class A Common Stock,$12.48,0.02,0.161%,11510603,6056864524.00,United States,2020,Food Chains,Consumer Staples,/market-activity/stocks/aci
ACM,AECOM Common Stock,$66.46,0.23,0.347%,2693227,8553164406.00,United States,2007,Military/Government/Technical,Consumer Discretionary,/market-activity/stocks/acm
ACN,Accenture plc Class A Ordinary Shares (Ireland),$187.68,-0.41,-0.218%,2876566,125278316213.00,Ireland,2001,Business Services,Consumer Discretionary,/market-activity/stocks/acn
ACP,abrdn Income Credit Strategies Fund Common Shares,$5.09,0.05,0.992%,322653,0.00,United States,2011,Investment Managers,Finance,/market-activity/stocks/acp
ACP^A,abrdn Income Credit Strategies Fund 5.250% Series A Perpetual Preferred Stock,$18.90,-0.03,-0.158%,2317,,United States,,,,/market-activity/stocks/acp^a
ACR,ACRES Commercial Realty Corp. Common Stock,$14.04,0.11,0.79%,48876,188872946.00,United States,,Real Estate Investment Trusts,Real Estate,/market-activity/stocks/acr
ACR^C,ACRES Commercial Realty Corp. 8.625% Fixed-to-Floating Series C Cumulative Redeemable Preferred Stock ,$23.9448,0.0168,0.07%,6881,,United States,,,,/market-activity/stocks/acr^c
ACR^D,ACRES Commercial Realty Corp. 7.875% Series D Cumulative Redeemable Preferred Stock,$20.25,0.106,0.526%,1172,,United States,,,,/market-activity/stocks/acr^d
ACRE,Ares Commercial Real Estate Corporation Common Stock,$4.55,0.08,1.79%,308142,252439064.00,United States,2012,Real Estate Investment Trusts,Real Estate,/market-activity/stocks/acre
ACV,Virtus Diversified Income & Convertible Fund Common Shares of Beneficial Interest,$26.07,0.13,0.501%,46357,270162211.00,United States,2015,Finance/Investors Services,Finance,/market-activity/stocks/acv
ACVA,ACV Auctions Inc. Class A Common Stock,$6.77,0.01,0.148%,1957157,1149600025.00,United States,2025,Business Services,Consumer Discretionary,/market-activity/stocks/acva
AD,Array Digital Infrastructure Inc. Common Shares,$37.96,1.04,2.817%,352118,3283540000.00,United States,1988,Telecommunications Equipment,Telecommunications,/market-activity/stocks/ad
ADC,Agree Realty Corporation Common Stock,$72.63,0.13,0.179%,1545152,9033669285.00,United States,,Real Estate Investment Trusts,Real Estate,/market-activity/stocks/adc
ADC^A,Agree Realty Corporation Depositary Shares each representing 1/1000th of a 4.250% Series A Cumulative Redeemable Preferred Stock,$16.77,-0.01,-0.06%,25279,,United States,,,,/market-activity/stocks/adc^a
ADCT,ADC Therapeutics SA Common Shares,$1.32,0.08,6.452%,1955661,168521357.00,Switzerland,2020,Biotechnology: Pharmaceutical Preparations,Health Care,/market-activity/stocks/adct
ADIG,ADI Global Distribution Inc. Common Stock,$21.28,0.94,4.621%,1005980,1615645653.00,United States,2026,Wholesale Distributors,Industrials,/market-activity/stocks/adig
ADM,Archer-Daniels-Midland Company Common Stock,$85.38,0.83,0.982%,3482792,41149709197.00,United States,,Packaged Foods,Consumer Staples,/market-activity/stocks/adm
ADNT,Adient plc Ordinary Shares ,$19.24,0.99,5.425%,711527,1483344972.00,United States,2016,Auto Parts:O.E.M.,Consumer Discretionary,/market-activity/stocks/adnt
ADT,ADT Inc. Common Stock,$7.49,0.12,1.628%,6168411,5471888768.00,United States,2018,Diversified Commercial Services,Consumer Discretionary,/market-activity/stocks/adt
ADX,Adams Diversified Equity Fund Inc.,$25.91,0.05,0.193%,256222,0.00,United States,,Investment Managers,Finance,/market-activity/stocks/adx
AEE,Ameren Corporation Common Stock,$105.89,-0.20,-0.189%,1203080,29314931848.00,United States,,Power Generation,Utilities,/market-activity/stocks/aee
AEFC,Aegon Funding Company LLC 5.10% Subordinated Notes due 2049,$17.96,0.26,1.469%,129701,0.00,United States,2019,,,/market-activity/stocks/aefc
AEG,Aegon Ltd. New York Registry Shares,$9.25,0.07,0.763%,4722160,17657792218.00,Netherlands,,Life Insurance,Finance,/market-activity/stocks/aeg
AEM,Agnico Eagle Mines Limited Common Stock,$196.66,3.20,1.654%,2544413,99816945867.00,Canada,,Precious Metals,Basic Materials,/market-activity/stocks/aem
AEO,American Eagle Outfitters Inc. Common Stock,$16.66,0.08,0.483%,4388702,2791771728.00,United States,,Clothing/Shoe/Accessory Stores,Consumer Discretionary,/market-activity/stocks/aeo
AER,AerCap Holdings N.V. Ordinary Shares,$144.92,0.76,0.527%,1441042,22380005020.00,Netherlands,2006,Diversified Commercial Services,Consumer Discretionary,/market-activity/stocks/aer
AERO,Grupo Aeromexico S.A.B. de C.V. American Depositary Shares (each representing ten (10) Common Shares),$14.78,0.22,1.511%,144658,2156452385.00,,2025,Air Freight/Delivery Services,Consumer Discretionary,/market-activity/stocks/aero
AES,The AES Corporation Common Stock,$14.80,0.03,0.203%,9771164,10558891724.00,United States,,Electric Utilities: Central,Industrials,/market-activity/stocks/aes
AESI,Atlas Energy Solutions Inc. Common Stock,$13.03,0.35,2.76%,4867542,1628794967.00,United States,2023,Mining & Quarrying of Nonmetallic Minerals (No Fuels),Industrials,/market-activity/stocks/aesi
AEXA,American Exceptionalism Acquisition Corp. A Class A Ordinary Shares,$11.57,0.02,0.173%,21091,0.00,,2025,,,/market-activity/stocks/aexa
AFB,AllianceBernstein National Municipal Income Fund Inc,$10.72,-0.09,-0.833%,54886,0.00,United States,2002,Trusts Except Educational Religious and Charitable,Finance,/market-activity/stocks/afb
AFG,American Financial Group Inc. Common Stock,$142.60,0.18,0.126%,213763,11824601052.00,United States,,Property-Casualty Insurers,Finance,/market-activity/stocks/afg
AFGB,American Financial Group Inc. 5.875% Subordinated Debentures due 2059,$20.599,0.329,1.623%,19585,1708099278.00,United States,2019,Property-Casualty Insurers,Finance,/market-activity/stocks/afgb
AFGC,American Financial Group Inc. 5.125% Subordinated Debentures due 2059,$17.72,0.15,0.854%,9836,1469368378.00,United States,2019,Property-Casualty Insurers,Finance,/market-activity/stocks/afgc
AFGD,American Financial Group Inc. 5.625% Subordinated Debentures due 2060,$20.74,0.32,1.567%,40762,1719791205.00,United States,2020,Property-Casualty Insurers,Finance,/market-activity/stocks/afgd
AFGE,American Financial Group Inc. 4.500% Subordinated Debentures due 2060,$15.71,0.04,0.255%,6613,1302696231.00,United States,2020,Property-Casualty Insurers,Finance,/market-activity/stocks/afge
AFL,AFLAC Incorporated Common Stock,$117.24,1.22,1.052%,2229704,58777488258.00,United States,,Accident &Health Insurance,Finance,/market-activity/stocks/afl
AG,First Majestic Silver Corp. Ordinary Shares (Canada),$21.20,1.34,6.747%,9552287,10449615320.00,Canada,,Precious Metals,Basic Materials,/market-activity/stocks/ag
AGBK,AGI Inc Class A Common Shares,$6.73,0.10,1.508%,171311,1077709035.00,Cayman Islands,2026,Commercial Banks,Finance,/market-activity/stocks/agbk
AGCO,AGCO Corporation Common Stock,$126.69,4.37,3.573%,2361576,8872319747.00,United States,,Industrial Machinery/Components,Industrials,/market-activity/stocks/agco
AGD,abrdn Global Dynamic Dividend Fund Common Shares of Beneficial Interest,$12.27,-0.01,-0.081%,67450,0.00,United States,2006,Trusts Except Educational Religious and Charitable,Finance,/market-activity/stocks/agd
AGI,Alamos Gold Inc. Class A Common Shares,$36.13,1.21,3.465%,2583339,15173350299.00,Canada,2015,Precious Metals,Basic Materials,/market-activity/stocks/agi
AGL,agilon health inc. Common Stock,$87.38,-0.09,-0.103%,178694,1467215930.00,United States,2021,Misc Health and Biotechnology Services,Health Care,/market-activity/stocks/agl
AGM,Federal Agricultural Mortgage Corporation Common Stock,$222.63,2.78,1.264%,85695,2416250142.00,United States,,Finance Companies,Finance,/market-activity/stocks/agm
AGM^D,Federal Agricultural Mortgage Corporation 5.700% Non-Cumulative Preferred Stock Series D,$21.00,-0.02,-0.095%,6082,,United States,,,,/market-activity/stocks/agm^d
AGM^E,Federal Agricultural Mortgage Corporation 5.750% Non-Cumulative Preferred Stock Series E,$20.819,0.189,0.916%,6866,,United States,,,,/market-activity/stocks/agm^e
AGM^F,Federal Agricultural Mortgage Corporation 5.250% Non-Cumulative Preferred Stock Series F,$18.68,0.05,0.268%,5954,,United States,,,,/market-activity/stocks/agm^f
AGM^G,Federal Agricultural Mortgage Corporation 4.875% Non-Cumulative Preferred Stock Series G,$17.30,0.00,0.00%,3333,,United States,,,,/market-activity/stocks/agm^g
AGM^H,Federal Agricultural Mortgage Corporation 6.500% Non-Cumulative Preferred Stock Series H,$23.20,-0.0001,0.00%,333,,United States,,,,/market-activity/stocks/agm^h
AGM^I,Federal Agricultural Mortgage Corporation 6.875% Non-Cumulative Preferred Stock Series I,$24.40,0.02,0.082%,5807,,United States,,,,/market-activity/stocks/agm^i
AGO,Assured Guaranty Ltd. Common Stock,$75.03,0.57,0.766%,319440,3299759976.00,Bermuda,2004,Property-Casualty Insurers,Finance,/market-activity/stocks/ago
AGRO,Adecoagro S.A. Common Shares,$11.78,-0.24,-1.997%,838461,1699953729.00,Luxembourg,2011,Farming/Seeds/Milling,Consumer Staples,/market-activity/stocks/agro
AGX,Argan Inc. Common Stock,$410.40,5.65,1.396%,556136,5753498969.00,United States,,Engineering & Construction,Consumer Discretionary,/market-activity/stocks/agx
AHL^D,Aspen Insurance Holdings Limited 5.625% Perpetual Non-Cumulative Preference Shares,$18.53,-0.03,-0.162%,5101,,Bermuda,,,,/market-activity/stocks/ahl^d
AHL^E,Aspen Insurance Holdings Limited Depositary Shares each representing a 1/1000th interest in a share of 5.625% Perpetual Non-Cumulative Preference Shares,$18.50,0.00,0.00%,11157,,Bermuda,,,,/market-activity/stocks/ahl^e
AHL^F,Aspen Insurance Holdings Limited Depositary Shares each representing a 1/1000th Interest in a 7.00% Perpetual Non-Cumulative Preference Share,$23.44,0.01,0.043%,6926,,Bermuda,,,,/market-activity/stocks/ahl^f
AHR,American Healthcare REIT Inc. Common Stock,$56.21,-0.33,-0.584%,1901222,13107340092.00,United States,2024,Real Estate Investment Trusts,Real Estate,/market-activity/stocks/ahr
AHRT,AH Realty Trust Inc. Common Stock,$6.47,0.06,0.936%,561607,482616658.00,United States,2013,Real Estate,Finance,/market-activity/stocks/ahrt
AHRT^A,AH Realty Trust Inc. 6.75% Series A Cumulative Redeemable Perpetual Preferred Stock,$21.80,-0.285,-1.29%,3586,,United States,,,,/market-activity/stocks/ahrt^a
AHT,Ashford Hospitality Trust Inc Common Stock,$3.12,-0.01,-0.319%,6767,20185820.00,United States,2003,Real Estate Investment Trusts,Real Estate,/market-activity/stocks/aht
AHT^D,Ashford Hospitality Trust Inc 8.45% Series D Cumulative Preferred Stock,$6.37,0.2399,3.913%,7264,,United States,,,,/market-activity/stocks/aht^d
AHT^F,Ashford Hospitality Trust Inc 7.375% Series F Cumulative Preferred Stock,$6.61,-0.19,-2.794%,2109,,United States,,,,/market-activity/stocks/aht^f
AHT^G,Ashford Hospitality Trust Inc 7.375% Series G Cumulative Preferred Stock,$6.1101,-0.1047,-1.685%,285,,United States,,,,/market-activity/stocks/aht^g
AHT^H,Ashford Hospitality Trust Inc 7.50% Series H Cumulative Preferred Stock,$6.40,0.075,1.186%,3140,,United States,,,,/market-activity/stocks/aht^h
AHT^I,Ashford Hospitality Trust Inc 7.50% Series I Cumulative Preferred Stock,$6.255,-0.045,-0.714%,3236,,United States,,,,/market-activity/stocks/aht^i
AI,C3.ai Inc. Class A Common Stock,$10.52,0.18,1.741%,8518188,1684117186.00,United States,2020,Computer Software: Prepackaged Software,Technology,/market-activity/stocks/ai
AIG,American International Group Inc. New Common Stock,$76.13,0.25,0.329%,5374199,39807856956.00,United States,,Property-Casualty Insurers,Finance,/market-activity/stocks/aig
AII,American Integrity Insurance Group Inc. Common Stock,$26.10,0.45,1.754%,124399,511388445.00,United States,2025,Property-Casualty Insurers,Finance,/market-activity/stocks/aii
AIIA,AI Infrastructure Acquisition Corp. Class A Ordinary Shares,$10.22,0.00,0.00%,20,0.00,,2025,Blank Checks,Finance,/market-activity/stocks/aiia
AIN,Albany International Corporation Common Stock,$58.78,4.45,8.191%,402368,1669352000.00,United States,,Textiles,Consumer Discretionary,/market-activity/stocks/ain
AIO,Virtus Artificial Intelligence & Technology Opportunities Fund Common Shares of Beneficial Interest,$25.83,0.03,0.116%,46310,887027307.00,,2019,Finance/Investors Services,Finance,/market-activity/stocks/aio
AIR,AAR Corp. Common Stock,$123.87,-0.61,-0.49%,290006,4986862511.00,United States,,Aerospace,Industrials,/market-activity/stocks/air
AIT,Applied Industrial Technologies Inc. Common Stock,$319.45,0.34,0.107%,230702,11723449549.00,United States,,Industrial Specialties,Consumer Discretionary,/market-activity/stocks/ait
AIV,Apartment Investment and Management Company Common Stock,$2.56,0.01,0.392%,608653,371806459.00,United States,1994,Real Estate Investment Trusts,Real Estate,/market-activity/stocks/aiv
AIZ,Assurant Inc. Common Stock,$284.07,3.29,1.172%,222203,14011402492.00,United States,2004,Property-Casualty Insurers,Finance,/market-activity/stocks/aiz
AIZN,Assurant Inc. 5.25% Subordinated Notes due 2061,$18.24,-0.02,-0.11%,5726,920376009.00,United States,2020,Property-Casualty Insurers,Finance,/market-activity/stocks/aizn
AJG,Arthur J. Gallagher & Co. Common Stock,$264.46,2.46,0.939%,1848216,67781098000.00,United States,,Specialty Insurers,Finance,/market-activity/stocks/ajg
AKA,a.k.a. Brands Holding Corp. Common Stock,$10.92,0.42,4.00%,2795,120022364.00,,2021,Catalog/Specialty Distribution,Consumer Discretionary,/market-activity/stocks/aka
AKO/A,Embotelladora Andina S.A.,$23.40,0.00,0.00%,55,,Chile,,,,/market-activity/stocks/ako/a
AKO/B,Embotelladora Andina S.A.,$29.88,0.58,1.98%,78331,,Chile,,,,/market-activity/stocks/ako/b
AKR,Acadia Realty Trust Common Stock,$20.39,-0.06,-0.293%,1564136,2800214202.00,United States,,Real Estate Investment Trusts,Real Estate,/market-activity/stocks/akr
ALB,Albemarle Corporation Common Stock,$137.75,2.21,1.631%,2395027,16255196602.00,United States,,Major Chemicals,Industrials,/market-activity/stocks/alb
ALB^A,Albemarle Corporation Depositary Shares each representing a 1/20th of 7.25% Series A Mandatory Convertible Preferred Stock,$55.90,0.85,1.544%,283720,,United States,,,,/market-activity/stocks/alb^a
ALC,Alcon Inc. Ordinary Shares,$72.24,0.49,0.683%,1328174,36098328000.00,Switzerland,2019,Ophthalmic Goods,Health Care,/market-activity/stocks/alc
ALG,Alamo Group Inc. Common Stock,$171.31,7.21,4.394%,150614,2085008014.00,United States,,Industrial Machinery/Components,Industrials,/market-activity/stocks/alg
ALH,Alliance Laundry Holdings Inc. Common Stock,$22.44,0.18,0.809%,921580,4460827314.00,United States,2025,Industrial Machinery/Components,Industrials,/market-activity/stocks/alh
ALIT,Alight Inc. Class A Common Stock,$14.16,0.34,2.46%,394077,381457557.00,United States,2021,Business Services,Consumer Discretionary,/market-activity/stocks/alit
ALK,Alaska Air Group Inc. Common Stock,$41.59,0.90,2.212%,1987400,4641573761.00,United States,,Air Freight/Delivery Services,Consumer Discretionary,/market-activity/stocks/alk
ALL,Allstate Corporation (The) Common Stock,$259.34,1.47,0.57%,1086281,65576180753.00,United States,,Property-Casualty Insurers,Finance,/market-activity/stocks/all
ALL^B,Allstate Corporation (The) 5.100% Fixed-to-Floating Rate Subordinated Debentures due 2053,$25.61,0.00,0.00%,14426,,United States,,,,/market-activity/stocks/all^b
ALL^H,Allstate Corporation (The) Depositary Shares each representing a 1/1000th interest in a share of Fixed Rate Noncumulative Perpetual Preferred Stock Series H,$18.72,0.12,0.645%,159415,,United States,,,,/market-activity/stocks/all^h
ALL^I,Allstate Corporation (The) Depositary Shares each representing a 1/1000th interest in a share of Fixed Rate Noncumulative Perpetual Preferred Stock Series I,$17.54,0.09,0.516%,22925,,United States,,,,/market-activity/stocks/all^i
ALL^J,Allstate Corporation (The) Depositary Shares each representing a 1/1000th interest in a share of Fixed Rate Noncumulative Perpetual Preferred Stock Series J,$25.85,0.02,0.077%,65127,,United States,,,,/market-activity/stocks/all^j
ALLE,Allegion plc Ordinary Shares,$155.07,3.25,2.141%,1205044,13186654405.00,United States,2013,Diversified Commercial Services,Consumer Discretionary,/market-activity/stocks/alle
ALLY,Ally Financial Inc. Common Stock,$42.66,0.81,1.935%,3146107,12977158903.00,United States,2014,Major Banks,Finance,/market-activity/stocks/ally
ALSN,Allison Transmission Holdings Inc. Common Stock,$126.71,4.00,3.26%,795443,10463463195.00,United States,2012,Auto Parts:O.E.M.,Consumer Discretionary,/market-activity/stocks/alsn
ALTG,Alta Equipment Group Inc. Class A Common Stock,$5.91,0.19,3.322%,254245,193061214.00,United States,2019,Industrial Machinery/Components,Industrials,/market-activity/stocks/altg
ALTG^A,Alta Equipment Group Inc. Depositary Shares (each representing 1/1000th in a share of 10% Series A Cumulative Perpetual Preferred Stock),$25.6266,-0.3734,-1.436%,2065,,United States,,,,/market-activity/stocks/altg^a
ALUB,Alussa Energy Acquisition Corp. II Class A Ordinary Shares,$10.12,0.00,0.00%,6,0.00,,2026,,,/market-activity/stocks/alub
ALV,Autoliv Inc. Common Stock,$121.17,1.96,1.644%,734855,8874153584.00,Sweden,,Auto Parts:O.E.M.,Consumer Discretionary,/market-activity/stocks/alv
ALX,Alexander's Inc. Common Stock,$265.01,-2.24,-0.838%,37257,1353482923.00,United States,,Real Estate Investment Trusts,Real Estate,/market-activity/stocks/alx
AM,Antero Midstream Corporation Common Stock,$22.51,0.03,0.133%,2503178,10684911740.00,United States,2017,Natural Gas Distribution,Utilities,/market-activity/stocks/am
AMBP,Ardagh Metal Packaging S.A. Ordinary Shares,$5.08,0.02,0.395%,2104255,3036313897.00,,,Containers/Packaging,Industrials,/market-activity/stocks/ambp
AMBQ,Ambiq Micro Inc. Common Stock,$57.30,1.36,2.431%,385187,1385773913.00,United States,2025,Semiconductors,Technology,/market-activity/stocks/ambq
AMC,AMC Entertainment Holdings Inc. Class A Common Stock,$2.64,0.06,2.326%,17150753,2356476244.00,United States,2013,Movies/Entertainment,Consumer Discretionary,/market-activity/stocks/amc
AMCR,Amcor plc Ordinary Shares,$46.68,0.86,1.877%,3136591,21582296809.00,United Kingdom,2019,Miscellaneous manufacturing industries,Consumer Discretionary,/market-activity/stocks/amcr
AME,AMETEK Inc.,$233.19,1.87,0.808%,1318623,53461429488.00,United States,,Industrial Machinery/Components,Industrials,/market-activity/stocks/ame
AMG,Affiliated Managers Group Inc. Common Stock,$356.47,-4.28,-1.186%,416946,9218290317.00,United States,,Investment Managers,Finance,/market-activity/stocks/amg
AMH,American Homes 4 Rent Common Shares of Beneficial Interest,$32.99,-0.43,-1.287%,1924260,11849346353.00,United States,2013,Real Estate Investment Trusts,Real Estate,/market-activity/stocks/amh
AMH^G,American Homes 4 Rent Series G cumulative redeemable perpetual preferred shares of beneficial interest,$22.04,0.053,0.241%,13484,,United States,,,,/market-activity/stocks/amh^g
AMH^H,American Homes 4 Rent Series H cumulative redeemable perpetual Preferred Shares of Beneficial Interest,$23.14,0.07,0.303%,11390,,United States,,,,/market-activity/stocks/amh^h
AMN,AMN Healthcare Services Inc,$33.38,-0.16,-0.477%,480318,1292807100.00,United States,,Professional Services,Consumer Discretionary,/market-activity/stocks/amn
AMP,Ameriprise Financial Inc. Common Stock,$551.85,9.21,1.697%,495293,49609705805.00,United States,,Investment Managers,Finance,/market-activity/stocks/amp
AMPX,Amprius Technologies Inc. Common Stock,$9.52,0.04,0.422%,5409329,1390687483.00,United States,2022,Industrial Machinery/Components,Miscellaneous,/market-activity/stocks/ampx
AMPY,Amplify Energy Corp. Common Stock,$5.00,0.01,0.20%,708001,207282250.00,United States,2016,Oil & Gas Production,Energy,/market-activity/stocks/ampy
AMR,Alpha Metallurgical Resources Inc. Common Stock,$233.29,-0.12,-0.051%,316109,2957894408.00,United States,2018,Coal Mining,Energy,/market-activity/stocks/amr
AMRC,Ameresco Inc. Class A Common Stock,$21.82,-0.78,-3.451%,737212,1157904724.00,United States,2010,Engineering & Construction,Consumer Discretionary,/market-activity/stocks/amrc
AMRZ,Amrize Ltd Ordinary Shares,$42.97,0.16,0.374%,6743024,23501394923.00,Switzerland,2025,Building Materials,Industrials,/market-activity/stocks/amrz
AMT,American Tower Corporation (REIT) Common Stock,$172.92,-3.10,-1.761%,2579420,80573811500.00,United States,,Real Estate Investment Trusts,Real Estate,/market-activity/stocks/amt
AMTB,Amerant Bancorp Inc. Class A Common Stock,$29.16,0.73,2.568%,309588,1142776259.00,United States,,Major Banks,Finance,/market-activity/stocks/amtb
AMTD,AMTD IDEA Group American Depositary Shares each representing six (6) Class A Ordinary Shares,$0.7593,0.0087,1.159%,4938,72669227.00,,,Finance: Consumer Services,Finance,/market-activity/stocks/amtd
AMTM,Amentum Holdings Inc. Common Stock,$19.90,-0.09,-0.45%,1939496,4865677619.00,United States,2024,Business Services,Consumer Discretionary,/market-activity/stocks/amtm
AMWL,American Well Corporation Class A Common Stock,$12.83,0.76,6.297%,139721,218222365.00,United States,2020,Business Services,Consumer Discretionary,/market-activity/stocks/amwl
AMX,America Movil S.A.B. de C.V. American Depositary Shares (each representing the right to receive twenty (20) Series B Shares,$22.88,-0.10,-0.435%,2113216,68863080000.00,Mexico,2023,Telecommunications Equipment,Telecommunications,/market-activity/stocks/amx
AN,AutoNation Inc. Common Stock,$205.84,1.76,0.862%,359440,6805236307.00,United States,,Retail-Auto Dealers and Gas Stations,Consumer Discretionary,/market-activity/stocks/an
ANDG,Andersen Group Inc. Class A Common Stock,$56.12,0.40,0.718%,295080,6340911982.00,,2025,Business Services,Consumer Discretionary,/market-activity/stocks/andg
ANET,Arista Networks Inc. Common Stock,$186.10,-3.16,-1.67%,4369539,234713906993.00,United States,,Computer Communications Equipment,Telecommunications,/market-activity/stocks/anet
ANF,Abercrombie & Fitch Company Common Stock,$136.60,-4.08,-2.90%,1939542,6069371586.00,United States,,Clothing/Shoe/Accessory Stores,Consumer Discretionary,/market-activity/stocks/anf
ANG^D,American National Group Inc. Depositary Shares each representing a 1/1000th interest in a share of 7.375% Fixed-Rate Non-Cumulative Preferred Stock Series D,$23.25,0.10,0.432%,4097,,United States,,,,/market-activity/stocks/ang^d
ANGX,Angel Studios Inc. Class A Common Stock,$4.49,0.15,3.456%,921400,838535872.00,United States,2025,Movies/Entertainment,Consumer Discretionary,/market-activity/stocks/angx
ANRO,Alto Neuroscience Inc. Common Stock,$36.64,1.44,4.091%,432818,1437830691.00,United States,2024,Biotechnology: Pharmaceutical Preparations,Health Care,/market-activity/stocks/anro
ANVS,Annovis Bio Inc. Common Stock,$1.70,0.01,0.592%,606835,72430458.00,United States,2020,Biotechnology: Pharmaceutical Preparations,Health Care,/market-activity/stocks/anvs
AOD,abrdn Total Dynamic Dividend Fund Common Shares of Beneficial Interest,$10.64,-0.01,-0.094%,270985,0.00,United States,2007,Investment Managers,Finance,/market-activity/stocks/aod
AOMD,Angel Oak Mortgage REIT Inc. 9.750% Senior Notes due 2030,$25.20,0.04,0.159%,7671,0.00,United States,2025,Real Estate,Finance,/market-activity/stocks/aomd
AOMN,Angel Oak Mortgage REIT Inc. 9.500% Senior Notes due 2029,$25.3701,0.1901,0.755%,2255,0.00,United States,2024,Real Estate,Finance,/market-activity/stocks/aomn
AOMR,Angel Oak Mortgage REIT Inc. Common Stock,$8.25,0.05,0.61%,84461,191522735.00,United States,2021,Real Estate,Finance,/market-activity/stocks/aomr
AON,Aon plc Class A Ordinary Shares (Ireland),$330.88,4.58,1.404%,2189344,70188063602.00,United States,,Specialty Insurers,Finance,/market-activity/stocks/aon
AORT,Artivion Inc. Common Stock,$26.34,-0.75,-2.769%,549530,1284238861.00,United States,,Medical/Dental Instruments,Health Care,/market-activity/stocks/aort
AOS,A.O. Smith Corporation Common Stock,$59.26,0.77,1.316%,1055214,8053942036.00,United States,,Consumer Electronics/Appliances,Consumer Discretionary,/market-activity/stocks/aos
AP,Ampco-Pittsburgh Corporation Common Stock,$8.74,0.36,4.296%,54748,180556348.00,United States,,Fluid Controls,Industrials,/market-activity/stocks/ap
APAM,Artisan Partners Asset Management Inc. Class A Common Stock,$41.17,-0.53,-1.271%,757451,3337761783.00,United States,2013,Investment Managers,Finance,/market-activity/stocks/apam
APD,Air Products and Chemicals Inc. Common Stock,$309.45,4.13,1.353%,882834,68910037259.00,United States,,Major Chemicals,Basic Materials,/market-activity/stocks/apd
APG,APi Group Corporation Common Stock,$39.36,0.24,0.613%,4636812,17009829290.00,United States,2020,Diversified Commercial Services,Consumer Discretionary,/market-activity/stocks/apg
APH,Amphenol Corporation Common Stock,$160.08,-3.10,-1.90%,6642001,197375991797.00,United States,,Electrical Products,Technology,/market-activity/stocks/aph
APLE,Apple Hospitality REIT Inc. Common Shares,$15.75,0.18,1.156%,3349345,3718302494.00,United States,2015,Real Estate Investment Trusts,Real Estate,/market-activity/stocks/aple
APO,Apollo Global Management Inc. (New) Common Stock,$132.29,0.60,0.456%,2116718,78122954504.00,United States,,Investment Managers,Finance,/market-activity/stocks/apo
APOS,Apollo Global Management Inc. 7.625% Fixed-Rate Resettable Junior Subordinated Notes due 2053,$25.16,-0.01,-0.04%,27991,14329482258.00,United States,1987,Investment Managers,Finance,/market-activity/stocks/apos
APTV,Aptiv PLC Ordinary Shares,$45.03,0.18,0.401%,2559689,9349728895.00,United Kingdom,,Auto Parts:O.E.M.,Consumer Discretionary,/market-activity/stocks/aptv
AQN,Algonquin Power & Utilities Corp. Common Shares,$5.63,-0.03,-0.53%,3343357,4333679461.00,United States,2016,Electric Utilities: Central,Utilities,/market-activity/stocks/aqn
AQNB,Algonquin Power & Utilities Corp. 6.20% Fixed-to-Floating Subordinated Notes Series 2019-A due July 1 2079,$26.09,-0.12,-0.458%,13651,20037772276.00,United States,2019,Electric Utilities: Central,Utilities,/market-activity/stocks/aqnb
AR,Antero Resources Corporation Common Stock,$39.59,-0.22,-0.553%,3127076,12171510010.00,United States,2013,Oil & Gas Production,Energy,/market-activity/stocks/ar
ARCO,Arcos Dorados Holdings Inc. Class A Shares,$8.21,0.15,1.861%,1521632,1729543698.00,Argentina,2011,Restaurants,Consumer Discretionary,/market-activity/stocks/arco
ARDC,Ares Dynamic Credit Allocation Fund Inc. Common Shares,$12.35,-0.05,-0.403%,88802,282999497.00,United States,2012,Investment Managers,Finance,/market-activity/stocks/ardc
ARDT,Ardent Health Inc. Common Stock,$10.91,-0.03,-0.274%,527227,1538810845.00,United States,2024,Hospital/Nursing Management,Health Care,/market-activity/stocks/ardt
ARE,Alexandria Real Estate Equities Inc. Common Stock,$52.72,1.09,2.111%,1641221,9186331890.00,United States,,Real Estate Investment Trusts,Real Estate,/market-activity/stocks/are
ARES,Ares Management Corporation Class A Common Stock,$138.06,-1.03,-0.741%,1534981,45598074236.00,United States,2014,Investment Managers,Finance,/market-activity/stocks/ares
ARES^B,Ares Management Corporation 6.75% Series B Mandatory Convertible Preferred Stock,$44.09,0.28,0.639%,21505,,United States,,,,/market-activity/stocks/ares^b
ARI,Apollo Commercial Real Estate Finance Inc,$6.86,0.05,0.734%,1546464,879534958.00,United States,2009,Real Estate Investment Trusts,Real Estate,/market-activity/stocks/ari
ARIS,Aris Mining Corporation Common Shares,$19.69,0.82,4.346%,1582172,4064016000.00,,2023,,,/market-activity/stocks/aris
ARL,American Realty Investors Inc. Common Stock,$15.95,0.90,5.98%,2049,257625086.00,United States,,Real Estate,Finance,/market-activity/stocks/arl
ARLO,Arlo Technologies Inc. Common Stock,$13.04,0.47,3.739%,1530443,1403277484.00,United States,2018,Diversified Commercial Services,Consumer Discretionary,/market-activity/stocks/arlo
ARMK,Aramark Common Stock,$56.72,0.10,0.177%,1765450,14952812496.00,United States,2013,Restaurants,Consumer Discretionary,/market-activity/stocks/armk
AROC,Archrock Inc. Common Stock,$32.30,0.61,1.925%,2035138,5663423376.00,United States,,Natural Gas Distribution,Utilities,/market-activity/stocks/aroc
ARR,ARMOUR Residential REIT Inc.,$16.15,0.03,0.186%,3257185,2698622978.00,United States,,Real Estate Investment Trusts,Real Estate,/market-activity/stocks/arr
ARR^C,ARMOUR Residential REIT Inc. 7% Series C Cumulative Redeemable Preferred Stock (liquidation preference $25.00 per share),$20.66,-0.025,-0.121%,13292,,United States,,,,/market-activity/stocks/arr^c
ARW,Arrow Electronics Inc. Common Stock,$208.13,2.15,1.044%,504971,10594945689.00,United States,,Electronic Components,Technology,/market-activity/stocks/arw
ARX,Accelerant Holdings Class A Common Shares,$19.70,-0.08,-0.404%,1569482,4278614474.00,Cayman Islands,2025,Specialty Insurers,Finance,/market-activity/stocks/arx
AS,Amer Sports Inc. Ordinary Shares,$28.56,-0.90,-3.055%,8970160,15926980573.00,,2024,Apparel,Consumer Discretionary,/market-activity/stocks/as
ASA,ASA  Gold and Precious Metals Limited,$63.73,2.53,4.134%,48949,1160965777.00,United States,,Precious Metals,Industrials,/market-activity/stocks/asa
ASAN,Asana Inc. Class A Common Stock,$9.80,-0.03,-0.305%,5116597,2258996305.00,United States,2020,Computer Software: Prepackaged Software,Technology,/market-activity/stocks/asan
ASB,Associated Banc-Corp Common Stock,$30.58,0.68,2.274%,1926054,5775022572.00,United States,,Major Banks,Finance,/market-activity/stocks/asb
ASB^E,Associated Banc-Corp Depositary Shares each representing a 1/40th interest in a share of 5.875% Non-Cumulative Perpetual Preferred Stock Series E,$19.58,0.035,0.179%,7319,,United States,,,,/market-activity/stocks/asb^e
ASB^F,Associated Banc-Corp Depositary Shares each representing a 1/40th interest in a share of Associated Banc-Corp 5.625% Non-Cumulative Perpetual Preferred Stock Series F,$18.93,0.17,0.906%,12652,,United States,,,,/market-activity/stocks/asb^f
ASBA,Associated Banc-Corp 6.625% Fixed-Rate Reset Subordinated Notes due 2033,$24.75,0.01,0.04%,7730,3734795171.00,United States,2023,Major Banks,Finance,/market-activity/stocks/asba
ASC,Ardmore Shipping Corporation Common Stock,$18.07,0.39,2.206%,538109,737303235.00,,2013,Marine Transportation,Consumer Discretionary,/market-activity/stocks/asc
ASG,Liberty All-Star Growth Fund Inc.,$5.09,-0.03,-0.586%,303830,0.00,United States,,Investment Managers,Finance,/market-activity/stocks/asg
ASGI,abrdn Global Infrastructure Income Fund Common Shares of Beneficial Interest,$22.62,0.36,1.617%,127812,0.00,United States,2020,Investment Managers,Finance,/market-activity/stocks/asgi
ASH,Ashland Inc. Common Stock,$74.22,-1.42,-1.877%,751829,3398783921.00,United States,,Specialty Chemicals,Consumer Discretionary,/market-activity/stocks/ash
ASIC,Ategrity Specialty Insurance Company Holdings Common Stock,$26.71,0.45,1.714%,53254,1280128247.00,,2025,Property-Casualty Insurers,Finance,/market-activity/stocks/asic
ASIX,AdvanSix Inc. Common Stock ,$17.62,0.86,5.131%,204677,475760897.00,United States,2016,Major Chemicals,Industrials,/market-activity/stocks/asix
ASPN,Aspen Aerogels Inc. Common Stock,$4.92,0.08,1.653%,695296,408304817.00,United States,2014,RETAIL: Building Materials,Consumer Discretionary,/market-activity/stocks/aspn
ASR,Grupo Aeroportuario del Sureste S.A. de C.V. Common Stock,$255.74,5.72,2.288%,49470,7672200000.00,Mexico,,Aerospace,Consumer Discretionary,/market-activity/stocks/asr
ASX,ASE Technology Holding Co. Ltd. American Depositary Shares (each representing Two Common Shares) ,$37.08,-0.35,-0.935%,3419854,82573407170.00,Taiwan,2018,Semiconductors,Technology,/market-activity/stocks/asx
ATEN,A10 Networks Inc. Common Stock,$24.76,-0.19,-0.762%,1227424,1797799360.00,United States,2014,Computer Communications Equipment,Telecommunications,/market-activity/stocks/aten
ATH^A,Athene Holding Ltd. Depositary Shares Each Representing a 1/1000th Interest in a 6.35% Fixed-to-Floating Rate Perpetual Non-Cumulative Preference Share Series A,$23.97,0.11,0.461%,44152,,Bermuda,,,,/market-activity/stocks/ath^a
ATH^B,Athene Holding Ltd. Depositary Shares Each Representing a 1/1000th Interest in a 5.625% Fixed Rate Perpetual Non- Cumulative Preference Share Series B par value $1.00 per share,$18.32,-0.02,-0.109%,26807,,Bermuda,,,,/market-activity/stocks/ath^b
ATH^D,Athene Holding Ltd. Depositary Shares Each Representing a 1/1000th Interest in a 4.875% Fixed-Rate Perpetual Non-Cumulative Preference Share Series D,$15.96,-0.02,-0.125%,85458,,Bermuda,,,,/market-activity/stocks/ath^d
ATH^E,Athene Holding Ltd. Depositary Shares Each Representing a 1/1000th Interest in a 7.750% Fixed-Rate Reset Perpetual Non-Cumulative Preference Share Series E,$25.28,0.04,0.158%,29067,,Bermuda,,,,/market-activity/stocks/ath^e
ATHM,Autohome Inc. American Depositary Shares each representing four class A ordinary shares.,$21.93,-0.17,-0.769%,448030,2525698078.00,China,2013,EDP Services,Technology,/market-activity/stocks/athm
ATHS,Athene Holding Ltd. 7.250% Fixed-Rate Reset Junior Subordinated Debentures due 2064,$24.87,0.19,0.77%,54100,5068630350.00,Bermuda,2024,Life Insurance,Finance,/market-activity/stocks/aths
ATI,ATI Inc. Common Stock,$201.69,0.74,0.368%,1921991,27464204547.00,United States,,Steel/Iron Ore,Industrials,/market-activity/stocks/ati
ATKR,Atkore Inc. Common Stock,$93.55,-0.08,-0.085%,908886,3159422053.00,United States,2016,Industrial Machinery/Components,Miscellaneous,/market-activity/stocks/atkr
ATMU,Atmus Filtration Technologies Inc. Common Stock,$47.29,1.09,2.359%,685644,3858652472.00,United States,2023,Auto Parts:O.E.M.,Consumer Discretionary,/market-activity/stocks/atmu
ATO,Atmos Energy Corporation Common Stock,$167.68,-0.02,-0.012%,875116,28336000567.00,United States,,Oil/Gas Transmission,Utilities,/market-activity/stocks/ato
ATR,AptarGroup Inc. Common Stock,$130.33,-0.59,-0.451%,472519,8286528543.00,United States,,Plastic Products,Industrials,/market-activity/stocks/atr
ATS,ATS Corporation Common Shares,$19.01,0.52,2.812%,371248,1865392255.00,Canada,2023,Industrial Machinery/Components,Industrials,/market-activity/stocks/ats
AU,AngloGold Ashanti PLC Ordinary Shares,$107.83,-0.30,-0.277%,2624842,54537098874.00,South Africa,,Precious Metals,Basic Materials,/market-activity/stocks/au
AUB,Atlantic Union Bankshares Corporation Common Stock,$40.60,1.09,2.759%,1343815,5798284778.00,United States,,Major Banks,Finance,/market-activity/stocks/aub
AUB^A,Atlantic Union Bankshares Corporation Depositary Shares each representing a 1/400th ownership interest in a share of 6.875% Perpetual Non-Cumulative Preferred Stock Series A,$23.88,-0.57,-2.331%,59619,,United States,,,,/market-activity/stocks/aub^a
AUNA,Auna SA Class A Ordinary Shares,$5.22,0.07,1.359%,80808,386347677.00,Peru,2024,Medical/Nursing Services,Health Care,/market-activity/stocks/auna
AVA,Avista Corporation Common Stock,$37.25,-0.39,-1.036%,756082,3119792918.00,United States,,Power Generation,Utilities,/market-activity/stocks/ava
AVAL,Grupo Aval Acciones y Valores S.A. ADR (Each representing 20 preferred shares),$5.29,0.05,0.954%,131281,6280149339.00,,2014,Commercial Banks,Finance,/market-activity/stocks/aval
AVBC,Avidia Bancorp Inc. Common Stock,$22.16,0.46,2.12%,185670,442541981.00,United States,2025,Banks,Finance,/market-activity/stocks/avbc
AVD,American Vanguard Corporation Common Stock ($0.10 Par Value),$2.36,0.07,3.057%,488955,69621492.00,United States,1998,Agricultural Chemicals,Industrials,/market-activity/stocks/avd
AVEX,AEVEX Corp. Class A Common Stock,$15.74,-1.15,-6.809%,1656808,1795016358.00,,2026,Aerospace,Industrials,/market-activity/stocks/avex
AVK,Advent Convertible and Income Fund,$12.30,-0.16,-1.284%,223118,0.00,United States,2003,Trusts Except Educational Religious and Charitable,Finance,/market-activity/stocks/avk
AVNT,Avient Corporation Common Stock,$43.59,0.97,2.276%,769857,3998055185.00,United States,,Major Chemicals,Industrials,/market-activity/stocks/avnt
AVTR,Avantor Inc. Common Stock,$14.65,0.45,3.169%,8922101,9908657006.00,United States,2019,Biotechnology: Laboratory Analytical Instruments,Industrials,/market-activity/stocks/avtr
AVY,Avery Dennison Corporation Common Stock,$174.42,1.35,0.78%,904480,13218967728.00,United States,,Containers/Packaging,Consumer Discretionary,/market-activity/stocks/avy
AWF,Alliancebernstein Global High Income Fund,$10.07,-0.03,-0.297%,137626,0.00,United States,1993,Trusts Except Educational Religious and Charitable,Finance,/market-activity/stocks/awf
AWI,Armstrong World Industries Inc Common Stock,$169.11,0.17,0.101%,311765,7147066505.00,United States,,Plastic Products,Industrials,/market-activity/stocks/awi
AWK,American Water Works Company Inc. Common Stock,$139.49,2.09,1.521%,2386743,27720706676.00,United States,2008,Water Supply,Utilities,/market-activity/stocks/awk
AWP,abrdn Global Premier Properties Fund Common Shares of Beneficial Interest,$11.41,-0.04,-0.349%,91712,0.00,United States,2007,Trusts Except Educational Religious and Charitable,Finance,/market-activity/stocks/awp
AWR,American States Water Company Common Stock,$88.25,-0.94,-1.054%,363391,3497843995.00,United States,,Water Supply,Utilities,/market-activity/stocks/awr
AX,Axos Financial Inc. Common Stock,$95.95,1.27,1.341%,317365,5443708090.00,United States,2018,Savings Institutions,Finance,/market-activity/stocks/ax
AXP,American Express Company Common Stock,$329.98,5.79,1.786%,2288710,222838738693.00,United States,,Finance: Consumer Services,Finance,/market-activity/stocks/axp
AXR,AMREP Corporation Common Stock,$22.86,-0.05,-0.218%,4773,121726048.00,United States,,Homebuilding,Real Estate,/market-activity/stocks/axr
AXS,Axis Capital Holdings Limited Common Stock,$99.67,-0.13,-0.13%,415886,7272552815.00,Bermuda,2003,Property-Casualty Insurers,Finance,/market-activity/stocks/axs
AXS^E,Axis Capital Holdings Limited Depositary Shares each representing 1/100th interest in a share of a 5.50% Series E Preferred Shares,$18.28,-0.12,-0.652%,50816,,Bermuda,,,,/market-activity/stocks/axs^e
AXTA,Axalta Coating Systems Ltd. Common Shares,$35.79,0.71,2.024%,898200,7659775693.00,United States,2014,Paints/Coatings,Consumer Discretionary,/market-activity/stocks/axta
AYI,Acuity Inc. Common Stock,$330.59,4.51,1.383%,157404,9896392483.00,United States,,Building Products,Consumer Discretionary,/market-activity/stocks/ayi
AZN,AstraZeneca PLC Ordinary Shares,$161.63,-0.84,-0.517%,3301434,250643822206.00,United Kingdom,2026,Biotechnology: Pharmaceutical Preparations,Health Care,/market-activity/stocks/azn
AZO,AutoZone Inc. Common Stock,$2934.52,-31.31,-1.056%,313695,47907080755.00,United States,,Auto & Home Supply Stores,Consumer Discretionary,/market-activity/stocks/azo
AZUL,Azul S.A. American Depositary Shares each representing two (2) Common Shares,$7.40,0.15,2.069%,48869,1363664319.00,,,Air Freight/Delivery Services,Consumer Discretionary,/market-activity/stocks/azul
AZZ,AZZ Inc.,$135.15,-0.60,-0.442%,138249,4061460360.00,United States,,Industrial Specialties,Industrials,/market-activity/stocks/azz
B,Barrick Mining Corporation Common Shares,$44.13,1.03,2.39%,15482722,72632879410.00,Canada,,Precious Metals,Basic Materials,/market-activity/stocks/b
BA,Boeing Company (The) Common Stock,$208.87,3.21,1.561%,6433560,165084586077.00,United States,,Aerospace,Industrials,/market-activity/stocks/ba
BA^A,Boeing Company (The) Depositary Shares each representing a 1/20th interest in a share of 6.00% Series A Mandatory Convertible Preferred Stock par value $1.00,$64.98,1.12,1.754%,2725226,,United States,,,,/market-activity/stocks/ba^a
BABA,Alibaba Group Holding Limited American Depositary Shares each representing eight Ordinary share,$111.81,-1.04,-0.922%,6875220,270858161673.00,China,2014,Business Services,Consumer Discretionary,/market-activity/stocks/baba
BAC,Bank of America Corporation Common Stock,$62.60,0.61,0.984%,28435771,437746047649.00,United States,,Major Banks,Finance,/market-activity/stocks/bac
BAC^B,Bank of America Corporation Depositary Shares each representing a 1/1000th interest in a share of 6.000% Non-Cumulative Preferred Stock Series GG,$23.90,0.05,0.21%,133140,,United States,,,,/market-activity/stocks/bac^b
BAC^E,Bank of America Corporation Depositary Sh repstg 1/1000th Perp Pfd Ser E,$18.65,0.00,0.00%,75541,,United States,,,,/market-activity/stocks/bac^e
BAC^K,Bank of America Corporation Depositary Shares each representing a 1/1000th interest in a share of 5.875% Non- Cumulative Preferred Stock Series HH,$23.42,-0.02,-0.085%,43320,,United States,,,,/market-activity/stocks/bac^k
BAC^L,Bank of America Corporation Non Cumulative Perpetual Conv Pfd Ser L,$1290.99,5.89,0.458%,6073,,United States,,,,/market-activity/stocks/bac^l
BAC^M,Bank of America Corporation Depositary Shares each representing a 1/1000th interest in a share of 5.375% Non-Cumulative Preferred Stock Series KK,$20.21,-0.10,-0.492%,131929,,United States,,,,/market-activity/stocks/bac^m
BAC^N,Bank of America Corporation Depositary shares each representing 1/1000th interest in a share of 5.000% Non-Cumulative Preferred Stock Series LL,$18.91,-0.14,-0.735%,121979,,United States,,,,/market-activity/stocks/bac^n
BAC^O,Bank of America Corporation Depositary shares each representing 1/1000th interest in a share of 4.375% Non-Cumulative Preferred Stock Series NN,$16.50,-0.01,-0.061%,64213,,United States,,,,/market-activity/stocks/bac^o
BAC^P,Bank of America Corporation Depositary Shares each representing a 1/1000th interest in a share of 4.125% Non-Cumulative Preferred Stock Series PP,$15.83,0.02,0.127%,85342,,United States,,,,/market-activity/stocks/bac^p
BAC^Q,Bank of America Corporation Depositary shares each representing 1/1000th interest in a share of 4.250% Non-Cumulative Preferred Stock Series QQ,$16.14,0.02,0.124%,113848,,United States,,,,/market-activity/stocks/bac^q
BAC^S,Bank of America Corporation Depositary shares each representing 1/1000th interest in a share of 4.750% Non-Cumulative Preferred Stock Series SS,$17.87,-0.11,-0.612%,154843,,United States,,,,/market-activity/stocks/bac^s
BAH,Booz Allen Hamilton Holding Corporation Common Stock,$73.17,-2.21,-2.932%,1632539,8801251474.00,United States,2010,Professional Services,Consumer Discretionary,/market-activity/stocks/bah
BAK,Braskem SA ADR,$1.97,0.32,19.394%,4019263,785249716.00,Brazil,,Major Chemicals,Industrials,/market-activity/stocks/bak
BALL,Ball Corporation Common Stock,$63.30,0.53,0.844%,1998187,16755722498.00,United States,,Containers/Packaging,Industrials,/market-activity/stocks/ball
BALY,Bally's Corporation Common Stock,$9.88,0.79,8.691%,122539,498638877.00,United States,2024,Hotels/Resorts,Consumer Discretionary,/market-activity/stocks/baly
BAM,Brookfield Asset Management Inc Class A Limited Voting Shares,$49.67,0.01,0.02%,1617893,79334762684.00,,2022,Building operators,Real Estate,/market-activity/stocks/bam
BANC,Banc of California Inc. Common Stock,$18.85,0.69,3.80%,3060940,2977367472.00,United States,,Major Banks,Finance,/market-activity/stocks/banc
BANC^F,Banc of California Inc. Depositary Shares each representing a 1/40th interest in a share of 7.75% non-cumulative perpetual preferred stock Series F,$25.11,-0.10,-0.397%,22641,,United States,,,,/market-activity/stocks/banc^f
BAP,Credicorp Ltd. Common Stock,$379.56,7.04,1.89%,278707,35823752241.00,Peru,,Commercial Banks,Finance,/market-activity/stocks/bap
BARK,BARK Inc. Class A Common Stock,$10.67,-0.13,-1.204%,74817,96386986.00,United States,2020,Other Specialty Stores,Consumer Discretionary,/market-activity/stocks/bark
BAX,Baxter International Inc. Common Stock,$25.70,0.22,0.863%,4168150,13286797174.00,United States,,Medical/Dental Instruments,Health Care,/market-activity/stocks/bax
BB,BlackBerry Limited Common Stock,$7.61,-0.22,-2.81%,8480979,4459927307.00,Canada,,Computer Software: Prepackaged Software,Technology,/market-activity/stocks/bb
BBAI,BigBear.ai Inc. Common Stock,$2.95,0.00,0.00%,14110004,1414508754.00,United States,2021,Computer Software: Prepackaged Software,Technology,/market-activity/stocks/bbai
BBAR,Banco BBVA Argentina S.A. ADS,$15.26,0.15,0.993%,1303336,3116651935.00,Argentina,,Commercial Banks,Finance,/market-activity/stocks/bbar
BBD,Banco Bradesco Sa American Depositary Shares,$3.45,0.13,3.916%,46174817,38588920094.00,Brazil,,Major Banks,Finance,/market-activity/stocks/bbd
BBDC,Barings BDC Inc. Common Stock,$9.11,-0.19,-2.043%,630937,953879713.00,United States,,Diversified Financial Services,Finance,/market-activity/stocks/bbdc
BBDO,Banco Bradesco Sa American Depositary Shares (each representing one Common Share),$3.08,0.02,0.654%,112671,34450398228.00,Brazil,,Major Banks,Finance,/market-activity/stocks/bbdo
BBN,BlackRock Taxable Municipal Bond Trust Common Shares of Beneficial Interest,$15.68,0.03,0.192%,107208,0.00,United States,2010,Finance Companies,Finance,/market-activity/stocks/bbn
BBT,Beacon Financial Corporation Common stock,$31.27,0.88,2.896%,709293,2620929009.00,United States,,Banks,Finance,/market-activity/stocks/bbt
BBUC,Brookfield Business Corporation Class A Subordinate Voting Shares,$27.12,0.10,0.37%,398899,5638248000.00,,,Engineering & Construction,Consumer Discretionary,/market-activity/stocks/bbuc
BBVA,Banco Bilbao Vizcaya Argentaria S.A. Common Stock,$29.16,0.52,1.816%,974282,166473527292.00,Spain,,Commercial Banks,Finance,/market-activity/stocks/bbva
BBW,Build-A-Bear Workshop Inc. Common Stock,$30.12,-0.28,-0.921%,645435,377627783.00,United States,2004,Recreational Games/Products/Toys,Consumer Discretionary,/market-activity/stocks/bbw
BBWI,Bath & Body Works Inc.,$18.53,-0.08,-0.43%,5261588,3736487650.00,United States,,Other Specialty Stores,Consumer Discretionary,/market-activity/stocks/bbwi
BBY,Best Buy Co. Inc. Common Stock,$87.00,4.37,5.289%,7454048,18336739962.00,United States,,Consumer Electronics/Video Chains,Consumer Discretionary,/market-activity/stocks/bby
BC,Brunswick Corporation Common Stock,$74.45,1.08,1.472%,591749,4824168515.00,United States,,Industrial Machinery/Components,Industrials,/market-activity/stocks/bc
BC^C,Brunswick Corporation 6.375% Notes due 2049,$24.35,-0.02,-0.082%,9073,,United States,,,,/market-activity/stocks/bc^c
BCAT,BlackRock Capital Allocation Term Trust Common Shares of Beneficial Interest,$15.90,0.10,0.633%,413640,1719346500.00,United States,2020,Finance/Investors Services,Finance,/market-activity/stocks/bcat
BCC,Boise Cascade L.L.C. Common Stock,$76.31,0.47,0.62%,294612,2662558995.00,United States,2013,RETAIL: Building Materials,Consumer Discretionary,/market-activity/stocks/bcc
BCE,BCE Inc. Common Stock,$23.40,-0.01,-0.043%,3143602,21821104118.00,Canada,,Telecommunications Equipment,Telecommunications,/market-activity/stocks/bce
BCH,Banco De Chile ADS,$42.38,0.93,2.244%,535221,21405519506.00,Chile,,Commercial Banks,Finance,/market-activity/stocks/bch
BCO,Brinks Company (The) Common Stock,$107.47,-2.55,-2.318%,409679,4426649966.00,United States,,Integrated Freight & Logistics,Industrials,/market-activity/stocks/bco
BCS,Barclays PLC Common Stock,$26.20,0.05,0.191%,4315711,91084903543.00,United Kingdom,,Commercial Banks,Finance,/market-activity/stocks/bcs
BCSF,Bain Capital Specialty Finance Inc. Common Stock,$11.83,-0.07,-0.588%,531269,767394438.00,United States,2018,Finance/Investors Services,Finance,/market-activity/stocks/bcsf
BCSS,Bain Capital GSS Investment Corp. Class A Ordinary Shares,$10.28,0.00,0.00%,114,0.00,,2025,,,/market-activity/stocks/bcss
BCX,BlackRock Resources Common Shares of Beneficial Interest,$13.17,-0.08,-0.604%,142773,1117579992.00,United States,2011,Finance/Investors Services,Finance,/market-activity/stocks/bcx
BDC,Belden Inc Common Stock,$115.76,3.70,3.302%,506830,4523691390.00,United States,,Telecommunications Equipment,Industrials,/market-activity/stocks/bdc
BDJ,Blackrock Enhanced Equity Dividend Trust,$9.88,0.02,0.203%,241257,1747873962.00,United States,2005,Finance Companies,Finance,/market-activity/stocks/bdj
BDN,Brandywine Realty Trust Common Stock,$3.03,0.04,1.338%,1442274,528967998.00,United States,,Real Estate Investment Trusts,Real Estate,/market-activity/stocks/bdn
BDX,Becton Dickinson and Company Common Stock,$187.52,0.40,0.214%,1474464,51077972736.00,United States,,Medical/Dental Instruments,Health Care,/market-activity/stocks/bdx
BE,Bloom Energy Corporation Class A Common Stock,$217.28,3.65,1.709%,9181122,63994901739.00,United States,2018,Industrial Machinery/Components,Energy,/market-activity/stocks/be
BEBE,TGE Value Creative Solutions Corp Class A Ordinary Shares,$9.98,0.00,0.00%,11,128442600.00,,2026,Diversified Commercial Services,Consumer Discretionary,/market-activity/stocks/bebe
BEKE,KE Holdings Inc American Depositary Shares (each representing three Class A Ordinary Shares),$17.94,0.20,1.127%,2228082,20269328057.00,China,2020,Real Estate,Finance,/market-activity/stocks/beke
BEN,Franklin Templeton Inc. Common Stock,$33.01,-0.09,-0.272%,3444962,16771618799.00,United States,,Investment Managers,Finance,/market-activity/stocks/ben
BEP,Brookfield Renewable Partners L.P. Limited Partnership Units,$31.03,-0.24,-0.768%,961824,21106569540.00,Canada,,Electric Utilities: Central,Utilities,/market-activity/stocks/bep
BEP^A,Brookfield Renewable Partners L.P. 5.25% Class A Preferred Limited Partnership Units Series 17,$16.883,0.133,0.794%,11782,,Canada,,,,/market-activity/stocks/bep^a
BEPC,Brookfield Renewable Corporation Brookfield Renewable Corporation Class A Subordinate Voting Shares,$31.38,-0.26,-0.822%,2298243,11826690023.00,United States,,Electric Utilities: Central,Utilities,/market-activity/stocks/bepc
BEPH,Brookfield BRP Holdings (Canada) Inc. 4.625% Perpetual Subordinated Notes,$14.98,-0.03,-0.20%,27773,4301721813.00,Canada,,Electric Utilities: Central,Utilities,/market-activity/stocks/beph
BEPI,Brookfield BRP Holdings (Canada) Inc. 4.875% Perpetual Subordinated Notes,$15.87,-0.03,-0.189%,29313,4557298076.00,Canada,2021,Electric Utilities: Central,Utilities,/market-activity/stocks/bepi
BEPJ,Brookfield BRP Holdings (Canada) Inc. 7.250% Perpetual Subordinated Notes,$23.15,-0.17,-0.729%,9770,6647854471.00,Canada,2024,Electric Utilities: Central,Utilities,/market-activity/stocks/bepj
BETA,Beta Technologies Inc. Class A Common Stock,$20.42,0.78,3.971%,2008245,4777076445.00,United States,2025,Aerospace,Industrials,/market-activity/stocks/beta
BF/A,Brown Forman Corporation,$27.92,0.91,3.369%,142674,,United States,,,,/market-activity/stocks/bf/a
BF/B,Brown Forman Corporation,$27.38,1.02,3.869%,4039417,,United States,,,,/market-activity/stocks/bf/b
BFAM,Bright Horizons Family Solutions Inc. Common Stock,$71.95,-1.12,-1.533%,757847,3499310267.00,United States,2013,Other Consumer Services,Consumer Discretionary,/market-activity/stocks/bfam
BFH,Bread Financial Holdings Inc. Common Stock,$106.48,4.43,4.341%,427203,4090883657.00,United States,,Business Services,Consumer Discretionary,/market-activity/stocks/bfh
BFH^A,Bread Financial Holdings Inc. Depositary Shares each representing a 1/40th interest in a share of 8.625% Non-Cumulative Perpetual Preferred Stock Series A,$24.9404,0.0404,0.162%,5267,,United States,,,,/market-activity/stocks/bfh^a
BFH^B,Bread Financial Holdings Inc. Depositary Shares each representing a 1/40th interest in a share of 8.875% Fixed Rate Reset Non-Cumulative Perpetual Preferred Stock Series B,$24.87,0.04,0.161%,38382,,United States,,,,/market-activity/stocks/bfh^b
BFLY,Butterfly Network Inc. Class A Common Stock,$7.60,-0.58,-7.09%,5349199,2023767391.00,United States,2020,Medical Electronics,Health Care,/market-activity/stocks/bfly
BFS,Saul Centers Inc. Common Stock,$32.64,-0.11,-0.336%,119308,806766177.00,United States,1993,Real Estate Investment Trusts,Real Estate,/market-activity/stocks/bfs
BFS^D,Saul Centers Inc. Depositary Shares each representing 1/100th of a share of 6.125% Series D Cumulative Redeemable Preferred Stock,$20.7999,-0.0001,0.00%,697,,United States,,,,/market-activity/stocks/bfs^d
BFS^E,Saul Centers Inc. Depositary shares each representing a 1/100th fractional interest in a share of 6.000% Series E Cumulative Redeemable Preferred Stock,$20.84,-0.23,-1.092%,1682,,United States,,,,/market-activity/stocks/bfs^e
BG,Bunge Limited Common Shares,$122.86,1.82,1.504%,1764574,23603755452.00,United States,,Packaged Foods,Consumer Staples,/market-activity/stocks/bg
BGB,Blackstone Strategic Credit 2027 Term Fund Common Shares of Beneficial Interest,$11.23,0.03,0.268%,126213,0.00,United States,2012,Trusts Except Educational Religious and Charitable,Finance,/market-activity/stocks/bgb
BGH,Barings Global Short Duration High Yield Fund Common Shares of Beneficial Interests,$14.15,0.00,0.00%,51640,0.00,United States,2012,Investment Managers,Finance,/market-activity/stocks/bgh
BGR,BlackRock Energy and Resources Trust,$17.50,0.07,0.402%,93916,2372758395.00,United States,2004,Trusts Except Educational Religious and Charitable,Finance,/market-activity/stocks/bgr
BGS,B&G Foods Inc. Common Stock,$3.45,-0.04,-1.146%,1630985,280401065.00,United States,,Packaged Foods,Consumer Staples,/market-activity/stocks/bgs
BGSF,BGSF Inc. Common Stock,$5.24,0.08,1.55%,23179,55931660.00,United States,,Professional Services,Consumer Discretionary,/market-activity/stocks/bgsf
BGSI,Boyd Group Services Inc. Common Shares,$85.23,2.63,3.184%,37306,2372499355.00,Canada,,,,/market-activity/stocks/bgsi
BGT,BlackRock Floating Rate Income Trust,$11.11,0.05,0.452%,103661,0.00,United States,2004,Trusts Except Educational Religious and Charitable,Finance,/market-activity/stocks/bgt
BGX,Blackstone Long Short Credit Income Fund Common Shares,$10.73,0.00,0.00%,57875,0.00,,2011,Trusts Except Educational Religious and Charitable,Finance,/market-activity/stocks/bgx
BGY,Blackrock Enhanced International Dividend Trust,$5.86,-0.02,-0.34%,184925,0.00,United States,2007,Trusts Except Educational Religious and Charitable,Finance,/market-activity/stocks/bgy
BH,Biglari Holdings Inc. Class B Common Stock,$393.99,3.98,1.02%,443812,916637435.00,United States,2018,Restaurants,Consumer Discretionary,/market-activity/stocks/bh
BHC,Bausch Health Companies Inc. Common Stock,$6.83,0.36,5.564%,7721036,2554355532.00,Canada,,Biotechnology: Pharmaceutical Preparations,Health Care,/market-activity/stocks/bhc
BHE,Benchmark Electronics Inc. Common Stock,$70.64,0.16,0.227%,323843,2537384067.00,United States,,Electrical Products,Technology,/market-activity/stocks/bhe
BHK,Blackrock Core Bond Trust,$8.93,0.03,0.337%,241207,0.00,United States,2001,Finance Companies,Finance,/market-activity/stocks/bhk
BHP,BHP Group Limited American Depositary Shares (Each representing two Ordinary Shares),$93.43,0.61,0.657%,2121155,237377213546.00,Australia,,Coal Mining,Energy,/market-activity/stocks/bhp
BHR,Braemar Hotels & Resorts Inc. Common Stock,$1.91,-0.02,-1.036%,495414,131177497.00,United States,2013,Real Estate Investment Trusts,Real Estate,/market-activity/stocks/bhr
BHR^B,Braemar Hotels & Resorts Inc. 5.50% Series B Cumulative Convertible Preferred Stock par value $0.01 per share,$13.5601,0.3701,2.806%,29315,,United States,,,,/market-activity/stocks/bhr^b
BHR^D,Braemar Hotels & Resorts Inc. 8.25% Series D Cumulative Preferred Stock  par value $0.01 per share,$17.60,0.50,2.924%,5352,,United States,,,,/market-activity/stocks/bhr^d
BHV,BlackRock Virginia Municipal Bond Trust,$12.57,-0.01,-0.079%,4889,0.00,United States,2002,Finance/Investors Services,Finance,/market-activity/stocks/bhv
BHVN,Biohaven Ltd. Common Shares ,$15.69,-0.05,-0.318%,2679530,2369876924.00,United States,2022,Biotechnology: Pharmaceutical Preparations,Health Care,/market-activity/stocks/bhvn
BIII,Black Spade Acquisition III Co Class A Ordinary Shares,$10.065,0.01,0.099%,652837,0.00,,2026,Blank Checks,Finance,/market-activity/stocks/biii
BILL,BILL Holdings Inc. Common Stock,$48.76,1.14,2.394%,1620329,4158095890.00,United States,2019,Computer Software: Prepackaged Software,Technology,/market-activity/stocks/bill
BIO,Bio-Rad Laboratories Inc. Class A Common Stock,$388.51,7.55,1.982%,285423,10388048369.00,United States,1980,Biotechnology: Laboratory Analytical Instruments,Industrials,/market-activity/stocks/bio
BIO/B,Bio-Rad Laboratories Inc.,$365.08,0.00,0.00%,37,,United States,,,,/market-activity/stocks/bio/b
BIP,Brookfield Infrastructure Partners LP Limited Partnership Units,$36.29,-0.82,-2.21%,950619,16610459096.00,Bermuda,,Marine Transportation,Consumer Discretionary,/market-activity/stocks/bip
BIP^A,Brookfield Infrastructure Partners LP 5.125% Class A Preferred Limited Partnership Units Series 13,$16.92,-0.09,-0.529%,1894,,Bermuda,,,,/market-activity/stocks/bip^a
BIP^B,Brookfield Infrastructure Partners LP 5.000% Class A Preferred Limited Partnership Units Series 14,$16.50,-0.0477,-0.288%,14602,,Bermuda,,,,/market-activity/stocks/bip^b
BIPC,Brookfield Infrastructure Corporation Brookfield Infrastructure Corporation,$36.61,-0.78,-2.086%,1437769,4503601006.00,Canada,,Marine Transportation,Consumer Discretionary,/market-activity/stocks/bipc
BIPH,Brookfield Infrastructure Corporation 5.000% Subordinated Notes due 2081,$15.71,0.04,0.255%,16586,7247713800.00,Canada,2021,Marine Transportation,Consumer Discretionary,/market-activity/stocks/biph
BIPI,BIP Bermuda Holdings I Limited 5.125% Perpetual Subordinated Notes,$16.49,-0.06,-0.363%,24463,156274081.00,Bermuda,2022,Marine Transportation,Consumer Discretionary,/market-activity/stocks/bipi
BIPJ,Brookfield Infrastructure Corporation 7.250% Subordinated Notes due 2084,$24.09,0.30,1.261%,7084,11113776285.00,Canada,2024,Marine Transportation,Consumer Discretionary,/market-activity/stocks/bipj
BIRK,Birkenstock Holding plc Ordinary Shares,$33.79,-0.46,-1.343%,1402991,5579614433.00,,2023,Shoe Manufacturing,Consumer Discretionary,/market-activity/stocks/birk
BIT,BlackRock Multi-Sector Income Trust Common Shares of Beneficial Interest,$11.91,0.02,0.168%,316126,0.00,United States,2013,Trusts Except Educational Religious and Charitable,Finance,/market-activity/stocks/bit
BJ,BJ's Wholesale Club Holdings Inc. Common Stock,$92.75,1.27,1.388%,1650766,11715687683.00,United States,2018,Department/Specialty Retail Stores,Consumer Discretionary,/market-activity/stocks/bj
BKD,Brookdale Senior Living Inc. Common Stock,$11.92,0.02,0.168%,3515559,2846701644.00,United States,2005,Hospital/Nursing Management,Health Care,/market-activity/stocks/bkd
BKE,Buckle Inc. (The) Common Stock,$43.26,0.79,1.86%,585652,2228672400.00,United States,,Clothing/Shoe/Accessory Stores,Consumer Discretionary,/market-activity/stocks/bke
BKH,Black Hills Corporation Common Stock,$72.59,0.19,0.262%,983879,5535215505.00,United States,,Electric Utilities: Central,Utilities,/market-activity/stocks/bkh
BKKT,Bakkt Inc. Class A Common Stock,$7.43,0.17,2.342%,607024,334866073.00,United States,,Finance: Consumer Services,Finance,/market-activity/stocks/bkkt
BKSY,BlackSky Technology Inc. Class A Common Stock,$21.76,0.31,1.445%,558669,890524649.00,United States,2019,Radio And Television Broadcasting And Communications Equipment,Technology,/market-activity/stocks/bksy
BKT,BlackRock Income Trust Inc. (The),$10.26,0.04,0.391%,85567,1526302952.00,United States,,Investment Bankers/Brokers/Service,Finance,/market-activity/stocks/bkt
BKU,BankUnited Inc. Common Stock,$45.44,0.70,1.565%,972268,3236793395.00,United States,2011,Savings Institutions,Finance,/market-activity/stocks/bku
BKV,BKV Corporation Common Stock,$25.12,0.00,0.00%,660430,2749078290.00,United States,2024,Oil & Gas Production,Energy,/market-activity/stocks/bkv
BLCO,Bausch + Lomb Corporation Common Shares,$18.00,0.12,0.671%,358618,6428974428.00,,2022,Ophthalmic Goods,Health Care,/market-activity/stocks/blco
BLDR,Builders FirstSource Inc. Common Stock,$63.09,0.30,0.478%,2257448,6788260472.00,United States,2005,RETAIL: Building Materials,Consumer Discretionary,/market-activity/stocks/bldr
BLK,BlackRock Inc. Common Stock,$1107.08,-21.02,-1.863%,737260,171452659254.00,United States,1999,Investment Bankers/Brokers/Service,Finance,/market-activity/stocks/blk
BLND,Blend Labs Inc. Class A Common Stock,$1.51,-0.04,-2.581%,1383376,357135112.00,United States,2021,Computer Software: Programming Data Processing,Technology,/market-activity/stocks/blnd
BLSH,Bullish Ordinary Shares,$32.64,-0.42,-1.27%,849853,5210689486.00,Cayman Islands,2025,Finance: Consumer Services,Finance,/market-activity/stocks/blsh
BLW,Blackrock Limited Duration Income Trust,$12.64,0.05,0.397%,55552,451390238.00,United States,2003,Other Consumer Services,Consumer Discretionary,/market-activity/stocks/blw
BLX,Bladex Inc. Class E Common Stock,$55.41,1.19,2.195%,142291,2083356102.00,Panama,1992,Commercial Banks,Finance,/market-activity/stocks/blx
BMA,Banco Macro S.A.  ADR (representing Ten Class B Common Shares),$79.07,0.66,0.842%,447300,5055659102.00,Argentina,,Commercial Banks,Finance,/market-activity/stocks/bma
BME,Blackrock Health Sciences Trust,$45.80,0.18,0.395%,46666,610652224.00,United States,2005,Trusts Except Educational Religious and Charitable,Finance,/market-activity/stocks/bme
BMEZ,BlackRock Health Sciences Term Trust Common Shares of Beneficial Interest,$16.87,0.07,0.417%,113464,224928014.00,United States,2020,Trusts Except Educational Religious and Charitable,Finance,/market-activity/stocks/bmez
BMI,Badger Meter Inc. Common Stock,$132.60,0.33,0.249%,321898,3843655912.00,United States,1971,Industrial Machinery/Components,Industrials,/market-activity/stocks/bmi
BML^G,Bank of America Corporation Depositary Shares (Each representing a 1/1200th interest in a share of Floating Rate Non-Cumulative Preferred Stock  Series 1),$18.55,-0.04,-0.215%,4478,,United States,,,,/market-activity/stocks/bml^g
BML^H,Bank of America Corporation Depositary Shares (Each representing a 1/1200th interest in a Share of Floating Rate Non-Cumulative Preferred Stock Series 2),$18.52,-0.02,-0.108%,18755,,United States,,,,/market-activity/stocks/bml^h
BML^J,Bank of America Corporation Depositary Shares (Each representing a 1/1200th interest in a Share of Floating Rate Non-Cumulative Preferred Stock Series 4),$19.62,0.06,0.307%,14015,,United States,,,,/market-activity/stocks/bml^j
BML^L,Bank of America Corporation Depositary Shares (Each representing a 1/1200th Interest in a Share of Floating Rate Non-Cumulative Preferred Stock Series 5),$19.41,-0.02,-0.103%,11113,,United States,,,,/market-activity/stocks/bml^l
BMN,BlackRock 2037 Municipal Target Term Trust Common Shares of Beneficial Interest,$25.79,-0.25,-0.96%,3948,0.00,,2022,Trusts Except Educational Religious and Charitable,Finance,/market-activity/stocks/bmn
BMNP,BitMine Immersion Technologies Inc. 9.5% Series A Perpetual Preferred Stock,$98.20,0.38,0.388%,19107,59236831891.00,,,Finance: Consumer Services,Finance,/market-activity/stocks/bmnp
BMNR,BitMine Immersion Technologies Inc. Common Stock,$23.06,-0.31,-1.326%,26938768,13910400646.00,United States,2025,Finance: Consumer Services,Finance,/market-activity/stocks/bmnr
BMO,Bank Of Montreal Common Stock,$172.82,4.52,2.686%,699879,120480840502.00,Canada,,Commercial Banks,Finance,/market-activity/stocks/bmo
BMY,Bristol-Myers Squibb Company Common Stock,$67.66,0.74,1.106%,7825380,138210073625.00,United States,,Biotechnology: Pharmaceutical Preparations,Health Care,/market-activity/stocks/bmy
BN,Brookfield Corporation Class A Limited Voting Shares,$39.71,-0.03,-0.075%,4397472,97319269197.00,Canada,1925,Building operators,Real Estate,/market-activity/stocks/bn
BNED,Barnes & Noble Education Inc Common Stock,$12.12,0.33,2.799%,170161,420139558.00,United States,2015,Other Specialty Stores,Consumer Discretionary,/market-activity/stocks/bned
BNH,Brookfield Finance Inc. 4.625% Subordinated Notes due October 16 2080,$14.94,-0.06,-0.40%,23888,22526486642.00,Canada,2020,Building operators,Real Estate,/market-activity/stocks/bnh
BNJ,Brookfield Finance Inc. 4.50% Perpetual Subordinated Notes,$14.81,-0.05,-0.336%,21716,22330473037.00,Canada,2020,Building operators,Real Estate,/market-activity/stocks/bnj
BNL,Broadstone Net Lease Inc. Common Stock,$21.02,0.20,0.961%,2268121,4033590250.00,United States,2020,Real Estate Investment Trusts,Real Estate,/market-activity/stocks/bnl
BNS,Bank Nova Scotia Halifax Pfd 3 Ordinary Shares,$93.31,2.12,2.325%,1502859,114471528562.00,Canada,,Major Banks,Finance,/market-activity/stocks/bns
BNT,Brookfield Wealth Solutions Ltd. Class A Exchangeable Limited Voting Shares,$39.86,0.20,0.504%,26796,13473249599.00,,2021,Property-Casualty Insurers,Finance,/market-activity/stocks/bnt
BNY,The Bank of New York Mellon Corporation Common Stock,$162.04,1.53,0.953%,3171372,109944811170.00,United States,,Major Banks,Finance,/market-activity/stocks/bny
BNY^K,The Bank Of New York Mellon Corporation  Depositary Shares each representing a 1/4000th interest in a share of Series K Noncumulative Perpetual Preferred Stock,$25.315,0.085,0.337%,27555,,United States,,,,/market-activity/stocks/bny^k
BOBS,Bob's Discount Furniture Inc. Common Stock,$16.54,0.24,1.472%,463334,2161564237.00,,2026,Other Specialty Stores,Consumer Discretionary,/market-activity/stocks/bobs
BOC,Boston Omaha Corporation Class A Common Stock,$13.80,0.10,0.73%,138180,415746611.00,United States,2022,Real Estate,Finance,/market-activity/stocks/boc
BOE,Blackrock Enhanced Global Dividend Trust Common Shares of Beneficial Interest,$12.45,-0.03,-0.24%,70456,0.00,United States,2005,Trusts Except Educational Religious and Charitable,Finance,/market-activity/stocks/boe
BOH,Bank of Hawaii Corporation Common Stock,$76.51,1.33,1.769%,367843,3018349798.00,United States,,Major Banks,Finance,/market-activity/stocks/boh
BOH^A,Bank of Hawaii Corporation Depositary Shares Each Representing a 1/40th Interest in a Share of 4.375% Fixed Rate Non-Cumulative Perpetual Preferred Stock Series A,$15.275,0.005,0.033%,8327,,United States,,,,/market-activity/stocks/boh^a
BOH^B,Bank of Hawaii Corporation Depositary Shares Each Representing a 1/40th Interest in a Share of 8.000% Fixed Rate Non-Cumulative Perpetual Preferred Stock Series B,$25.84,-0.01,-0.039%,62628,,United States,,,,/market-activity/stocks/boh^b
BOOT,Boot Barn Holdings Inc. Common Stock,$148.66,-0.12,-0.081%,432918,4502144909.00,United States,2014,Clothing/Shoe/Accessory Stores,Consumer Discretionary,/market-activity/stocks/boot
BORR,Borr Drilling Limited Common Shares,$4.81,0.21,4.565%,8070125,1480042171.00,Bermuda,2019,Oil & Gas Production,Energy,/market-activity/stocks/borr
BOW,Bowhead Specialty Holdings Inc. Common Stock,$33.65,0.04,0.119%,236844,1108532118.00,United States,2024,Property-Casualty Insurers,Finance,/market-activity/stocks/bow
BOX,Box Inc. Class A Common Stock,$34.59,-0.57,-1.621%,2204713,4745774738.00,United States,2015,Computer Software: Prepackaged Software,Technology,/market-activity/stocks/box
BP,BP p.l.c. Common Stock,$43.93,-0.54,-1.214%,7761848,115005682516.00,United Kingdom,,Integrated oil Companies,Energy,/market-activity/stocks/bp
BPRE,Bluerock Private Real Estate Fund Common Shares of Beneficial Interest,$12.15,0.13,1.082%,624724,0.00,,2025,,,/market-activity/stocks/bpre
BR,Broadridge Financial Solutions Inc. Common Stock,$178.06,-2.33,-1.292%,1003598,20302721352.00,United States,,Business Services,Consumer Discretionary,/market-activity/stocks/br
BRBR,BellRing Brands Inc. Common Stock ,$10.72,0.41,3.977%,2348022,1246502240.00,United States,2022,Packaged Foods,Consumer Staples,/market-activity/stocks/brbr
BRC,Brady Corporation Common Stock,$90.18,-0.21,-0.232%,454485,4248631402.00,United States,,Miscellaneous manufacturing industries,Consumer Discretionary,/market-activity/stocks/brc
BRCC,BRC Inc. Class A Common Stock,$8.40,0.13,1.572%,126860,210241466.00,United States,2022,Beverages (Production/Distribution),Consumer Staples,/market-activity/stocks/brcc
BRK/A,Berkshire Hathaway Inc.,$758500.00,6408.99,0.852%,256,1115657929000.00,United States,,,,/market-activity/stocks/brk/a
BRK/B,Berkshire Hathaway Inc.,$505.24,2.91,0.579%,3303529,1114716757084.00,United States,,,,/market-activity/stocks/brk/b
BRO,Brown & Brown Inc. Common Stock,$72.04,-0.01,-0.014%,1715442,24105330118.00,United States,,Specialty Insurers,Finance,/market-activity/stocks/bro
BROS,Dutch Bros Inc. Class A Common Stock,$48.13,1.82,3.93%,4395140,8407430991.00,United States,2021,Restaurants,Consumer Discretionary,/market-activity/stocks/bros
BRSL,Brightstar Lottery PLC Trading under the Legal Name to begin at the market open on July 21 2025. Ordinary Shares,$11.17,0.00,0.00%,1345192,2060865000.00,United States,2015,Services-Misc. Amusement & Recreation,Consumer Discretionary,/market-activity/stocks/brsl
BRSP,BrightSpire Capital Inc. Class A Common Stock,$4.69,0.05,1.078%,1090613,593398404.00,United States,2018,Real Estate Investment Trusts,Real Estate,/market-activity/stocks/brsp
BRT,BRT Apartments Corp. (MD) Common Stock,$14.49,0.06,0.416%,51662,272314584.00,United States,,Real Estate Investment Trusts,Real Estate,/market-activity/stocks/brt
BRW,Saba Capital Income & Opportunities Fund SBI,$6.52,0.02,0.308%,243371,0.00,United States,,Trusts Except Educational Religious and Charitable,Finance,/market-activity/stocks/brw
BRX,Brixmor Property Group Inc. Common Stock,$29.40,0.14,0.478%,2988233,9022046090.00,United States,2013,Real Estate Investment Trusts,Real Estate,/market-activity/stocks/brx
BSAC,Banco Santander - Chile ADS,$35.74,0.87,2.495%,367002,16837661430.00,Chile,,Commercial Banks,Finance,/market-activity/stocks/bsac
BSBR,Banco Santander Brasil SA American Depositary Shares each representing one unit,$5.89,0.17,2.972%,6597900,44005356992.00,Brazil,2009,Commercial Banks,Finance,/market-activity/stocks/bsbr
BSL,Blackstone Senior Floating Rate 2027 Term Fund Common Shares of Beneficial Interest,$13.05,0.04,0.307%,34410,0.00,United States,2010,Trusts Except Educational Religious and Charitable,Finance,/market-activity/stocks/bsl
BSM,Black Stone Minerals L.P. Common units representing limited partner interests,$14.94,0.04,0.268%,402203,3177895931.00,United States,2015,Oil & Gas Production,Energy,/market-activity/stocks/bsm
BST,BlackRock Science and Technology Trust Common Shares of Beneficial Interest,$50.21,-0.15,-0.298%,46901,1112544644.00,United States,2014,Finance Companies,Finance,/market-activity/stocks/bst
BSTZ,BlackRock Science and Technology Term Trust Common Shares of Beneficial Interest,$30.68,-0.37,-1.192%,129608,679802224.00,United States,2019,Trusts Except Educational Religious and Charitable,Finance,/market-activity/stocks/bstz
BSX,Boston Scientific Corporation Common Stock,$48.37,0.29,0.603%,17017984,70099232173.00,United States,,Medical/Dental Instruments,Health Care,/market-activity/stocks/bsx
BTE,Baytex Energy Corp Common Shares,$5.07,0.07,1.40%,15876413,3594062160.00,Canada,2023,Oil & Gas Production,Energy,/market-activity/stocks/bte
BTGO,BitGo Holdings Inc. Class A Common Stock,$7.07,0.14,2.02%,1362735,831047548.00,United States,2026,Finance: Consumer Services,Finance,/market-activity/stocks/btgo
BTI,British American Tobacco  Industries p.l.c. Common Stock ADR,$55.68,-0.24,-0.429%,4786345,120707021144.00,United Kingdom,1998, Medicinal Chemicals and Botanical Products ,Health Care,/market-activity/stocks/bti
BTO,John Hancock Financial Opportunities Fund Common Stock,$39.80,0.89,2.287%,20339,0.00,United States,1994,Investment Managers,Finance,/market-activity/stocks/bto
BTT,BlackRock Municipal 2030 Target Term Trust,$22.54,-0.07,-0.31%,52398,0.00,United States,2012,Investment Managers,Finance,/market-activity/stocks/btt
BTU,Peabody Energy Corporation Common Stock ,$29.43,0.33,1.134%,2042753,3587517000.00,United States,2017,Coal Mining,Energy,/market-activity/stocks/btu
BTX,BlackRock Technology and Private Equity Term Trust Common Shares of Beneficial Interest,$8.81,-0.10,-1.122%,468024,2077364293.00,United States,2021,,,/market-activity/stocks/btx
BTZ,BlackRock Credit Allocation Income Trust,$9.98,0.03,0.302%,179538,1079187300.00,United States,2006,Finance/Investors Services,Finance,/market-activity/stocks/btz
BUD,Anheuser-Busch Inbev SA Sponsored ADR (Belgium),$79.02,-0.11,-0.139%,2331119,155837953927.00,Belgium,,Beverages (Production/Distribution),Consumer Staples,/market-activity/stocks/bud
BUI,BlackRock Utility Infrastructure & Power Opportunities Trust,$26.50,0.06,0.227%,90058,0.00,United States,2011,Trusts Except Educational Religious and Charitable,Finance,/market-activity/stocks/bui
BUR,Burford Capital Limited Ordinary Shares,$4.25,0.04,0.95%,2502069,929949262.00,,2020,Finance: Consumer Services,Finance,/market-activity/stocks/bur
BURL,Burlington Stores Inc. Common Stock,$257.07,-5.08,-1.938%,1860414,16147902179.00,United States,2013,Department/Specialty Retail Stores,Consumer Discretionary,/market-activity/stocks/burl
BV,BrightView Holdings Inc. Common Stock,$11.24,0.14,1.261%,807521,1040824000.00,United States,2018,Farming/Seeds/Milling,Consumer Staples,/market-activity/stocks/bv
BVN,Buenaventura Mining Company Inc.,$34.21,0.79,2.364%,940094,8688890720.00,Peru,1996,Metal Mining,Basic Materials,/market-activity/stocks/bvn
BW,Babcock & Wilcox Enterprises Inc. Common Stock,$7.03,0.19,2.778%,3949905,1047224414.00,United States,2015,Building Products,Industrials,/market-activity/stocks/bw
BW^A,Babcock & Wilcox Enterprises Inc. 7.75% Series A Cumulative Perpetual Preferred Stock,$22.24,0.06,0.271%,9566,,United States,,,,/market-activity/stocks/bw^a
BWA,BorgWarner Inc. Common Stock,$65.18,1.64,2.581%,1888413,13274972954.00,United States,,Auto Parts:O.E.M.,Consumer Discretionary,/market-activity/stocks/bwa
BWG,BrandywineGLOBAL Global Income Opportunities Fund Inc.,$7.59,0.01,0.132%,59803,0.00,United States,2012,Finance/Investors Services,Finance,/market-activity/stocks/bwg
BWIV,Blue Water Acquisition Corp. IV Class A Ordinary Shares,$9.91,-0.041,-0.412%,263,0.00,,2026,Blank Checks,Finance,/market-activity/stocks/bwiv
BWLP,BW LPG Limited Common Shares,$24.35,0.14,0.578%,1004607,3878516700.00,,2024,Transportation Services,Consumer Discretionary,/market-activity/stocks/bwlp
BWMX,Betterware de Mexico S.A.P.I. de C.V. Ordinary Shares,$15.50,-0.37,-2.331%,146339,612018322.00,Mexico,,Catalog/Specialty Distribution,Consumer Discretionary,/market-activity/stocks/bwmx
BWXT,BWX Technologies Inc. Common Stock,$155.67,-5.87,-3.634%,935134,14262793627.00,United States,,Industrial Machinery/Components,Industrials,/market-activity/stocks/bwxt
BX,Blackstone Inc. Common Stock,$136.82,0.16,0.117%,2405872,102700528097.00,United States,2007,Investment Managers,Finance,/market-activity/stocks/bx
BXC,Bluelinx Holdings Inc. Common Stock,$75.80,1.03,1.378%,104336,595804449.00,United States,2004,Wholesale Distributors,Consumer Discretionary,/market-activity/stocks/bxc
BXDC,Blackstone Digital Infrastructure Trust Inc. Common Stock,$20.23,-0.07,-0.345%,828369,2036147578.00,,2026,Real Estate,Finance,/market-activity/stocks/bxdc
BXMT,Blackstone Mortgage Trust Inc. Common Stock,$14.02,0.21,1.521%,1483523,2362981146.00,United States,,Real Estate Investment Trusts,Real Estate,/market-activity/stocks/bxmt
BXP,BXP Inc. Common Stock,$67.10,0.04,0.06%,1147135,10713290408.00,United States,1997,Real Estate Investment Trusts,Real Estate,/market-activity/stocks/bxp
BXSL,Blackstone Secured Lending Fund Common Shares of Beneficial Interest,$24.68,0.00,0.00%,1035026,0.00,,2021,Trusts Except Educational Religious and Charitable,Finance,/market-activity/stocks/bxsl
BY,Byline Bancorp Inc. Common Stock,$38.29,0.62,1.646%,656823,1730188022.00,United States,2017,Major Banks,Finance,/market-activity/stocks/by
BYD,Boyd Gaming Corporation Common Stock,$76.70,0.31,0.406%,842473,5572670254.00,United States,1993,Hotels/Resorts,Consumer Discretionary,/market-activity/stocks/byd
BZH,Beazer Homes USA Inc. Common Stock,$33.20,0.00,0.00%,391431,885763484.00,United States,1994,Homebuilding,Consumer Discretionary,/market-activity/stocks/bzh
C,Citigroup Inc. Common Stock,$134.34,1.80,1.358%,7679703,225346857428.00,United States,,Major Banks,Finance,/market-activity/stocks/c
C^N,Citigroup Capital XIII 7.875% Fixed rate Floating Rate trust Preferred Securities (TruPS),$26.46,0.04,0.151%,120946,,United States,,,,/market-activity/stocks/c^n
C^R,Citigroup Inc. Depositary Shares Each Representing a 1/1000th Interest in a Share of 6.250% Noncumulative Preferred Stock Series II,$24.14,0.04,0.166%,182884,,United States,,,,/market-activity/stocks/c^r
CAAP,Corporacion America Airports SA Common Shares,$24.18,1.09,4.721%,214158,3994998950.00,,2018,Aerospace,Consumer Discretionary,/market-activity/stocks/caap
CABO,Cable One Inc. Common Stock,$28.51,4.64,19.439%,355151,161763602.00,United States,2015,Cable & Other Pay Television Services,Telecommunications,/market-activity/stocks/cabo
CACI,CACI International Inc. Class A Common Stock,$614.27,-15.19,-2.413%,406127,13575083822.00,United States,,EDP Services,Technology,/market-activity/stocks/caci
CAF,Morgan Stanley China A Share Fund Inc. Common Stock,$18.95,-0.02,-0.105%,7391,0.00,United States,2006,Investment Managers,Finance,/market-activity/stocks/caf
CAG,ConAgra Brands Inc. Common Stock,$16.18,0.07,0.435%,8489404,7767494108.00,United States,,Packaged Foods,Consumer Staples,/market-activity/stocks/cag
CAH,Cardinal Health Inc. Common Stock,$245.49,6.14,2.565%,1363902,57095015467.00,United States,,Other Pharmaceuticals,Health Care,/market-activity/stocks/cah
CAL,Caleres Inc. Common Stock,$12.23,0.49,4.174%,714085,410802569.00,United States,,Shoe Manufacturing,Consumer Discretionary,/market-activity/stocks/cal
CALX,Calix Inc Common Stock,$37.58,-0.12,-0.318%,1043250,2366186707.00,United States,2010,Telecommunications Equipment,Consumer Discretionary,/market-activity/stocks/calx
CALY,Callaway Golf Company Common Stock,$15.72,0.19,1.223%,1650512,2806185390.00,United States,,Recreational Games/Products/Toys,Consumer Discretionary,/market-activity/stocks/caly
CANG,Cango Inc. Class A Ordinary Shares,$1.87,0.03,1.63%,242011,76711078.00,China,2025,Finance: Consumer Services,Finance,/market-activity/stocks/cang
CAPL,CrossAmerica Partners LP Common Units representing limited partner interests,$23.04,-0.22,-0.946%,5610,879511795.00,United States,2012,Oil Refining/Marketing,Energy,/market-activity/stocks/capl
CARR,Carrier Global Corporation Common Stock ,$57.58,0.33,0.576%,4821699,47464636782.00,United States,2020,Industrial Machinery/Components,Industrials,/market-activity/stocks/carr
CARS,Cars.com Inc. Common Stock ,$11.99,0.40,3.451%,400425,641857241.00,United States,2017,EDP Services,Technology,/market-activity/stocks/cars
CAT,Caterpillar Inc. Common Stock,$792.28,13.12,1.684%,2507636,364191221057.00,United States,,Construction/Ag Equipment/Trucks,Industrials,/market-activity/stocks/cat
CATO,Cato Corporation (The) Class A Common Stock,$2.62,0.01,0.383%,25759,52169306.00,United States,,Clothing/Shoe/Accessory Stores,Consumer Discretionary,/market-activity/stocks/cato
CAVA,CAVA Group Inc. Common Stock,$61.79,0.71,1.162%,2233857,7217454974.00,United States,2023,Restaurants,Consumer Discretionary,/market-activity/stocks/cava
CB,Chubb Limited  Common Stock,$339.42,0.68,0.201%,1736014,130948188142.00,Switzerland,,Property-Casualty Insurers,Finance,/market-activity/stocks/cb
CBAN,Colony Bankcorp Inc. Common Stock,$21.29,0.32,1.526%,117586,451794345.00,United States,,Major Banks,Finance,/market-activity/stocks/cban
CBL,CBL & Associates Properties Inc. Common Stock,$54.49,0.69,1.283%,318676,1686070829.00,United States,2021,Real Estate Investment Trusts,Real Estate,/market-activity/stocks/cbl
CBNA,Chain Bridge Bancorp Inc. Class A Common Stock,$46.80,1.55,3.425%,19482,307093036.00,,2024,Major Banks,Finance,/market-activity/stocks/cbna
CBRE,CBRE Group Inc Common Stock Class A,$142.06,-2.40,-1.661%,2174427,41137066834.00,United States,,Real Estate,Finance,/market-activity/stocks/cbre
CBT,Cabot Corporation Common Stock,$82.84,2.19,2.715%,374462,4277112620.00,United States,,Major Chemicals,Industrials,/market-activity/stocks/cbt
CBU,Community Financial System Inc. Common Stock,$62.99,1.05,1.695%,295203,3314275856.00,United States,,Major Banks,Finance,/market-activity/stocks/cbu
CBZ,CBIZ Inc. Common Stock,$54.46,0.05,0.092%,1578894,2955210850.00,United States,,Business Services,Consumer Discretionary,/market-activity/stocks/cbz
CC,Chemours Company (The) Common Stock,$15.68,0.58,3.841%,1857448,2359824242.00,United States,2015,Major Chemicals,Industrials,/market-activity/stocks/cc
CCI,Crown Castle Inc. Common Stock,$75.38,-0.46,-0.607%,3367049,32070830992.00,United States,,Real Estate Investment Trusts,Real Estate,/market-activity/stocks/cci
CCID,Carlyle Credit Income Fund 7.375% Series D Term Preferred Shares due 2028,$25.00,-0.03,-0.12%,4696,0.00,,,,,/market-activity/stocks/ccid
CCIF,Carlyle Credit Income Fund Shares of Beneficial Interest,$2.695,0.015,0.56%,56355,0.00,,2019,Finance/Investors Services,Finance,/market-activity/stocks/ccif
CCJ,Cameco Corporation Common Stock,$96.38,0.12,0.125%,2526580,41976668420.00,Canada,1996,Other Metals and Minerals,Basic Materials,/market-activity/stocks/ccj
CCK,Crown Holdings Inc.,$117.00,0.34,0.291%,757762,12724979787.00,United States,,Containers/Packaging,Industrials,/market-activity/stocks/cck
CCL,Carnival Corporation Ltd. Common Shares,$23.74,0.51,2.195%,22804109,32515470085.00,United States,1987,Marine Transportation,Consumer Discretionary,/market-activity/stocks/ccl
CCM,Concord Medical Services Holdings Limited American Depositary Shares (Each represents thirty (30) Class A ordinary shares),$4.65,0.13,2.876%,90035,20189012.00,China,2024,Medical/Nursing Services,Health Care,/market-activity/stocks/ccm
CCO,Clear Channel Outdoor Holdings Inc. Common Stock,$2.36,-0.01,-0.422%,2733785,1201461474.00,United States,2005,Advertising,Consumer Discretionary,/market-activity/stocks/cco
CCS,Century Communities Inc. Common Stock,$63.63,-1.23,-1.896%,332176,1809185427.00,United States,2014,Homebuilding,Consumer Discretionary,/market-activity/stocks/ccs
CCU,Compania Cervecerias Unidas S.A. Common Stock,$11.71,0.25,2.182%,227588,2163439316.00,Chile,,Beverages (Production/Distribution),Consumer Staples,/market-activity/stocks/ccu
CCZ,Comcast Holdings ZONES,$66.4499,0.00,0.00%,17,235806545412.00,United States,,Cable & Other Pay Television Services,Telecommunications,/market-activity/stocks/ccz
CDE,Coeur Mining Inc. Common Stock,$21.42,1.22,6.04%,35908003,22018367657.00,United States,,Precious Metals,Basic Materials,/market-activity/stocks/cde
CDLR,Cadeler A/S American Depositary Share (each representing four (4) Ordinary Shares),$24.87,-0.33,-1.31%,57835,2399727116.00,,2023,Marine Transportation,Consumer Discretionary,/market-activity/stocks/cdlr
CDP,COPT Defense Properties Common Shares of Beneficial Interest,$35.46,-0.06,-0.169%,1528343,4021534841.00,United States,,Real Estate Investment Trusts,Real Estate,/market-activity/stocks/cdp
CDR^B,Cedar Realty Trust Inc. 7.25% Series B Cumulative Redeemable Preferred Stock,$16.25,0.00,0.00%,2256,,United States,,,,/market-activity/stocks/cdr^b
CDR^C,Cedar Realty Trust Inc. 6.50% Series C Cumulative Redeemable Preferred Stock,$15.4236,0.0736,0.479%,8515,,United States,,,,/market-activity/stocks/cdr^c
CDRE,Cadre Holdings Inc. Common Stock,$28.61,0.16,0.562%,521898,1225101200.00,United States,2021,Industrial Specialties,Health Care,/market-activity/stocks/cdre
CE,Celanese Corporation Common Stock,$46.66,2.53,5.733%,2394618,5120884887.00,United States,2005,Major Chemicals,Industrials,/market-activity/stocks/ce
CEE,The Central and Eastern Europe Fund Inc. (The) Common Stock,$19.90,0.10,0.505%,5953,0.00,United States,,Finance Companies,Finance,/market-activity/stocks/cee
CEPU,Central Puerto S.A. American Depositary Shares (each represents ten Common Shares),$14.32,0.47,3.394%,275708,2167718955.00,,2018,Electric Utilities: Central,Utilities,/market-activity/stocks/cepu
CF,CF Industries Holdings Inc. Common Stock,$139.27,3.67,2.706%,4508447,21076861365.00,United States,2005,Agricultural Chemicals,Industrials,/market-activity/stocks/cf
CFG,Citizens Financial Group Inc. Common Stock,$69.78,1.62,2.377%,5055697,29389716267.00,United States,2014,Major Banks,Finance,/market-activity/stocks/cfg
CFG^E,Citizens Financial Group Inc. Depositary Shares Each Representing 1/40th Interest in a Share of 5.000% Fixed-Rate Non-Cumulative Perpetual Preferred Stock Series E,$18.18,-0.02,-0.11%,48753,,United States,,,,/market-activity/stocks/cfg^e
CFG^H,Citizens Financial Group Inc. Depositary Shares Each Representing a 1/40th Interest in a Share of 7.375% Fixed-Rate Non-Cumulative Perpetual Preferred Stock Series H,$25.87,0.00,0.00%,20836,,United States,,,,/market-activity/stocks/cfg^h
CFG^I,Citizens Financial Group Inc. Depositary Shares Each Representing a 1/40th Interest in a Share of 6.500% Fixed-Rate Reset Non-Cumulative Perpetual Preferred Stock Series I,$24.805,0.005,0.02%,19754,,United States,,,,/market-activity/stocks/cfg^i
CFND,C1 Fund Inc. Common Stock,$2.84,0.11,4.029%,175228,0.00,,2025,,,/market-activity/stocks/cfnd
CFR,Cullen/Frost Bankers Inc. Common Stock,$161.66,3.34,2.11%,431734,10046972583.00,United States,,Major Banks,Finance,/market-activity/stocks/cfr
CFR^B,Cullen/Frost Bankers Inc. Depositary Shares each representing a 1/40th ownership interest in a share of 4.450% non-cumulative perpetual preferred stock Series B,$16.48,0.13,0.795%,20559,,United States,,,,/market-activity/stocks/cfr^b
CFTR^A,Cantor Fitzgerald Income Trust Inc. 9.50% Series A Cumulative Redeemable Preferred Stock,$25.07,-0.18,-0.713%,11985,,,,,,/market-activity/stocks/cftr^a
CGAU,Centerra Gold Inc. Common Shares,$22.26,0.48,2.204%,1474913,4445551745.00,Canada,2021,Precious Metals,Basic Materials,/market-activity/stocks/cgau
CHCT,Community Healthcare Trust Incorporated Common Stock,$14.90,0.01,0.067%,252881,426942246.00,United States,2015,Real Estate Investment Trusts,Real Estate,/market-activity/stocks/chct
CHD,Church & Dwight Company Inc. Common Stock,$99.32,-0.11,-0.111%,1503565,23559092043.00,United States,,Package Goods/Cosmetics,Consumer Discretionary,/market-activity/stocks/chd
CHE,Chemed Corp,$523.99,8.82,1.712%,130014,6848528864.00,United States,,Medical/Nursing Services,Health Care,/market-activity/stocks/che
CHGG,Chegg Inc. Common Stock,$0.8273,0.0343,4.325%,1033798,91853036.00,United States,2013,Other Consumer Services,Real Estate,/market-activity/stocks/chgg
CHH,Choice Hotels International Inc. Common Stock,$100.40,2.28,2.324%,416891,4536015776.00,United States,,Hotels/Resorts,Consumer Discretionary,/market-activity/stocks/chh
CHMI,Cherry Hill Mortgage Investment Corporation Common Stock,$2.93,0.00,0.00%,409488,108255864.00,,2013,Real Estate Investment Trusts,Real Estate,/market-activity/stocks/chmi
CHMI^A,Cherry Hill Mortgage Investment Corporation 8.20% Series A Cumulative Redeemable Preferred Stock,$21.91,-0.18,-0.815%,2497,,,,,,/market-activity/stocks/chmi^a
CHMI^B,Cherry Hill Mortgage Investment Corporation 8.250% Series B Fixed-to-Floating Rate Cumulative Redeemable Preferred Stock,$23.83,-0.1602,-0.668%,3666,,,,,,/market-activity/stocks/chmi^b
CHPT,ChargePoint Holdings Inc. Common Stock,$5.19,-0.11,-2.075%,1631237,134408705.00,United States,2019,Industrial Machinery/Components,Miscellaneous,/market-activity/stocks/chpt
CHT,Chunghwa Telecom Co. Ltd.,$43.48,0.24,0.555%,183275,33729377556.00,Taiwan,,Telecommunications Equipment,Telecommunications,/market-activity/stocks/cht
CHWY,Chewy Inc. Class A Common Stock,$24.17,0.45,1.897%,7281122,9895783083.00,United States,2019,Catalog/Specialty Distribution,Consumer Discretionary,/market-activity/stocks/chwy
CI,The Cigna Group Common Stock,$282.84,-0.22,-0.078%,1493014,74737779060.00,United States,,Medical Specialities,Health Care,/market-activity/stocks/ci
CIA,Citizens Inc. Class A Common Stock ($1.00 Par),$3.89,0.08,2.10%,141923,197001690.00,United States,1994,Life Insurance,Finance,/market-activity/stocks/cia
CIB,Grupo Cibest S.A. American Depositary Shares each representing four Preferred Shares,$98.43,2.18,2.265%,351329,23456229844.00,Colombia,2025,Commercial Banks,Finance,/market-activity/stocks/cib
CICB,CION Investment Corporation 7.50% Notes due 2029,$25.09,-0.04,-0.159%,7163,0.00,United States,2024,Finance/Investors Services,Finance,/market-activity/stocks/cicb
CICC,CION Investment Corporation 7.50% Notes due 2031,$24.99,-0.06,-0.24%,187,0.00,United States,2026,Finance/Investors Services,Finance,/market-activity/stocks/cicc
CIEN,Ciena Corporation Common Stock,$354.16,-6.17,-1.712%,2870726,50132382856.00,United States,1997,Telecommunications Equipment,Utilities,/market-activity/stocks/cien
CIG,Comp En De Mn Cemig ADS American Depositary Shares,$2.13,0.07,3.398%,5146695,6095595436.00,Brazil,,Electric Utilities: Central,Utilities,/market-activity/stocks/cig
CII,BlackRock Enhanced Large Cap Core Fund Inc. Common Stock,$24.60,0.19,0.778%,71280,3659556787.00,United States,2004,Investment Bankers/Brokers/Service,Finance,/market-activity/stocks/cii
CIM,Chimera Investment Corporation Common Stock,$11.48,0.18,1.593%,585882,961011671.00,United States,2007,Real Estate Investment Trusts,Real Estate,/market-activity/stocks/cim
CIM^A,Chimera Investment Corporation 8.00% Series A Cumulative Redeemable Preferred Stock,$21.44,-0.01,-0.047%,5972,,United States,,,,/market-activity/stocks/cim^a
CIM^B,Chimera Investment Corporation 8.00% Series B Fixed-to-Floating Rate Cumulative Redeemable Preferred Stock,$24.0448,-0.1052,-0.436%,11945,,United States,,,,/market-activity/stocks/cim^b
CIM^C,Chimera Investment Corporation 7.75% Series C Fixed-to-Floating Rate  Cumulative Redeemable  Preferred Stock,$22.69,-0.038,-0.167%,16361,,United States,,,,/market-activity/stocks/cim^c
CIM^D,Chimera Investment Corporation 8.00% Series D Fixed-to-Floating Rate Cumulative Redeemable Preferred Stock,$23.88,-0.08,-0.334%,3897,,United States,,,,/market-activity/stocks/cim^d
CIMN,Chimera Investment Corporation 9.000% Senior Notes due 2029,$25.2448,0.0049,0.019%,2460,2032981314.00,United States,2024,Real Estate Investment Trusts,Real Estate,/market-activity/stocks/cimn
CIMO,Chimera Investment Corporation 9.250% Senior Notes due 2029,$25.31,0.035,0.138%,4002,0.00,United States,2024,Real Estate Investment Trusts,Real Estate,/market-activity/stocks/cimo
CIMP,Chimera Investment Corporation 8.875% Senior Notes due 2030,$25.20,-0.03,-0.119%,3298,0.00,United States,2025,Real Estate Investment Trusts,Real Estate,/market-activity/stocks/cimp
CINT,CI&T Inc Class A Common Shares,$3.50,0.11,3.245%,214278,451114136.00,,2021,EDP Services,Technology,/market-activity/stocks/cint
CION,CION Investment Corporation Common Stock,$7.45,0.03,0.404%,247526,366560145.00,United States,2021,Finance/Investors Services,Finance,/market-activity/stocks/cion
CL,Colgate-Palmolive Company Common Stock,$90.10,0.47,0.524%,4117855,71825271893.00,United States,,Package Goods/Cosmetics,Consumer Discretionary,/market-activity/stocks/cl
CLB,Core Laboratories Inc. Common Stock,$12.49,0.10,0.807%,453101,573097930.00,Netherlands,2023,Oilfield Services/Equipment,Energy,/market-activity/stocks/clb
CLBR,Colombier Acquisition Corp. III Class A Ordinary Shares,$10.24,-0.01,-0.098%,191309,0.00,,2026,,,/market-activity/stocks/clbr
CLDT,Chatham Lodging Trust (REIT) Common Shares of Beneficial Interest,$13.14,0.06,0.459%,194768,611872168.00,United States,2010,Real Estate Investment Trusts,Real Estate,/market-activity/stocks/cldt
CLDT^A,Chatham Lodging Trust (REIT) 6.625% Series A Cumulative Redeemable Preferred Shares of Beneficial Interest,$20.3477,0.1177,0.582%,19732,,United States,,,,/market-activity/stocks/cldt^a
CLF,Cleveland-Cliffs Inc. Common Stock,$12.42,0.88,7.626%,17234553,7086107384.00,United States,,Metal Mining,Basic Materials,/market-activity/stocks/clf
CLH,Clean Harbors Inc. Common Stock,$315.22,-0.03,-0.01%,494739,16639596315.00,United States,,Environmental Services,Industrials,/market-activity/stocks/clh
CLPR,Clipper Realty Inc. Common Stock,$3.26,0.01,0.308%,37464,52673665.00,United States,2017,Real Estate Investment Trusts,Real Estate,/market-activity/stocks/clpr
CLS,Celestica Inc. Common Stock,$277.77,-14.82,-5.065%,3252659,31936079931.00,Canada,1998,Electrical Products,Technology,/market-activity/stocks/cls
CLVT,Clarivate Plc Ordinary Shares,$2.06,0.02,0.98%,2253816,1317707846.00,United Kingdom,2019,EDP Services,Technology,/market-activity/stocks/clvt
CLW,Clearwater Paper Corporation Common Stock,$20.92,0.15,0.722%,169883,337392823.00,United States,,Paper,Basic Materials,/market-activity/stocks/clw
CLX,Clorox Company (The) Common Stock,$94.27,-0.70,-0.737%,2589011,11400165841.00,United States,,Specialty Chemicals,Consumer Discretionary,/market-activity/stocks/clx
CM,Canadian Imperial Bank of Commerce Common Stock,$115.66,3.24,2.882%,844486,105014206921.00,Canada,,Commercial Banks,Finance,/market-activity/stocks/cm
CMBT,CMB.TECH NV Ordinary Shares,$18.75,0.48,2.627%,2228467,5924580881.00,,2015,Marine Transportation,Consumer Discretionary,/market-activity/stocks/cmbt
CMC,Commercial Metals Company Common Stock,$69.15,2.01,2.994%,1277842,7649672765.00,United States,,Steel/Iron Ore,Industrials,/market-activity/stocks/cmc
CMCM,Cheetah Mobile Inc. American Depositary Shares each representing fifty (50) Class A Ordinary Shares,$3.24,0.03,0.935%,9259,101009715.00,China,2022,Computer Software: Prepackaged Software,Technology,/market-activity/stocks/cmcm
CMDB,Costamare Bulkers Holdings Limited Common Stock,$21.50,1.05,5.134%,80549,519880148.00,,2025,Marine Transportation,Consumer Discretionary,/market-activity/stocks/cmdb
CMG,Chipotle Mexican Grill Inc. Common Stock,$38.52,1.01,2.693%,11656670,48743901360.00,United States,2006,Restaurants,Consumer Discretionary,/market-activity/stocks/cmg
CMI,Cummins Inc. Common Stock,$550.90,-0.25,-0.045%,1375332,75839365888.00,United States,,Industrial Machinery/Components,Industrials,/market-activity/stocks/cmi
CMP,Compass Minerals Intl Inc Common Stock,$25.59,1.16,4.748%,470948,1074290566.00,United States,2003,Mining & Quarrying of Nonmetallic Minerals (No Fuels),Industrials,/market-activity/stocks/cmp
CMRE,Costamare Inc. Common Stock $0.0001 par value,$15.44,0.07,0.455%,375420,1861890439.00,Greece,2010,Marine Transportation,Consumer Discretionary,/market-activity/stocks/cmre
CMRE^B,Costamare Inc. Perpetual Preferred Stock Series B (Marshall Islands),$25.40,0.05,0.197%,2687,,Greece,,,,/market-activity/stocks/cmre^b
CMRE^C,Costamare Inc. Perpetual Preferred Series C (Marshall Islands),$26.7278,-0.0922,-0.344%,3457,,Greece,,,,/market-activity/stocks/cmre^c
CMRE^D,Costamare Inc. 8.75% Series D Cumulative Redeemable Perpetual Preferred Stock,$26.7137,-0.1263,-0.471%,1957,,Greece,,,,/market-activity/stocks/cmre^d
CMS,CMS Energy Corporation Common Stock,$68.06,0.10,0.147%,2798795,21342059876.00,United States,,Power Generation,Utilities,/market-activity/stocks/cms
CMS^B,CMS Energy Corporation Preferred Stock,$75.91,0.00,0.00%,286,,United States,,,,/market-activity/stocks/cms^b
CMS^C,CMS Energy Corporation Depositary Shares each representing a 1/1000th interest in a share of 4.200% Cumulative Redeemable Perpetual Preferred Stock Series C,$16.0651,0.0251,0.156%,26900,,United States,,,,/market-activity/stocks/cms^c
CMSA,CMS Energy Corporation 5.625% Junior Subordinated Notes due 2078,$19.68,-0.03,-0.152%,28457,5890921872.00,United States,2018,Power Generation,Utilities,/market-activity/stocks/cmsa
CMSC,CMS Energy Corporation 5.875% Junior Subordinated Notes due 2078,$21.03,0.04,0.191%,23792,6295024745.00,United States,2018,Power Generation,Utilities,/market-activity/stocks/cmsc
CMSD,CMS Energy Corporation 5.875% Junior Subordinated Notes due 2079,$20.79,0.01,0.048%,57218,6223184234.00,United States,2019,Power Generation,Utilities,/market-activity/stocks/cmsd
CMTG,Claros Mortgage Trust Inc. Common Stock,$1.52,0.05,3.401%,629338,214447993.00,United States,2021,Real Estate,Finance,/market-activity/stocks/cmtg
CNA,CNA Financial Corporation Common Stock,$48.56,-0.12,-0.247%,630808,13140381064.00,United States,,Property-Casualty Insurers,Finance,/market-activity/stocks/cna
CNC,Centene Corporation Common Stock,$67.34,2.11,3.235%,4829045,33265623300.00,United States,,Medical Specialities,Health Care,/market-activity/stocks/cnc
CNF,CNFinance Holdings Limited American Depositary Shares each representing two hundred (200) Ordinary Shares,$2.20,-0.0499,-2.218%,4098,39155347.00,,,Finance: Consumer Services,Finance,/market-activity/stocks/cnf
CNH,CNH Industrial N.V. Common Shares,$13.65,1.15,9.20%,53804980,16894959327.00,United Kingdom,2013,Construction/Ag Equipment/Trucks,Industrials,/market-activity/stocks/cnh
CNI,Canadian National Railway Company Common Stock,$121.45,1.03,0.855%,1643562,73367945000.00,Canada,,Railroads,Industrials,/market-activity/stocks/cni
CNK,Cinemark Holdings Inc Cinemark Holdings Inc. Common Stock,$35.19,0.41,1.179%,3660162,4078938177.00,United States,2007,Movies/Entertainment,Consumer Discretionary,/market-activity/stocks/cnk
CNM,Core & Main Inc. Class A Common Stock,$43.77,1.70,4.041%,2885489,8470371932.00,United States,2021,Durable Goods,Consumer Discretionary,/market-activity/stocks/cnm
CNMD,CONMED Corporation Common Stock,$49.43,0.31,0.631%,299291,1480490189.00,United States,1987,Biotechnology: Electromedical & Electrotherapeutic Apparatus,Health Care,/market-activity/stocks/cnmd
CNNE,Cannae Holdings Inc. Common Stock,$15.79,0.35,2.267%,542892,684879044.00,United States,2017,Restaurants,Consumer Discretionary,/market-activity/stocks/cnne
CNO,CNO Financial Group Inc. Common Stock,$55.32,0.78,1.43%,1044152,5118282244.00,United States,,Accident &Health Insurance,Finance,/market-activity/stocks/cno
CNO^A,CNO Financial Group Inc. 5.125% Subordinated Debentures due 2060,$16.19,-0.11,-0.675%,868,,United States,,,,/market-activity/stocks/cno^a
CNP,CenterPoint Energy Inc (Holding Co) Common Stock,$39.51,0.04,0.101%,5072459,26026038579.00,United States,,Electric Utilities: Central,Utilities,/market-activity/stocks/cnp
CNQ,Canadian Natural Resources Limited Common Stock,$51.81,0.00,0.00%,5464961,107186600400.00,Canada,,Oil & Gas Production,Energy,/market-activity/stocks/cnq
CNR,Core Natural Resources Inc. Common Stock,$102.66,1.42,1.403%,381622,5095658144.00,United States,2017,Coal Mining,Energy,/market-activity/stocks/cnr
CNS,Cohen & Steers Inc Common Stock,$77.23,-0.26,-0.336%,286364,3971284994.00,United States,2004,Investment Managers,Finance,/market-activity/stocks/cns
CNX,CNX Resources Corporation Common Stock,$37.58,0.02,0.053%,1935660,5559721878.00,United States,1999,Oil & Gas Production,Energy,/market-activity/stocks/cnx
CODI,D/B/A Compass Diversified Holdings Shares of Beneficial Interest,$11.56,0.14,1.226%,434121,869727767.00,United States,2006,Home Furnishings,Consumer Discretionary,/market-activity/stocks/codi
CODI^A,Compass Diversified Holdings 7.250% Series A Preferred Shares representing beneficial interest in Compass Diversified Holdings,$19.75,-0.055,-0.278%,5040,,United States,,,,/market-activity/stocks/codi^a
CODI^B,Compass Diversified Holdings 7.875% Series B Fixed-to-Floating Rate Cumulative Preferred Shares representing beneficial interests in Compass Diversified Holdings,$22.24,-0.03,-0.135%,6634,,United States,,,,/market-activity/stocks/codi^b
CODI^C,Compass Diversified Holdings 7.875% Series C Cumulative Preferred Shares,$22.069,-0.061,-0.276%,9128,,United States,,,,/market-activity/stocks/codi^c
COF,Capital One Financial Corporation Common Stock,$216.60,5.26,2.489%,4044522,132880815478.00,United States,1994,Major Banks,Finance,/market-activity/stocks/cof
COF^I,Capital One Financial Corporation Depositary shares each representing a 1/40th interest in a share of Fixed Rate Non-Cumulative Perpetual Preferred Stock Series I of the Issuer,$17.45,0.09,0.518%,147438,,United States,,,,/market-activity/stocks/cof^i
COF^J,Capital One Financial Corporation Depositary Shares Each Representing a 1/40th Interest in a Share of Fixed Rate Non- Cumulative Perpetual Preferred Stock Series J,$16.72,0.05,0.30%,94732,,United States,,,,/market-activity/stocks/cof^j
COF^K,Capital One Financial Corporation Depositary Shares Each Representing a 1/40th Ownership Interest in a Share of Fixed Rate Non-Cumulative Perpetual Preferred Stock Series K,$16.06,0.01,0.062%,4389,,United States,,,,/market-activity/stocks/cof^k
COF^L,Capital One Financial Corporation Depositary Shares Each Representing a 1/40th Interest in a Share of Fixed Rate Non-Cumulative Perpetual Preferred Stock Series L,$15.25,0.02,0.131%,65368,,United States,,,,/market-activity/stocks/cof^l
COF^N,Capital One Financial Corporation Depositary Shares Each Representing a 1/40th Ownership Interest in a Share of Fixed Rate Non-Cumulative Perpetual Preferred Stock Series N,$15.07,-0.02,-0.133%,21463,,United States,,,,/market-activity/stocks/cof^n
COHR,Coherent Corp. Common Stock,$268.64,-3.39,-1.246%,4189540,52608374565.00,United States,,Electronic Components,Technology,/market-activity/stocks/cohr
COLD,Americold Realty Trust Inc. Common Stock,$14.59,-0.15,-1.018%,2996123,4165161239.00,United States,2018,Real Estate Investment Trusts,Real Estate,/market-activity/stocks/cold
COMP,Compass Inc. Class A Common Stock,$10.59,0.26,2.517%,13128783,8022160066.00,United States,2021,Real Estate,Finance,/market-activity/stocks/comp
CON,Concentra Group Holdings Parent Inc. Common Stock,$34.03,0.14,0.413%,658458,4339428556.00,United States,2024,Medical Specialities,Health Care,/market-activity/stocks/con
COOK,Traeger Inc. Common Stock,$51.41,-1.91,-3.582%,26404,143856696.00,United States,2021,Consumer Electronics/Appliances,Consumer Discretionary,/market-activity/stocks/cook
COP,ConocoPhillips Common Stock,$137.20,1.01,0.742%,6020842,164823502119.00,United States,,Integrated oil Companies,Energy,/market-activity/stocks/cop
COPL,Copley Acquisition Corp Ordinary Shares,$10.52,0.00,0.00%,41,0.00,,2025,,,/market-activity/stocks/copl
COR,Cencora Inc. Common Stock,$336.36,5.39,1.629%,1398347,64186625219.00,United States,,Other Pharmaceuticals,Health Care,/market-activity/stocks/cor
COSO,CoastalSouth Bancshares Inc. Common Stock,$27.20,0.01,0.037%,151689,325160931.00,United States,2025,Major Banks,Finance,/market-activity/stocks/coso
COTY,Coty Inc. Class A Common Stock,$2.90,0.06,2.113%,5868053,2553990746.00,United States,2013,Package Goods/Cosmetics,Consumer Discretionary,/market-activity/stocks/coty
COUR,Coursera Inc. Common Stock,$6.11,-0.07,-1.133%,3939613,1615484000.00,United States,2021,Computer Software: Prepackaged Software,Technology,/market-activity/stocks/cour
CP,Canadian Pacific Kansas City Limited Common Shares,$89.54,0.57,0.641%,2667296,79893309337.00,Canada,,Railroads,Industrials,/market-activity/stocks/cp
CPA,Copa Holdings S.A. Class A Common Stock,$128.88,3.39,2.701%,145198,5301936711.00,Panama,2005,Air Freight/Delivery Services,Consumer Discretionary,/market-activity/stocks/cpa
CPAC,Cementos Pacasmayo S.A.A. American Depositary Shares (Each representing five Common Shares),$12.59,0.22,1.778%,20238,1067300757.00,Peru,,Building Materials,Industrials,/market-activity/stocks/cpac
CPAY,Corpay Inc. Common Stock,$416.40,11.59,2.863%,494798,27340657024.00,United States,,Business Services,Consumer Discretionary,/market-activity/stocks/cpay
CPF,Central Pacific Financial Corp New,$37.56,0.67,1.816%,178790,967073546.00,United States,,Major Banks,Finance,/market-activity/stocks/cpf
CPK,Chesapeake Utilities Corporation Common Stock,$130.86,-1.44,-1.088%,218221,3154570701.00,United States,,Oil & Gas Production,Utilities,/market-activity/stocks/cpk
CPNG,Coupang Inc. Class A Common Stock,$15.97,0.17,1.076%,7756897,28706261881.00,United States,2021,Catalog/Specialty Distribution,Consumer Discretionary,/market-activity/stocks/cpng
CPRI,Capri Holdings Limited Ordinary Shares,$12.71,-0.08,-0.625%,4587775,1444512065.00,Hong Kong,2011,Apparel,Consumer Discretionary,/market-activity/stocks/cpri
CPS,Cooper-Standard Holdings Inc. Common Stock,$25.75,0.50,1.98%,514590,457557106.00,United States,,Auto Parts:O.E.M.,Consumer Discretionary,/market-activity/stocks/cps
CPT,Camden Property Trust Common Stock,$105.54,-0.42,-0.396%,786047,10610922999.00,United States,1993,Real Estate Investment Trusts,Real Estate,/market-activity/stocks/cpt
CQP,Cheniere Energy Partners LP Common Units,$71.22,0.90,1.28%,139834,34474589679.00,United States,2007,Oil/Gas Transmission,Utilities,/market-activity/stocks/cqp
CR,Crane Company Common Stock,$199.10,-0.91,-0.455%,377156,11508050880.00,United States,2023,Metal Fabrications,Industrials,/market-activity/stocks/cr
CRBD,Corebridge Financial Inc. 6.375% Junior Subordinated Notes due 2064,$21.00,0.03,0.143%,48779,0.00,United States,2024,Life Insurance,Finance,/market-activity/stocks/crbd
CRBG,Corebridge Financial Inc. Common Stock,$33.54,1.37,4.259%,4024304,14951210388.00,United States,2022,Life Insurance,Finance,/market-activity/stocks/crbg
CRC,California Resources Corporation Common Stock,$53.57,-0.31,-0.575%,641095,4758081668.00,United States,2020,Oil & Gas Production,Energy,/market-activity/stocks/crc
CRCL,Circle Internet Group Inc. Class A Common Stock,$88.64,-0.84,-0.939%,8368610,22503558092.00,United States,2025,Finance: Consumer Services,Finance,/market-activity/stocks/crcl
CRD/A,Crawford & Company,$13.24,0.39,3.035%,67986,,United States,,,,/market-activity/stocks/crd/a
CRD/B,Crawford & Company,$12.05,0.06,0.50%,8984,,United States,,,,/market-activity/stocks/crd/b
CRGY,Crescent Energy Company Class A Common Stock,$14.27,0.20,1.421%,6212439,4714860742.00,United States,2021,Oil & Gas Production,Energy,/market-activity/stocks/crgy
CRH,CRH PLC Ordinary Shares,$92.67,1.47,1.612%,5462045,62027685163.00,Ireland,,Building Materials,Industrials,/market-activity/stocks/crh
CRI,Carter's Inc. Common Stock,$32.41,0.41,1.281%,1167866,1189809506.00,United States,2003,Apparel,Consumer Discretionary,/market-activity/stocks/cri
CRK,Comstock Resources Inc. Common Stock,$15.54,-0.48,-2.996%,4763076,4562863316.00,United States,,Oil & Gas Production,Energy,/market-activity/stocks/crk
CRL,Charles River Laboratories International Inc. Common Stock,$291.76,9.42,3.336%,606604,13928293295.00,United States,2000,Biotechnology: Commercial Physical & Biological Resarch,Health Care,/market-activity/stocks/crl
CRM,Salesforce Inc. Common Stock,$256.93,-1.18,-0.457%,14393733,211453390000.00,United States,2004,Computer Software: Prepackaged Software,Technology,/market-activity/stocks/crm
CRS,Carpenter Technology Corporation Common Stock,$460.97,-12.09,-2.556%,1094456,22845012169.00,United States,,Steel/Iron Ore,Industrials,/market-activity/stocks/crs
CRT,Cross Timbers Royalty Trust Common Stock,$10.58,0.05,0.475%,9156,63480000.00,United States,1992,Oil & Gas Production,Energy,/market-activity/stocks/crt
CSAN,Cosan S.A. ADS,$2.91,-0.08,-2.676%,2615886,2885680353.00,Brazil,2021,Retail-Auto Dealers and Gas Stations,Consumer Discretionary,/market-activity/stocks/csan
CSL,Carlisle Companies Incorporated Common Stock,$341.93,7.08,2.114%,616283,13579453497.00,United States,,Specialty Chemicals,Industrials,/market-activity/stocks/csl
CSQR,Csquare Inc. Common Stock,$18.00,-0.35,-1.907%,1182058,2999411712.00,,2026,Computer Software: Programming Data Processing,Technology,/market-activity/stocks/csqr
CSR,D/B/A Centerspace Common Stock,$52.78,0.39,0.744%,134264,886395290.00,United States,,Real Estate Investment Trusts,Real Estate,/market-activity/stocks/csr
CSTM,Constellium SE Ordinary Shares (France),$26.60,-0.31,-1.152%,1551544,3605037565.00,Netherlands,2013,Metal Fabrications,Industrials,/market-activity/stocks/cstm
CSV,Carriage Services Inc. Common Stock,$33.35,0.24,0.725%,93485,529674572.00,United States,,Other Consumer Services,Consumer Discretionary,/market-activity/stocks/csv
CSW,CSW Industrials Inc. Common Stock,$301.80,0.98,0.326%,169458,4917374377.00,United States,,Home Furnishings,Industrials,/market-activity/stocks/csw
CTA^A,EIDP Inc. Preferred Stock $3.50 Series,$52.72,0.30,0.572%,1273,,United States,,,,/market-activity/stocks/cta^a
CTA^B,EIDP Inc. Preferred Stock $4.50 Series,$66.86,1.36,2.076%,3857,,United States,,,,/market-activity/stocks/cta^b
CTEV,Claritev Corporation Class A Common Stock,$40.23,0.88,2.236%,117664,681796436.00,United States,2020,Business Services,Consumer Discretionary,/market-activity/stocks/ctev
CTGG,Qwest Corporation 6.500% Senior Notes due 2051 (denominations of $25),$16.39,0.01,0.061%,14851,0.00,,2026,Telecommunications Equipment,Telecommunications,/market-activity/stocks/ctgg
CTHH,Qwest Corporation 6.750% Senior Notes due 2052 (denominations of $25),$16.95,0.05,0.296%,13376,0.00,,2026,Telecommunications Equipment,Telecommunications,/market-activity/stocks/cthh
CTO,CTO Realty Growth Inc. Common Stock,$21.43,-0.07,-0.326%,291200,803313279.00,United States,1992,Real Estate Investment Trusts,Real Estate,/market-activity/stocks/cto
CTO^A,CTO Realty Growth Inc. 6.375% Series A Cumulative Redeemable Preferred Stock,$21.58,0.08,0.372%,1809,,United States,,,,/market-activity/stocks/cto^a
CTOS,Custom Truck One Source Inc. Common Stock,$8.97,0.10,1.127%,1293045,2040724649.00,Cayman Islands,2017,Diversified Commercial Services,Consumer Discretionary,/market-activity/stocks/ctos
CTRE,CareTrust REIT Inc. Common Stock,$39.57,-0.36,-0.902%,2143301,9350121884.00,United States,2022,Real Estate Investment Trusts,Real Estate,/market-activity/stocks/ctre
CTRI,Centuri Holdings Inc. Common Stock,$20.52,0.03,0.146%,1549832,2071761848.00,United States,2024,Oil & Gas Production,Utilities,/market-activity/stocks/ctri
CTS,CTS Corporation Common Stock,$57.01,0.77,1.369%,222035,1627988677.00,United States,,Electrical Products,Technology,/market-activity/stocks/cts
CTVA,Corteva Inc. Common Stock ,$89.97,2.24,2.553%,8788079,60027624120.00,United States,2019,Farming/Seeds/Milling,Consumer Staples,/market-activity/stocks/ctva
CUBB,Customers Bancorp Inc 5.375% Subordinated Notes Due 2034,$21.7828,0.00,0.00%,114,688848158.00,United States,2019,Major Banks,Finance,/market-activity/stocks/cubb
CUBE,CubeSmart Common Shares,$39.46,-0.27,-0.68%,2096708,8884902503.00,United States,,Real Estate Investment Trusts,Real Estate,/market-activity/stocks/cube
CUBI,Customers Bancorp Inc Common Stock,$78.66,2.24,2.931%,287081,2657433629.00,United States,,Major Banks,Finance,/market-activity/stocks/cubi
CURB,Curbline Properties Corp. Common Stock,$29.44,-0.15,-0.507%,1728702,3386719456.00,United States,2024,Real Estate,Finance,/market-activity/stocks/curb
CURV,Torrid Holdings Inc. Common Stock,$2.27,0.09,4.128%,207677,225911265.00,United States,2021,Clothing/Shoe/Accessory Stores,Consumer Discretionary,/market-activity/stocks/curv
CUZ,Cousins Properties Incorporated Common Stock,$28.84,0.27,0.945%,1436876,4747123353.00,United States,,Real Estate Investment Trusts,Real Estate,/market-activity/stocks/cuz
CVE,Cenovus Energy Inc Common Stock,$32.81,-0.32,-0.966%,4454705,61518750000.00,Canada,,Oil & Gas Production,Energy,/market-activity/stocks/cve
CVEO,Civeo Corporation (Canada) Common Shares,$33.59,0.40,1.205%,65479,347215094.00,,2014,Hotels/Resorts,Consumer Discretionary,/market-activity/stocks/cveo
CVI,CVR Energy Inc. Common Stock,$42.92,0.05,0.117%,1164504,4314773309.00,United States,2007,Integrated oil Companies,Energy,/market-activity/stocks/cvi
CVLG,Covenant Logistics Group Inc. Class A Common Stock,$33.49,-0.70,-2.047%,290689,849901785.00,United States,,Trucking Freight/Courier Services,Industrials,/market-activity/stocks/cvlg
CVNA,Carvana Co. Class A Common Stock,$74.16,1.98,2.743%,7099517,81610393183.00,United States,2017,Retail-Auto Dealers and Gas Stations,Consumer Discretionary,/market-activity/stocks/cvna
CVS,CVS Health Corporation Common Stock,$97.23,-0.37,-0.379%,5403779,124354288978.00,United States,,Retail-Drug Stores and Proprietary Stores,Consumer Staples,/market-activity/stocks/cvs
CVSA,Covista Inc. Common Shares,$134.16,0.58,0.434%,354765,4566648091.00,United States,,Other Consumer Services,Real Estate,/market-activity/stocks/cvsa
CVX,Chevron Corporation Common Stock,$211.78,0.73,0.346%,7597234,418428840408.00,United States,,Integrated oil Companies,Energy,/market-activity/stocks/cvx
CW,Curtiss-Wright Corporation Common Stock,$561.53,-16.46,-2.848%,389667,20739798339.00,United States,,Industrial Machinery/Components,Technology,/market-activity/stocks/cw
CWEN,Clearway Energy Inc. Class C Common Stock,$31.42,-0.10,-0.317%,1148675,5150168768.00,United States,2015,Electric Utilities: Central,Utilities,/market-activity/stocks/cwen
CWH,Camping World Holdings Inc. Class A Common Stock,$6.79,0.30,4.622%,1589319,701372480.00,United States,2016,Retail-Auto Dealers and Gas Stations,Consumer Discretionary,/market-activity/stocks/cwh
CWK,Cushman & Wakefield Ltd. Common Shares,$13.04,-0.35,-2.614%,1344583,3060666752.00,United States,2018,Real Estate,Finance,/market-activity/stocks/cwk
CWT,California Water Service Group Common Stock,$50.14,0.40,0.804%,1607027,3100612524.00,United States,,Water Supply,Utilities,/market-activity/stocks/cwt
CX,Cemex S.A.B. de C.V. Sponsored ADR,$10.58,0.13,1.244%,3513828,16038392497.00,Mexico,,Building Materials,Industrials,/market-activity/stocks/cx
CXM,Sprinklr Inc. Class A Common Stock,$6.95,-0.65,-8.553%,8245649,1627889896.00,United States,2021,Computer Software: Prepackaged Software,Technology,/market-activity/stocks/cxm
CXT,Crane NXT Co. Common Stock,$50.07,0.91,1.851%,421227,2882094491.00,United States,,Metal Fabrications,Industrials,/market-activity/stocks/cxt
CXW,CoreCivic Inc. Common Stock,$32.61,-0.11,-0.336%,1604329,3224916676.00,United States,,Real Estate Investment Trusts,Real Estate,/market-activity/stocks/cxw
CYD,China Yuchai International Limited Common Stock,$37.80,1.07,2.913%,111767,1418192572.00,Singapore,1994,Industrial Machinery/Components,Industrials,/market-activity/stocks/cyd
CYH,Community Health Systems Inc. Common Stock,$2.90,-0.03,-1.024%,1558254,408927135.00,United States,2000,Hospital/Nursing Management,Health Care,/market-activity/stocks/cyh
D,Dominion Energy Inc. Common Stock,$66.05,-0.33,-0.497%,5869278,58092688931.00,United States,,Electric Utilities: Central,Utilities,/market-activity/stocks/d
DAC,Danaos Corporation Common Stock,$153.31,2.22,1.469%,117358,2790774752.00,Greece,2006,Marine Transportation,Consumer Discretionary,/market-activity/stocks/dac
DAL,Delta Air Lines Inc. Common Stock,$78.14,1.76,2.304%,4897985,51386663564.00,United States,,Air Freight/Delivery Services,Consumer Discretionary,/market-activity/stocks/dal
DAN,Dana Incorporated Common Stock ,$30.67,1.30,4.426%,1552049,3299376745.00,United States,,Auto Parts:O.E.M.,Consumer Discretionary,/market-activity/stocks/dan
DAO,Youdao Inc. American Depositary Shares each representing one Class A Ordinary Share,$14.89,-1.50,-9.152%,111834,1796249656.00,China,2019,Other Consumer Services,Real Estate,/market-activity/stocks/dao
DAR,Darling Ingredients Inc. Common Stock,$67.62,-0.08,-0.118%,2288792,10670633180.00,United States,1997,Packaged Foods,Consumer Staples,/market-activity/stocks/dar
DAVA,Endava plc American Depositary Shares (each representing one Class A Ordinary Share),$3.06,-0.04,-1.29%,105495,166242465.00,United Kingdom,2018,EDP Services,Technology,/market-activity/stocks/dava
DB,Deutsche Bank AG Common Stock,$40.50,0.92,2.324%,1655165,76196700000.00,Germany,,Major Banks,Finance,/market-activity/stocks/db
DBD,Diebold Nixdorf Incorporated Common stock,$67.63,0.98,1.47%,230259,2295807746.00,United States,2023,Office Equipment/Supplies/Services,Miscellaneous,/market-activity/stocks/dbd
DBI,Designer Brands Inc. Class A Common Stock,$5.25,0.03,0.575%,564476,266579665.00,United States,,Clothing/Shoe/Accessory Stores,Consumer Discretionary,/market-activity/stocks/dbi
DBL,DoubleLine Opportunistic Credit Fund Common Shares of Beneficial Interest,$14.16,0.06,0.426%,155089,0.00,United States,2012,,,/market-activity/stocks/dbl
DBRG,DigitalBridge Group Inc.,$15.97,0.06,0.377%,3170464,2994299638.00,United States,2014,Real Estate Investment Trusts,Real Estate,/market-activity/stocks/dbrg
DBRG^H,DigitalBridge Group Inc. 7.125% Series H ,$15.05,-0.005,-0.033%,293968,,United States,,,,/market-activity/stocks/dbrg^h
DBRG^I,DigitalBridge Group Inc. 7.15% Series I ,$15.10,-0.10,-0.658%,126148,,United States,,,,/market-activity/stocks/dbrg^i
DBRG^J,DigitalBridge Group Inc. 7.125% Series J ,$15.42,-0.0435,-0.281%,102615,,United States,,,,/market-activity/stocks/dbrg^j
DCBG,Dime Commercial Bancshares Inc. 9.000% Junior Subordinated Notes,$26.75,0.24,0.905%,427,1047226040.00,United States,,Major Banks,Finance,/market-activity/stocks/dcbg
DCH,Dauch Corporation Common Stock,$6.56,0.48,7.895%,2170479,1558686189.00,United States,,Auto Parts:O.E.M.,Consumer Discretionary,/market-activity/stocks/dch
DCI,Donaldson Company Inc. Common Stock,$89.91,0.15,0.167%,541058,10421563045.00,United States,,Pollution Control Equipment,Industrials,/market-activity/stocks/dci
DCO,Ducommun Incorporated Common Stock,$165.60,-3.15,-1.867%,208571,2500523402.00,United States,,Military/Government/Technical,Industrials,/market-activity/stocks/dco
DCOM,Dime Commercial Bancshares Inc. Common Stock,$40.40,0.95,2.408%,328703,1783926438.00,United States,,Major Banks,Finance,/market-activity/stocks/dcom
DCOM^,Dime Commercial Bancshares Inc. Preferred Stock Series A,$17.35,0.10,0.58%,9184,,United States,,,,/market-activity/stocks/dcom^
DD,DuPont de Nemours Inc. Common Stock,$132.93,0.82,0.621%,872121,17951262667.00,United States,2017,Major Chemicals,Industrials,/market-activity/stocks/dd
DDD,3D Systems Corporation Common Stock,$3.38,0.09,2.736%,2200239,561576951.00,United States,,Computer Software: Prepackaged Software,Technology,/market-activity/stocks/ddd
DDL,Dingdong (Cayman) Limited American Depositary Shares (each two representing three Ordinary Shares),$2.26,-0.04,-1.739%,137314,533874568.00,Cayman Islands,2021,Catalog/Specialty Distribution,Consumer Discretionary,/market-activity/stocks/ddl
DDS,Dillard's Inc. Common Stock,$636.66,10.30,1.644%,283006,9944292407.00,United States,,Department/Specialty Retail Stores,Consumer Discretionary,/market-activity/stocks/dds
DDT,Dillard's Capital Trust I,$26.1225,-0.0374,-0.143%,6987,408019631.00,United States,,Department/Specialty Retail Stores,Consumer Discretionary,/market-activity/stocks/ddt
DE,Deere & Company Common Stock,$698.37,22.29,3.297%,2028622,188298298978.00,United States,,Industrial Machinery/Components,Industrials,/market-activity/stocks/de
DEA,Easterly Government Properties Inc. Common Stock,$24.49,-0.02,-0.082%,313390,1158906400.00,United States,2015,Real Estate Investment Trusts,Real Estate,/market-activity/stocks/dea
DEC,Diversified Energy Company Common Stock,$15.25,-0.11,-0.716%,644561,1170533438.00,United States,2025,,,/market-activity/stocks/dec
DECK,Deckers Outdoor Corporation Common Stock,$83.76,-0.82,-0.969%,2937170,11426055654.00,United States,1993,Shoe Manufacturing,Consumer Discretionary,/market-activity/stocks/deck
DEI,Douglas Emmett Inc. Common Stock,$11.33,-0.08,-0.701%,1851229,1897608075.00,United States,2006,Real Estate Investment Trusts,Real Estate,/market-activity/stocks/dei
DELL,Dell Technologies Inc. Class C Common Stock ,$492.20,67.20,15.812%,36720269,318998753170.00,United States,2018,Computer Manufacturing,Technology,/market-activity/stocks/dell
DEO,Diageo plc Common Stock,$91.14,1.08,1.199%,841128,50728810635.00,United Kingdom,,Beverages (Production/Distribution),Consumer Staples,/market-activity/stocks/deo
DFH,Dream Finders Homes Inc. Class A Common Stock,$13.38,-0.33,-2.407%,714846,1211359879.00,United States,2022,Homebuilding,Consumer Discretionary,/market-activity/stocks/dfh
DFIN,Donnelley Financial Solutions Inc. Common Stock ,$47.87,-0.29,-0.602%,167067,1176902284.00,United States,2016,Other Consumer Services,Consumer Discretionary,/market-activity/stocks/dfin
DFP,Flaherty & Crumrine Dynamic Preferred and Income Fund Inc. Common Stock,$20.40,-0.02,-0.098%,51021,0.00,,2013,Investment Managers,Finance,/market-activity/stocks/dfp
DG,Dollar General Corporation Common Stock,$130.89,-0.20,-0.153%,2766681,28876531643.00,United States,2009,Department/Specialty Retail Stores,Consumer Discretionary,/market-activity/stocks/dg
DGAC,Disciplined Growth Acquisition Corporation Class A Ordinary Shares,$10.00,0.02,0.20%,151152,0.00,,2026,,,/market-activity/stocks/dgac
DGX,Quest Diagnostics Incorporated Common Stock,$240.80,4.58,1.939%,1144577,26577905088.00,United States,,Medical Specialities,Health Care,/market-activity/stocks/dgx
DHF,BNY Mellon High Yield Strategies Fund Common Stock,$2.36,-0.01,-0.422%,129566,0.00,United States,1998,Finance Companies,Finance,/market-activity/stocks/dhf
DHI,D.R. Horton Inc. Common Stock,$142.26,0.89,0.63%,1746987,39790302243.00,United States,,Homebuilding,Consumer Discretionary,/market-activity/stocks/dhi
DHR,Danaher Corporation Common Stock,$209.91,2.98,1.44%,2951107,147563802595.00,United States,,Industrial Machinery/Components,Industrials,/market-activity/stocks/dhr
DHT,DHT Holdings Inc.,$20.07,0.38,1.93%,2048478,3232105655.00,Jersey,2005,Marine Transportation,Consumer Discretionary,/market-activity/stocks/dht
DHX,DHI Group Inc. Common Stock,$4.64,0.17,3.803%,367664,201488242.00,United States,2007,Business Services,Consumer Discretionary,/market-activity/stocks/dhx
DIN,Dine Brands Global Inc. Common Stock,$32.82,0.32,0.985%,183642,415473303.00,United States,,Restaurants,Consumer Discretionary,/market-activity/stocks/din
DINO,HF Sinclair Corporation Common Stock,$106.06,2.09,2.01%,2498421,18855755025.00,United States,1960,Natural Gas Distribution,Energy,/market-activity/stocks/dino
DIS,Walt Disney Company (The) Common Stock,$107.98,1.76,1.657%,7556702,186447651678.00,United States,,Services-Misc. Amusement & Recreation,Consumer Discretionary,/market-activity/stocks/dis
DK,Delek US Holdings Inc. Common Stock,$71.45,-1.89,-2.577%,2074413,4375038832.00,United States,2017,Integrated oil Companies,Energy,/market-activity/stocks/dk
DKL,Delek Logistics Partners L.P. Common Units representing Limited Partner Interests,$55.46,-0.55,-0.982%,61554,2950322313.00,United States,2012,Natural Gas Distribution,Energy,/market-activity/stocks/dkl
DKS,Dick's Sporting Goods Inc Common Stock,$137.34,4.39,3.302%,3199477,12292278432.00,United States,2002,Other Specialty Stores,Consumer Discretionary,/market-activity/stocks/dks
DLB,Dolby Laboratories Common Stock,$61.79,0.36,0.586%,777052,5787794843.00,United States,2005,Multi-Sector Companies,Miscellaneous,/market-activity/stocks/dlb
DLNG,Dynagas LNG Partners LP Common Units,$3.76,-0.03,-0.792%,49190,136796361.00,Greece,,Marine Transportation,Consumer Discretionary,/market-activity/stocks/dlng
DLNG^A,Dynagas LNG Partners LP 9.00% Series A Cumulative Redeemable Preferred Units,$26.69,0.0526,0.197%,5312,,Greece,,,,/market-activity/stocks/dlng^a
DLR,Digital Realty Trust Inc. Common Stock,$183.76,0.49,0.267%,2045237,67997847702.00,United States,2004,Real Estate Investment Trusts,Real Estate,/market-activity/stocks/dlr
DLR^J,Digital Realty Trust Inc. 5.250% Series J Cumulative Redeemable Preferred Stock,$19.32,-0.07,-0.361%,11215,,United States,,,,/market-activity/stocks/dlr^j
DLR^K,Digital Realty Trust Inc. 5.850% Series K Cumulative Redeemable Preferred Stock par value $0.01 per share,$22.0173,-0.1227,-0.554%,5793,,United States,,,,/market-activity/stocks/dlr^k
DLR^L,Digital Realty Trust Inc. 5.200% Series L Cumulative Redeemable Preferred Stock,$19.0696,-0.0054,-0.028%,22796,,United States,,,,/market-activity/stocks/dlr^l
DLX,Deluxe Corporation Common Stock,$23.78,0.95,4.161%,474800,1090462576.00,United States,,Publishing,Consumer Discretionary,/market-activity/stocks/dlx
DLY,DoubleLine Yield Opportunities Fund Common Shares of Beneficial Interest,$13.80,0.02,0.145%,113194,661651750.00,United States,2020,Investment Managers,Finance,/market-activity/stocks/dly
DMA,Destra Multi-Alternative Fund Common Stock,$7.66,0.065,0.856%,16958,0.00,,2022,Trusts Except Educational Religious and Charitable,Finance,/market-activity/stocks/dma
DMB,BNY Mellon Municipal Bond Infrastructure Fund Inc. Common Stock,$10.38,-0.10,-0.954%,59503,0.00,,2013,Trusts Except Educational Religious and Charitable,Finance,/market-activity/stocks/dmb
DMC,Del Monte Corporation Ordinary Shares,$32.37,0.23,0.716%,629394,1526123077.00,Cayman Islands,,Farming/Seeds/Milling,Consumer Staples,/market-activity/stocks/dmc
DMO,Western Asset Mortgage Opportunity Fund Inc. Common Stock,$10.18,-0.02,-0.196%,23534,0.00,United States,2010,Trusts Except Educational Religious and Charitable,Finance,/market-activity/stocks/dmo
DNA,Ginkgo Bioworks Holdings Inc. Class A Common Stock,$7.03,0.10,1.443%,1269880,452312147.00,United States,2021,Biotechnology: Biological Products (No Diagnostic Substances),Health Care,/market-activity/stocks/dna
DNOW,DNOW Inc. Common Stock,$15.80,-0.08,-0.504%,1573957,2856417078.00,United States,2014,Oil and Gas Field Machinery,Consumer Discretionary,/market-activity/stocks/dnow
DNP,DNP Select Income Fund Inc. Common Stock,$10.81,0.01,0.093%,713921,0.00,United States,1987,Investment Managers,Finance,/market-activity/stocks/dnp
DOC,Healthpeak Properties Inc. Common Stock,$21.03,0.21,1.009%,5637812,14500758278.00,United States,,Real Estate Investment Trusts,Real Estate,/market-activity/stocks/doc
DOCN,DigitalOcean Holdings Inc. Common Stock,$104.87,-4.05,-3.718%,2060750,12330567409.00,United States,2021,Computer Software: Programming Data Processing,Technology,/market-activity/stocks/docn
DOCS,Doximity Inc. Class A Common Stock,$26.32,-0.03,-0.114%,1977748,4691434194.00,United States,2021,EDP Services,Technology,/market-activity/stocks/docs
DOLE,Dole plc Ordinary Shares,$14.06,0.21,1.516%,1147477,1328090826.00,Ireland,2021,Farming/Seeds/Milling,Consumer Staples,/market-activity/stocks/dole
DOUG,Douglas Elliman Inc. Common Stock,$1.80,0.03,1.695%,472570,163602851.00,United States,2021,Real Estate,Finance,/market-activity/stocks/doug
DOV,Dover Corporation Common Stock,$188.90,-1.03,-0.542%,1305884,25441094503.00,United States,,Industrial Machinery/Components,Industrials,/market-activity/stocks/dov
DOW,Dow Inc. Common Stock ,$31.28,0.82,2.692%,7908558,22594817440.00,United States,2019,Major Chemicals,Industrials,/market-activity/stocks/dow
DPC,DPC Holdings PLC Ordinary Shares,$39.47,-2.01,-4.846%,860162,5896542342.00,,2026,Metal Fabrications,Telecommunications,/market-activity/stocks/dpc
DPG,Duff & Phelps Utility and Infrastructure Fund Inc.,$14.24,-0.09,-0.628%,49511,0.00,United States,2011,Trusts Except Educational Religious and Charitable,Finance,/market-activity/stocks/dpg
DQ,DAQO New Energy Corp. American Depositary Shares each representing five ordinary shares,$12.88,-0.08,-0.617%,1073960,871539845.00,China,2010,Semiconductors,Technology,/market-activity/stocks/dq
DRD,DRDGOLD Limited American Depositary Shares,$28.30,0.59,2.129%,342294,2446786049.00,South Africa,,Precious Metals,Basic Materials,/market-activity/stocks/drd
DRI,Darden Restaurants Inc. Common Stock,$220.03,4.47,2.074%,1257242,25100575519.00,United States,,Restaurants,Consumer Discretionary,/market-activity/stocks/dri
DSL,DoubleLine Income Solutions Fund Common Shares of Beneficial Interests,$10.54,-0.04,-0.378%,846170,1075046567.00,United States,2013,Trusts Except Educational Religious and Charitable,Finance,/market-activity/stocks/dsl
DSM,BNY Mellon Strategic Municipal Bond Fund Inc. Common Stock,$5.75,-0.03,-0.519%,58039,0.00,United States,1989,Investment Managers,Finance,/market-activity/stocks/dsm
DSU,Blackrock Debt Strategies Fund Inc. Common Stock,$9.42,0.00,0.00%,130891,0.00,United States,1998,Finance Companies,Finance,/market-activity/stocks/dsu
DSX,Diana Shipping inc. common stock,$3.01,0.26,9.455%,3160731,374485240.00,Greece,2005,Marine Transportation,Consumer Discretionary,/market-activity/stocks/dsx
DSX^B,Diana Shipping Inc. Perpetual Preferred Shares Series B (Marshall Islands),$27.14,-0.327,-1.191%,7974,,Greece,,,,/market-activity/stocks/dsx^b
DT,Dynatrace Inc. Common Stock,$50.87,-1.99,-3.765%,4134288,14701538251.00,United States,2019,Computer Software: Prepackaged Software,Technology,/market-activity/stocks/dt
DTB,DTE Energy Company 2020 Series G 4.375% Junior Subordinated Debentures due 2080,$15.65,0.04,0.256%,21751,3256578280.00,United States,2020,Electric Utilities: Central,Utilities,/market-activity/stocks/dtb
DTE,DTE Energy Company Common Stock,$136.05,-0.01,-0.007%,1169184,28310381787.00,United States,,Electric Utilities: Central,Utilities,/market-activity/stocks/dte
DTF,DTF Tax-Free Income 2028 Term Fund Inc. Common Stock,$11.555,0.01,0.087%,919,81226647.00,United States,1991,Investment Managers,Finance,/market-activity/stocks/dtf
DTG,DTE Energy Company 2021 Series E 4.375% Junior Subordinated Debentures,$15.725,-0.03,-0.19%,28012,3272184885.00,United States,2021,Electric Utilities: Central,Utilities,/market-activity/stocks/dtg
DTK,DTE Energy Company 2025 Series H 6.25% Junior Subordinated Debentures due 2085,$22.67,-0.17,-0.744%,47410,0.00,United States,2025,Electric Utilities: Central,Utilities,/market-activity/stocks/dtk
DTM,DT Midstream Inc. Common Stock ,$128.89,-1.10,-0.846%,940481,13148751501.00,United States,2021,Natural Gas Distribution,Utilities,/market-activity/stocks/dtm
DTW,DTE Energy Company 2017 Series E 5.25% Junior Subordinated Debentures due 2077,$19.51,0.24,1.245%,43671,4059798226.00,United States,2017,Electric Utilities: Central,Utilities,/market-activity/stocks/dtw
DUK,Duke Energy Corporation (Holding Company) Common Stock,$120.56,0.17,0.141%,3419427,94000896388.00,United States,,Power Generation,Utilities,/market-activity/stocks/duk
DUK^A,Duke Energy Corporation Depositary Shares each representing a 1/1000th interest in a share of 5.75% Series A Cumulative Redeemable Perpetual Preferred Stock,$23.63,-0.10,-0.421%,108168,,United States,,,,/market-activity/stocks/duk^a
DUKB,Duke Energy Corporation 5.625% Junior Subordinated Debentures due 2078,$21.94,-0.01,-0.046%,39031,17106666114.00,United States,2018,Power Generation,Utilities,/market-activity/stocks/dukb
DUKU,Duke Energy Corporation Corporate Units,$49.84,-0.04,-0.08%,60570,0.00,United States,2026,Power Generation,Utilities,/market-activity/stocks/duku
DV,DoubleVerify Holdings Inc. Common Stock,$13.35,-0.01,-0.075%,2473524,2069074407.00,United States,2021,Computer Software: Programming Data Processing,Technology,/market-activity/stocks/dv
DVA,DaVita Inc. Common Stock,$179.39,3.25,1.845%,513513,11445082000.00,United States,,Misc Health and Biotechnology Services,Health Care,/market-activity/stocks/dva
DVN,Devon Energy Corporation Common Stock,$49.03,-0.02,-0.041%,8499018,53933000000.00,United States,1985,Oil & Gas Production,Energy,/market-activity/stocks/dvn
DX,Dynex Capital Inc. Common Stock,$12.75,0.01,0.078%,4919527,3164128192.00,United States,,Real Estate Investment Trusts,Real Estate,/market-activity/stocks/dx
DX^C,Dynex Capital Inc. 6.900% Series C Fixed-to-Floating Rate Cumulative Redeemable Preferred Stock,$25.9006,0.0706,0.273%,5611,,United States,,,,/market-activity/stocks/dx^c
DXC,DXC Technology Company Common Stock ,$11.63,0.47,4.211%,2368664,1858226153.00,United States,,EDP Services,Technology,/market-activity/stocks/dxc
DXYZ,Destiny Tech100 Inc. Common Stock,$32.70,1.10,3.481%,679805,0.00,,2024,,,/market-activity/stocks/dxyz
DY,Dycom Industries Inc. Common Stock,$296.98,9.68,3.369%,672171,8957201010.00,United States,,Water Sewer Pipeline Comm & Power Line Construction,Industrials,/market-activity/stocks/dy
E,ENI S.p.A. Common Stock,$55.21,-0.32,-0.576%,429112,86866450972.00,Italy,,Oil & Gas Production,Energy,/market-activity/stocks/e
EAF,GrafTech International Ltd. Common Stock,$6.69,-0.42,-5.907%,542728,174556577.00,United States,2018,Industrial Machinery/Components,Energy,/market-activity/stocks/eaf
EAI,Entergy Arkansas LLC First Mortgage Bonds 4.875% Series Due September 1 2066,$19.50,-0.02,-0.102%,22445,9099314211.00,United States,2016,Electric Utilities: Central,Utilities,/market-activity/stocks/eai
EARN,Ellington Credit Company Common Shares of Beneficial Interest,$4.40,0.09,2.088%,259001,165260458.00,United States,2013,Real Estate Investment Trusts,Real Estate,/market-activity/stocks/earn
EAT,Brinker International Inc. Common Stock,$231.00,-2.98,-1.274%,702198,9647717310.00,United States,,Restaurants,Consumer Discretionary,/market-activity/stocks/eat
EBF,Ennis Inc. Common Stock,$21.09,0.00,0.00%,160371,533540556.00,United States,,Office Equipment/Supplies/Services,Consumer Discretionary,/market-activity/stocks/ebf
EBS,Emergent BioSolutions Inc. Common Stock,$6.46,0.24,3.859%,1034071,331225751.00,United States,2006,Biotechnology: Pharmaceutical Preparations,Health Care,/market-activity/stocks/ebs
EC,Ecopetrol S.A. American Depositary Shares,$17.51,0.06,0.344%,1932336,35997666210.00,Colombia,,Oil & Gas Production,Energy,/market-activity/stocks/ec
ECAT,BlackRock ESG Capital Allocation Term Trust Common Shares of Beneficial Interest,$15.24,0.06,0.395%,403083,1647977400.00,United States,2021,Finance/Investors Services,Finance,/market-activity/stocks/ecat
ECC           ,Eagle Point Credit Company Common Share of Beneficial Interest,$3.87,-0.01,-0.258%,933048,234763968.00,United States,2014,Trusts Except Educational Religious and Charitable,Finance,/market-activity/stocks/ecc           
ECC^D,Eagle Point Credit Company 6.75% Series D Preferred Stock,$18.655,-0.0149,-0.08%,12370,,United States,,,,/market-activity/stocks/ecc^d
ECCC,Eagle Point Credit Company 6.50% Series C Term Preferred Stock due 2031,$25.075,0.025,0.10%,353,1521112789.00,United States,,Trusts Except Educational Religious and Charitable,Finance,/market-activity/stocks/eccc
ECCU,Eagle Point Credit Company 7.75% Notes due 2030,$25.56,-0.06,-0.234%,7374,0.00,United States,2024,,,/market-activity/stocks/eccu
ECCV,Eagle Point Credit Company 5.375% Notes due 2029,$24.20,0.005,0.021%,3805,1468033081.00,United States,2022,Trusts Except Educational Religious and Charitable,Finance,/market-activity/stocks/eccv
ECG,Everus Construction Group Inc. Common Stock,$112.71,-0.99,-0.871%,327660,5755404956.00,United States,2024,Homebuilding,Consumer Discretionary,/market-activity/stocks/ecg
ECL,Ecolab Inc. Common Stock,$279.90,-0.35,-0.125%,1383338,78463975980.00,United States,,Package Goods/Cosmetics,Consumer Discretionary,/market-activity/stocks/ecl
ECO,Okeanis Eco Tankers Corp. Common Stock,$69.02,1.06,1.56%,314831,2694862088.00,,,Marine Transportation,Consumer Discretionary,/market-activity/stocks/eco
ECVT,Ecovyst Inc. Common Stock,$10.37,0.27,2.673%,1126166,1135187287.00,United States,2017,Major Chemicals,Industrials,/market-activity/stocks/ecvt
ED,Consolidated Edison Inc. Common Stock,$107.67,-0.03,-0.028%,2147249,39819448915.00,United States,,Power Generation,Utilities,/market-activity/stocks/ed
EDD,Morgan Stanley Emerging Markets Domestic Debt Fund Inc. Common Stock,$5.88,0.09,1.554%,273337,0.00,United States,2007,Finance Companies,Finance,/market-activity/stocks/edd
EDF,Virtus Stone Harbor Emerging Markets Income Fund Common Shares of Beneficial Interest,$5.23,0.00,0.00%,44951,0.00,United States,2010,Investment Managers,Finance,/market-activity/stocks/edf
EDN,Empresa Distribuidora Y Comercializadora Norte S.A. (Edenor) American Depositary Shares,$24.91,1.20,5.061%,77293,1127001187.00,Argentina,2007,Electric Utilities: Central,Utilities,/market-activity/stocks/edn
EDU,New Oriental Education & Technology Group Inc. Sponsored ADR representing 10 Ordinary Share (Cayman Islands),$59.15,0.09,0.152%,1068417,9413470935.00,China,2006,Other Consumer Services,Real Estate,/market-activity/stocks/edu
EE,Excelerate Energy Inc. Class A Common Stock,$40.22,1.21,3.102%,327028,4561032663.00,United States,2022,Oil/Gas Transmission,Utilities,/market-activity/stocks/ee
EEA,The European Equity Fund Inc. Common Stock,$11.02,0.01,0.091%,27641,0.00,United States,,Trusts Except Educational Religious and Charitable,Finance,/market-activity/stocks/eea
EFC,Ellington Financial Inc. Common Stock ,$13.33,0.07,0.528%,995389,1718068855.00,United States,2010,Real Estate,Finance,/market-activity/stocks/efc
EFC^B,Ellington Financial Inc. 6.250% Series B Fixed-Rate Reset Cumulative Redeemable Preferred Stock,$25.23,0.09,0.358%,9724,,United States,,,,/market-activity/stocks/efc^b
EFC^C,Ellington Financial Inc. 8.625% Series C Fixed-Rate Reset Cumulative Redeemable Preferred Stock,$25.66,0.13,0.509%,1382,,United States,,,,/market-activity/stocks/efc^c
EFC^D,Ellington Financial Inc. 7.00% Series D Cumulative Perpetual Redeemable Preferred Stock,$22.81,-0.7178,-3.051%,1291,,United States,,,,/market-activity/stocks/efc^d
EFOR,Everforth Inc. Common Stock,$30.88,0.60,1.982%,741995,1266080000.00,United States,,Professional Services,Consumer Discretionary,/market-activity/stocks/efor
EFR,Eaton Vance Senior Floating-Rate Fund Common Shares of Beneficial Interest,$10.49,-0.01,-0.095%,108686,0.00,United States,2003,Trusts Except Educational Religious and Charitable,Finance,/market-activity/stocks/efr
EFT,Eaton Vance Floating Rate Income Trust Common Shares of Beneficial Interest,$10.66,0.02,0.188%,91279,310103824.00,United States,2004,Finance Companies,Finance,/market-activity/stocks/eft
EFX,Equifax Inc. Common Stock,$185.48,-0.72,-0.387%,701979,21791098510.00,United States,,Finance: Consumer Services,Finance,/market-activity/stocks/efx
EFXT,Enerflex Ltd Common Shares,$21.32,0.96,4.715%,678033,2603233466.00,Canada,2022,Industrial Machinery/Components,Industrials,/market-activity/stocks/efxt
EG,Everest Group Ltd. Common Stock,$378.28,-0.33,-0.087%,380125,14504289418.00,Bermuda,,Property-Casualty Insurers,Finance,/market-activity/stocks/eg
EGY,VAALCO Energy Inc.  Common Stock,$6.14,0.15,2.504%,1407204,645877517.00,United States,,Oil & Gas Production,Energy,/market-activity/stocks/egy
EHC,Encompass Health Corporation Common Stock,$121.18,-0.87,-0.713%,650889,11954817073.00,United States,,Hospital/Nursing Management,Health Care,/market-activity/stocks/ehc
EHI,Western Asset Global High Income Fund Inc Common Stock,$5.72,0.03,0.527%,383681,0.00,United States,2003,Investment Managers,Finance,/market-activity/stocks/ehi
EIC,Eagle Point Income Company Common Shares of Beneficial Interest,$9.99,-0.01,-0.10%,46248,88991999.00,United States,2019,Finance/Investors Services,Finance,/market-activity/stocks/eic
EICA,Eagle Point Income Company 5.00% Series A Term Preferred Shares due 2026,$24.93,-0.045,-0.18%,5929,222079132.00,United States,2021,Finance/Investors Services,Finance,/market-activity/stocks/eica
EIG,Employers Holdings Inc Common Stock,$49.34,0.22,0.448%,124581,886171366.00,United States,2007,Property-Casualty Insurers,Finance,/market-activity/stocks/eig
EIIA,Eagle Point Institutional Income Fund 8.125% Series A Term Preferred Shares Due 2029,$25.20,0.03,0.119%,4150,0.00,,2024,,,/market-activity/stocks/eiia
EIX,Edison International Common Stock,$55.19,-3.61,-6.139%,12352211,21237883501.00,United States,,Electric Utilities: Central,Utilities,/market-activity/stocks/eix
EL,Estee Lauder Companies Inc. (The) Common Stock,$101.15,1.15,1.15%,3501001,36595925052.00,United States,1995,Package Goods/Cosmetics,Consumer Discretionary,/market-activity/stocks/el
ELAN,Elanco Animal Health Incorporated Common Stock,$24.68,0.77,3.22%,6741701,12330666764.00,United States,2018,Biotechnology: Pharmaceutical Preparations,Health Care,/market-activity/stocks/elan
ELC,Entergy Louisiana Inc. Collateral Trust Mortgage Bonds 4.875 % Series due September 1 2066,$19.46,-0.05,-0.256%,42397,4149602762.00,United States,2016,Electric Utilities: Central,Utilities,/market-activity/stocks/elc
ELF,e.l.f. Beauty Inc. Common Stock,$107.36,1.82,1.724%,1600356,6335098451.00,United States,2016,Package Goods/Cosmetics,Consumer Discretionary,/market-activity/stocks/elf
ELLA,Ellington Credit Company 8.50% Notes due 2031,$25.42,0.01,0.039%,5761,0.00,United States,2026,Real Estate Investment Trusts,Real Estate,/market-activity/stocks/ella
ELME,Elme Communities Common Stock,$1.69,0.01,0.595%,371679,150169822.00,United States,2000,Real Estate Investment Trusts,Real Estate,/market-activity/stocks/elme
ELPC,Companhia Paranaense de Energia (COPEL) American Depositary Shares (each representing four (4) Common Shares),$12.24,0.48,4.082%,558241,9127400412.00,Brazil,2023,Electric Utilities: Central,Utilities,/market-activity/stocks/elpc
ELS,Equity Lifestyle Properties Inc. Common Stock,$63.12,-0.04,-0.063%,1130098,12249358751.00,United States,,Real Estate Investment Trusts,Real Estate,/market-activity/stocks/els
ELV,Elevance Health Inc. Common Stock,$405.84,2.80,0.695%,981593,88014232654.00,United States,,Medical Specialities,Health Care,/market-activity/stocks/elv
EMA,Emera Incorporated Common Shares,$49.95,-0.15,-0.299%,279609,15344640000.00,Canada,2025,Electric Utilities: Central,Utilities,/market-activity/stocks/ema
EMBJ,Embraer S.A. Common Stock,$72.21,0.50,0.697%,1044154,13047735742.00,Brazil,,Aerospace,Industrials,/market-activity/stocks/embj
EMD,Western Asset Emerging Markets Debt Fund Inc Common Stock,$10.49,-0.02,-0.19%,139241,0.00,United States,,Finance/Investors Services,Finance,/market-activity/stocks/emd
EME,EMCOR Group Inc. Common Stock,$734.26,-0.99,-0.135%,301488,32388135908.00,United States,,Engineering & Construction,Industrials,/market-activity/stocks/eme
EMF,Templeton Emerging Markets Fund Common Stock,$22.60,0.14,0.623%,14790,0.00,United States,1987,Finance/Investors Services,Finance,/market-activity/stocks/emf
EMN,Eastman Chemical Company Common Stock,$72.16,2.02,2.88%,968580,8253474699.00,United States,,Major Chemicals,Industrials,/market-activity/stocks/emn
EMO,ClearBridge Energy Midstream Opportunity Fund Inc. Common Stock,$55.47,-0.40,-0.716%,35905,0.00,United States,2011,Investment Managers,Finance,/market-activity/stocks/emo
EMP,Entergy Mississippi LLC First Mortgage Bonds 4.90% Series Due October 1 2066,$19.98,0.08,0.402%,8612,9323297330.00,United States,2016,Electric Utilities: Central,Utilities,/market-activity/stocks/emp
EMR,Emerson Electric Company Common Stock,$148.98,1.35,0.914%,2885759,83101044000.00,United States,,Consumer Electronics/Appliances,Technology,/market-activity/stocks/emr
ENB,Enbridge Inc Common Stock,$50.31,-0.41,-0.808%,4507175,109856810299.00,Canada,,Natural Gas Distribution,Energy,/market-activity/stocks/enb
ENHA,Enhanced Group Inc. Class A Common Stock,$1.58,0.04,2.597%,1031602,624694178.00,Singapore,,Services-Misc. Amusement & Recreation,Consumer Discretionary,/market-activity/stocks/enha
ENIC,Enel Chile S.A. American Depositary Shares (Each representing 50 shares of Common Stock),$4.38,0.07,1.624%,1529563,6058990411.00,Chile,2016,Electric Utilities: Central,Utilities,/market-activity/stocks/enic
ENJ,Entergy New Orleans LLC First Mortgage Bonds 5.0% Series due December 1 2052,$19.375,-0.155,-0.794%,812,9040985274.00,United States,,Power Generation,Utilities,/market-activity/stocks/enj
ENO,Entergy New Orleans LLC First Mortgage Bonds 5.50% Series due April 1 2066,$20.84,-0.015,-0.072%,8458,4456234831.00,United States,2016,Power Generation,Utilities,/market-activity/stocks/eno
ENOV,Enovis Corporation Common Stock,$20.20,-0.33,-1.607%,2475085,1164923779.00,United States,,Industrial Specialties,Health Care,/market-activity/stocks/enov
ENR,Energizer Holdings Inc. Common Stock,$20.92,0.15,0.722%,1034650,1432677686.00,United States,2015,Industrial Machinery/Components,Miscellaneous,/market-activity/stocks/enr
ENS,EnerSys Common Stock,$180.08,-1.01,-0.558%,899890,6494625538.00,United States,2004,Industrial Machinery/Components,Miscellaneous,/market-activity/stocks/ens
ENVA,Enova International Inc. Common Stock,$226.89,5.75,2.60%,483217,5649191396.00,United States,2014,Finance: Consumer Services,Finance,/market-activity/stocks/enva
EOD,Allspring Global Dividend Opportunity Fund Common Shares of Beneficial Interest,$6.61,0.03,0.456%,83578,0.00,United States,2007,Investment Managers,Finance,/market-activity/stocks/eod
EOG,EOG Resources Inc. Common Stock,$148.96,0.61,0.411%,3575233,78133866057.00,United States,,Oil & Gas Production,Energy,/market-activity/stocks/eog
EOI,Eaton Vance Enhance Equity Income Fund Eaton Vance Enhanced Equity Income Fund Shares of Beneficial Interest,$19.89,-0.04,-0.201%,48845,0.00,United States,2004,Finance/Investors Services,Finance,/market-activity/stocks/eoi
EOS,Eaton Vance Enhance Equity Income Fund II Common Stock,$21.48,0.05,0.233%,124799,0.00,,2005,Trusts Except Educational Religious and Charitable,Finance,/market-activity/stocks/eos
EOT,Eaton Vance Municipal Income Trust EATON VANCE NATIONAL MUNICIPAL OPPORTUNITIES TRUST,$16.95,-0.01,-0.059%,20901,264842411.00,United States,2009,Investment Bankers/Brokers/Service,Finance,/market-activity/stocks/eot
EP^C,El Paso Corporation Preferred Stock,$50.30,-0.06,-0.119%,327,,United States,,,,/market-activity/stocks/ep^c
EPAC,Enerpac Tool Group Corp. Common Stock,$36.52,-0.11,-0.30%,376120,1867546832.00,United States,,Industrial Machinery/Components,Technology,/market-activity/stocks/epac
EPAM,EPAM Systems Inc. Common Stock,$117.20,0.86,0.739%,971351,6045994173.00,United States,2012,EDP Services,Technology,/market-activity/stocks/epam
EPC,Edgewell Personal Care Company Common Stock,$28.40,0.46,1.646%,494697,1308925186.00,United States,,Package Goods/Cosmetics,Consumer Discretionary,/market-activity/stocks/epc
EPD,Enterprise Products Partners L.P. Common Stock,$39.36,0.08,0.204%,1989610,84997021372.00,United States,,Natural Gas Distribution,Utilities,/market-activity/stocks/epd
EPR,EPR Properties Common Stock,$59.61,0.25,0.421%,493107,4566657840.00,United States,1997,Real Estate Investment Trusts,Real Estate,/market-activity/stocks/epr
EPR^C,EPR Properties 5.75% Series C Cumulative Convertible Preferred Shares,$26.18,0.00,0.00%,1157,,United States,,,,/market-activity/stocks/epr^c
EPR^E,EPR Properties Series E Cumulative Conv Pfd Shs Ser E,$32.185,0.115,0.359%,532,,United States,,,,/market-activity/stocks/epr^e
EPR^G,EPR Properties 5.750% Series G Cumulative Redeemable Preferred Shares,$21.17,-0.18,-0.843%,3104,,United States,,,,/market-activity/stocks/epr^g
EPRT,Essential Properties Realty Trust Inc. Common Stock,$29.97,-0.15,-0.498%,1413515,6481701930.00,United States,2018,Real Estate Investment Trusts,Real Estate,/market-activity/stocks/eprt
EQBK,Equity Bancshares Inc. Class A Common Stock,$49.57,0.58,1.184%,70598,1020769729.00,United States,,Major Banks,Finance,/market-activity/stocks/eqbk
EQH,Equitable Holdings Inc. Common Stock,$51.52,2.16,4.376%,3145962,14066771289.00,United States,2018,Specialty Insurers,Finance,/market-activity/stocks/eqh
EQH^A,Equitable Holdings Inc. Depositary Shares,$18.83,-0.13,-0.686%,66710,,United States,,,,/market-activity/stocks/eqh^a
EQH^C,Equitable Holdings Inc. Depositary Shares each representing a 1/1000th interest in a share of Fixed Rate Noncumulative Perpetual Preferred Stock Series C,$16.68,0.13,0.785%,59449,,United States,,,,/market-activity/stocks/eqh^c
EQNR,Equinor ASA,$43.58,-0.65,-1.47%,2338076,108961811487.00,Norway,,Integrated oil Companies,Energy,/market-activity/stocks/eqnr
EQS,Equus Total Return Inc. Common Stock,$1.03,0.01,0.98%,8722,14385697.00,United States,,Finance/Investors Services,Finance,/market-activity/stocks/eqs
EQT,EQT Corporation Common Stock,$55.75,0.16,0.288%,6191170,34872517000.00,United States,,Oil & Gas Production,Energy,/market-activity/stocks/eqt
ERO,Ero Copper Corp. Common Shares,$34.76,-0.06,-0.172%,1134760,3624702168.00,Canada,2021,Metal Mining,Basic Materials,/market-activity/stocks/ero
EROC,ERock Inc. Class A Common Stock,$11.21,-0.20,-1.753%,1739976,2459474897.00,,2026,Industrial Machinery/Components,Energy,/market-activity/stocks/eroc
EROK,EagleRock Land LLC Class A shares representing limited liability company interests,$25.65,0.42,1.665%,138867,3373476971.00,,2026,Oil & Gas Production,Energy,/market-activity/stocks/erok
ES,Eversource Energy (D/B/A) Common Stock,$70.44,-0.06,-0.085%,1869193,26532969672.00,United States,,Electric Utilities: Central,Utilities,/market-activity/stocks/es
ESAB,ESAB Corporation Common Stock,$73.97,-0.07,-0.095%,652400,4598552906.00,United States,2022,Industrial Machinery/Components,Industrials,/market-activity/stocks/esab
ESE,ESCO Technologies Inc. Common Stock,$266.90,-0.73,-0.273%,212480,6914729632.00,United States,,Telecommunications Equipment,Telecommunications,/market-activity/stocks/ese
ESI,Element Solutions Inc. Common Stock,$34.43,0.07,0.204%,4718307,8390278169.00,United States,2014,Major Chemicals,Industrials,/market-activity/stocks/esi
ESNT,Essent Group Ltd. Common Shares,$68.97,0.88,1.292%,565148,6198781722.00,Bermuda,2013,Property-Casualty Insurers,Finance,/market-activity/stocks/esnt
ESRT,Empire State Realty Trust Inc. Class A Common Stock,$4.39,0.00,0.00%,2695164,755807173.00,United States,2013,Real Estate Investment Trusts,Real Estate,/market-activity/stocks/esrt
ESS,Essex Property Trust Inc. Common Stock,$277.29,-1.71,-0.613%,835889,17820995450.00,United States,1994,Real Estate Investment Trusts,Real Estate,/market-activity/stocks/ess
ESTC,Elastic N.V. Ordinary Shares,$89.58,-2.81,-3.041%,2411782,9405118862.00,United States,2018,Computer Software: Prepackaged Software,Technology,/market-activity/stocks/estc
ET,Energy Transfer LP Common Units ,$21.54,0.12,0.56%,6920419,74168673406.00,United States,,Natural Gas Distribution,Utilities,/market-activity/stocks/et
ET^I,Energy Transfer L.P. Series I Fixed Rate Perpetual Preferred Units,$11.40,-0.03,-0.262%,52774,,United States,,,,/market-activity/stocks/et^i
ETB,Eaton Vance Tax-Managed Buy-Write Income Fund Eaton Vance Tax-Managed Buy-Write Income Fund Common Shares of Beneficial Interest,$15.65,0.05,0.321%,43187,459662379.00,United States,2005,Investment Bankers/Brokers/Service,Finance,/market-activity/stocks/etb
ETD,Ethan Allen Interiors Inc. Common Stock,$24.71,0.76,3.173%,1524755,628779037.00,United States,,Home Furnishings,Consumer Discretionary,/market-activity/stocks/etd
ETG,Eaton Vance Tax-Advantaged Global Dividend Income Fund Common Shares of Beneficial Interest,$23.95,-0.05,-0.208%,121271,0.00,United States,2004,Investment Managers,Finance,/market-activity/stocks/etg
ETI^,Entergy Texas Inc 5.375% Series A Preferred Stock Cumulative No Par Value,$22.33,-0.715,-3.103%,10503,,United States,,,,/market-activity/stocks/eti^
ETJ,Eaton Vance Risk-Managed Diversified Equity Income Fund Common Shares of Beneficial Interest,$8.42,0.06,0.718%,91004,0.00,United States,2007,Finance Companies,Finance,/market-activity/stocks/etj
ETN,Eaton Corporation PLC Ordinary Shares,$390.85,0.14,0.036%,1631298,151806140000.00,Ireland,,Industrial Machinery/Components,Technology,/market-activity/stocks/etn
ETO,Eaton Vance Tax-Advantage Global Dividend Opp Common Stock,$31.515,-0.035,-0.111%,7726,516472169.00,United States,2004,Investment Managers,Finance,/market-activity/stocks/eto
ETR,Entergy Corporation Common Stock,$106.75,-0.27,-0.252%,3705563,49812912412.00,United States,,Electric Utilities: Central,Utilities,/market-activity/stocks/etr
ETSS,Energy Transition Special Opportunities Class A Ordinary Shares,$9.91,-0.01,-0.101%,111960,0.00,,2026,Blank Checks,Finance,/market-activity/stocks/etss
ETSY,Etsy Inc. Common Stock,$81.72,-0.03,-0.037%,2806346,7500404447.00,United States,2025,Business Services,Consumer Discretionary,/market-activity/stocks/etsy
ETV,Eaton Vance Corporation Eaton Vance Tax-Managed Buy-Write Opportunities Fund Common Shares of Beneficial Interest,$15.32,0.12,0.789%,148329,1673991107.00,United States,2005,Investment Bankers/Brokers/Service,Finance,/market-activity/stocks/etv
ETW,Eaton Vance Corporation Eaton Vance Tax-Managed Global Buy-Write Opportunites Fund Common Shares of Beneficial Interest,$9.80,0.00,0.00%,210507,1074058303.00,United States,2005,Investment Managers,Finance,/market-activity/stocks/etw
ETX           ,Eaton Vance Municipal Income 2028 Term Trust Common Shares of Beneficial Interest,$18.16,0.01,0.055%,16732,197670801.00,,2013,Investment Managers,Finance,/market-activity/stocks/etx           
ETY,Eaton Vance Tax-Managed Diversified Equity Income Fund Common Shares of Beneficial Interest,$14.42,0.10,0.698%,365956,0.00,United States,2006,Finance Companies,Finance,/market-activity/stocks/ety
EVAC,EQV Ventures Acquisition Corp. II Class A Ordinary Shares,$10.295,-0.005,-0.049%,275,0.00,,2025,Fluid Controls,Industrials,/market-activity/stocks/evac
EVC,Entravision Communications Corporation Common Stock,$8.40,0.37,4.608%,1391483,775221762.00,United States,2000,Broadcasting,Industrials,/market-activity/stocks/evc
EVEX,Eve Holding Inc. Common Stock,$2.21,0.01,0.455%,955986,770154796.00,United States,2022,Aerospace,Industrials,/market-activity/stocks/evex
EVF,Eaton Vance Senior Income Trust Common Stock,$4.96,0.02,0.405%,48601,86992736.00,United States,1998,Investment Bankers/Brokers/Service,Finance,/market-activity/stocks/evf
EVG,Eaton Vance Short Diversified Income Fund Eaton Vance Short Duration Diversified Income Fund Common Shares of Beneficial Interest,$10.65,-0.03,-0.281%,16731,0.00,United States,2005,Investment Managers,Finance,/market-activity/stocks/evg
EVH,Evolent Health Inc Class A Common Stock,$4.23,-0.05,-1.168%,1503554,478240987.00,United States,2015,Other Consumer Services,Consumer Discretionary,/market-activity/stocks/evh
EVMN,Evommune Inc. Common Stock,$12.48,0.00,0.00%,370583,452925570.00,United States,2025,Biotechnology: Pharmaceutical Preparations,Health Care,/market-activity/stocks/evmn
EVN,Eaton Vance Municipal Income Trust Common Stock,$10.60,-0.01,-0.094%,42347,420471928.00,United States,1999,Investment Managers,Finance,/market-activity/stocks/evn
EVR,Evercore Inc. Class A Common Stock,$288.69,2.46,0.859%,551875,11102375931.00,United States,2006,Investment Managers,Finance,/market-activity/stocks/evr
EVT,Eaton Vance Tax Advantaged Dividend Income Fund Common Shares of Beneficial Interest,$28.81,0.22,0.769%,65849,0.00,United States,2003,Finance Companies,Finance,/market-activity/stocks/evt
EVTC,Evertec Inc. Common Stock,$30.02,0.86,2.949%,382777,1793771311.00,Puerto Rico,2013,EDP Services,Technology,/market-activity/stocks/evtc
EVTL,Vertical Aerospace Ltd. Ordinary Shares,$0.5848,-0.0153,-2.55%,12101920,100423985.00,,2021,Aerospace,Industrials,/market-activity/stocks/evtl
EW,Edwards Lifesciences Corporation Common Stock,$90.82,0.08,0.088%,2595970,52348648000.00,United States,,Industrial Specialties,Health Care,/market-activity/stocks/ew
EXG,Eaton Vance Tax-Managed Global Diversified Equity Income Fund Common Shares of Beneficial Interest,$9.97,0.12,1.218%,402790,0.00,United States,2007,Finance Companies,Finance,/market-activity/stocks/exg
EXK,Endeavour Silver Corporation Ordinary Shares (Canada),$11.13,0.89,8.691%,10640367,3295245766.00,Canada,,Precious Metals,Basic Materials,/market-activity/stocks/exk
EXP,Eagle Materials Inc Common Stock,$194.66,3.13,1.634%,309069,5971258765.00,United States,,Building Materials,Industrials,/market-activity/stocks/exp
EXPD,Expeditors International of Washington Inc. Common Stock,$186.16,-1.54,-0.82%,719490,24199054192.00,United States,,Integrated Freight & Logistics,Industrials,/market-activity/stocks/expd
EXR,Extra Space Storage Inc Common Stock,$139.93,-0.19,-0.136%,1174722,29562949251.00,United States,2004,Real Estate Investment Trusts,Real Estate,/market-activity/stocks/exr
F,Ford Motor Company Common Stock,$14.14,0.30,2.168%,58216969,55382754377.00,United States,,Auto Manufacturing,Industrials,/market-activity/stocks/f
F^B,Ford Motor Company 6.20% Notes due June 1 2059,$20.13,0.09,0.449%,28065,,United States,,,,/market-activity/stocks/f^b
F^C,Ford Motor Company 6% Notes due December 1 2059,$19.52,0.11,0.567%,60205,,United States,,,,/market-activity/stocks/f^c
F^D,Ford Motor Company 6.500% Notes due August 15 2062,$20.84,0.01,0.048%,34552,,United States,,,,/market-activity/stocks/f^d
FAF,First American Corporation (New) Common Stock,$74.05,0.46,0.625%,683736,7560505000.00,United States,,Specialty Insurers,Finance,/market-activity/stocks/faf
FBIN,Fortune Brands Innovations Inc. Common Stock,$42.89,0.12,0.281%,1817805,5119842649.00,United States,,Forest Products,Basic Materials,/market-activity/stocks/fbin
FBK,FB Financial Corporation Common Stock,$56.26,0.75,1.351%,343908,2811770044.00,United States,2016,Major Banks,Finance,/market-activity/stocks/fbk
FBP,First BanCorp. New Common Stock,$28.42,0.57,2.047%,1304327,4338832177.00,Puerto Rico,,Major Banks,Finance,/market-activity/stocks/fbp
FBRT,Franklin BSP Realty Trust Inc. Common Stock,$8.51,0.17,2.038%,1982860,706716490.00,United States,2021,Real Estate Investment Trusts,Real Estate,/market-activity/stocks/fbrt
FBRT^E,Franklin BSP Realty Trust Inc. 7.50% Series E Cumulative Redeemable Preferred Stock,$19.31,-0.02,-0.103%,7402,,United States,,,,/market-activity/stocks/fbrt^e
FC,Franklin Covey Company Common Stock,$18.87,-0.64,-3.28%,141120,213115384.00,United States,,Other Consumer Services,Consumer Discretionary,/market-activity/stocks/fc
FCBM,First Carolina Financial Services Inc. Common Stock,$12.73,0.18,1.434%,87066,395506486.00,,2026,Major Banks,Finance,/market-activity/stocks/fcbm
FCF,First Commonwealth Financial Corporation Common Stock,$20.99,0.46,2.241%,854871,2121163866.00,United States,,Major Banks,Finance,/market-activity/stocks/fcf
FCN,FTI Consulting Inc. Common Stock,$149.99,-1.37,-0.905%,327496,4141460134.00,United States,1999,Professional Services,Consumer Discretionary,/market-activity/stocks/fcn
FCPT,Four Corners Property Trust Inc. Common Stock,$24.73,-0.11,-0.443%,1029510,2714275920.00,United States,2015,Real Estate Investment Trusts,Real Estate,/market-activity/stocks/fcpt
FCRS,FutureCrest Acquisition Corp. Class A Ordinary Shares,$10.23,0.005,0.049%,1786,0.00,,2025,Blank Checks,Finance,/market-activity/stocks/fcrs
FCX,Freeport-McMoRan Inc. Common Stock,$73.93,1.46,2.015%,11964976,106164775475.00,United States,,Metal Mining,Basic Materials,/market-activity/stocks/fcx
FDS,FactSet Research Systems Inc. Common Stock,$306.07,0.63,0.206%,524288,10885545746.00,United States,2000,Computer Software: Programming Data Processing,Technology,/market-activity/stocks/fds
FDX,FedEx Corporation Common Stock,$316.54,-8.34,-2.567%,1280993,74915659495.00,United States,,Air Freight/Delivery Services,Consumer Discretionary,/market-activity/stocks/fdx
FDXF,FedEx Freight Holding Company Inc. Common Stock,$126.60,-0.97,-0.76%,1122697,18928995638.00,United States,2026,Air Freight/Delivery Services,Consumer Discretionary,/market-activity/stocks/fdxf
FE,FirstEnergy Corp. Common Stock,$46.29,0.13,0.282%,3358683,26785242452.00,United States,,Electric Utilities: Central,Utilities,/market-activity/stocks/fe
FEDU,Four Seasons Education (Cayman) Inc. American Depositary Shares each ADS representing 10 ordinary shares,$10.43,0.7459,7.702%,2990,23586798.00,,2017,Other Consumer Services,Real Estate,/market-activity/stocks/fedu
FENG,Phoenix New Media Limited American Depositary Shares each representing 48 Class A ordinary shares.,$1.4699,-0.0001,-0.007%,1155,17654640.00,China,2011,Broadcasting,Industrials,/market-activity/stocks/feng
FERG,Ferguson Enterprises Inc. Common Stock,$221.23,2.32,1.06%,1668146,42797544582.00,United Kingdom,2021,Miscellaneous,Miscellaneous,/market-activity/stocks/ferg
FET,Forum Energy Technologies Inc. Common Stock,$82.22,-0.03,-0.036%,233288,943285312.00,United States,2012,Oil and Gas Field Machinery,Consumer Discretionary,/market-activity/stocks/fet
FF,FutureFuel Corp.  Common shares,$5.38,-0.08,-1.465%,283642,235984651.00,United States,,Major Chemicals,Industrials,/market-activity/stocks/ff
FFA,First Trust Enhanced Equity Income Fund Common Shares of Beneficial Interest,$23.21,0.12,0.52%,18188,0.00,United States,2004,Investment Managers,Finance,/market-activity/stocks/ffa
FFC,Flaherty & Crumrine Preferred and Income Securities Fund Incorporated,$15.75,-0.11,-0.694%,111513,0.00,United States,2003,Trusts Except Educational Religious and Charitable,Finance,/market-activity/stocks/ffc
FG,F&G Annuities & Life Inc. Common Stock,$23.97,0.33,1.396%,402230,3138516960.00,United States,2022,Life Insurance,Finance,/market-activity/stocks/fg
FGN,F&G Annuities & Life Inc. 7.950% Senior Notes due 2053,$24.15,-0.02,-0.083%,20150,3045279934.00,United States,2023,Life Insurance,Finance,/market-activity/stocks/fgn
FGSN,F&G Annuities & Life Inc. 7.300% Junior Subordinated Notes due 2065,$20.91,-0.02,-0.096%,9022,0.00,United States,2025,Life Insurance,Finance,/market-activity/stocks/fgsn
FHI,Federated Hermes Inc. Common Stock,$60.73,-1.44,-2.316%,506013,4534118865.00,United States,,Investment Managers,Finance,/market-activity/stocks/fhi
FHN,First Horizon Corporation Common Stock,$24.57,0.54,2.247%,3368175,11640704772.00,United States,,Major Banks,Finance,/market-activity/stocks/fhn
FHN^E,First Horizon Corporation Depositary Shares each representing a 1/4000th interest in a share of Non-Cumulative Perpetual Preferred Stock Series E,$23.30,-0.19,-0.809%,12097,,United States,,,,/market-activity/stocks/fhn^e
FHN^F,First Horizon Corporation Depositary Shares each representing 1/4000th Interest in a Share of Non-Cumulative Perpetual Preferred Stock Series F,$16.96,0.05,0.296%,2003,,United States,,,,/market-activity/stocks/fhn^f
FHN^H,First Horizon Corporation Depositary Shares each representing a 1/4000th interest in a share of Non-Cumulative Perpetual Preferred Stock Series H,$24.375,-0.135,-0.551%,22833,,United States,,,,/market-activity/stocks/fhn^h
FICO,Fair Isaac Corporation Common Stock,$1099.45,-4.23,-0.383%,165517,23745519801.00,United States,,Business Services,Consumer Discretionary,/market-activity/stocks/fico
FIG,Figma Inc. Class A Common Stock,$25.73,-1.47,-5.404%,9630028,13714343878.00,United States,2025,Computer Software: Prepackaged Software,Technology,/market-activity/stocks/fig
FIGS,FIGS Inc. Class A Common Stock,$15.00,-0.26,-1.704%,1737162,2492103630.00,United States,2021,Apparel,Consumer Discretionary,/market-activity/stocks/figs
FINS,Angel Oak Financial Strategies Income Term Trust Common Shares of Beneficial Interest,$12.67,-0.079,-0.62%,80052,317543623.00,,2019,Finance/Investors Services,Finance,/market-activity/stocks/fins
FINV,FinVolution Group American Depositary Shares,$3.44,0.12,3.614%,1442359,812163367.00,United States,2017,Finance: Consumer Services,Finance,/market-activity/stocks/finv
FIRY,Firy Inc. Class A Common Stock,$9.95,0.04,0.404%,107702,165391457.00,United States,2020,EDP Services,Technology,/market-activity/stocks/firy
FIS,Fidelity National Information Services Inc. Common Stock,$41.87,1.04,2.547%,6727726,21592606745.00,United States,,Business Services,Consumer Discretionary,/market-activity/stocks/fis
FITB,Fifth Third Bancorp Common Stock,$54.40,1.39,2.622%,4413760,49334955482.00,United States,,Major Banks,Finance,/market-activity/stocks/fitb
FITB^A,Fifth Third Bancorp Depositary Shares each representing 1/40th share of Fifth Third 6.00% Non-Cumulative Perpetual Class B Preferred Stock Series A,$22.375,-0.055,-0.245%,5861,,United States,,,,/market-activity/stocks/fitb^a
FITB^I,Fifth Third Bancorp Depositary Share repstg 1/1000th Ownership Interest Perp Pfd Series I,$25.511,0.001,0.004%,17519,,United States,,,,/market-activity/stocks/fitb^i
FITB^K,Fifth Third Bancorp Depositary Shares each representing a 1/1000th ownership interest in a share of Non-Cumulative Perpetual Preferred Stock Series K,$17.94,0.00,0.00%,75575,,United States,,,,/market-activity/stocks/fitb^k
FITB^M,Fifth Third Bancorp Depositary Shares Representing a 1/40th Ownership Interest in a Share of 6.875% Fixed-Rate Reset Non-Cumulative Perpetual Preferred Stock Series M,$25.36,0.01,0.039%,7969,,United States,,,,/market-activity/stocks/fitb^m
FIX,Comfort Systems USA Inc. Common Stock,$1560.13,5.76,0.371%,329965,54907728503.00,United States,1997,Engineering & Construction,Industrials,/market-activity/stocks/fix
FLC,Flaherty & Crumrine Total Return Fund Inc Common Stock,$16.49,-0.05,-0.302%,22076,0.00,United States,2003,Trusts Except Educational Religious and Charitable,Finance,/market-activity/stocks/flc
FLG,Flagstar Bank N.A. Common Stock,$13.49,0.43,3.292%,4826209,5599602358.00,United States,,Banks,Finance,/market-activity/stocks/flg
FLG^A,Flagstar Bank N.A. Depositary shares each representing a 1/40th interest in a share of Fixed-to-Floating Rate Series A Noncumulative Perpetual Preferred Stock,$23.85,0.05,0.21%,26783,,United States,,,,/market-activity/stocks/flg^a
FLG^U,Flagstar Bank N.A. Bifurcated Option Note Unit SecuritiES,$40.05,-0.10,-0.249%,1741,,United States,,,,/market-activity/stocks/flg^u
FLNG,FLEX LNG Ltd. Ordinary Shares,$31.78,0.31,0.985%,651939,1719055709.00,,2019,Marine Transportation,Consumer Discretionary,/market-activity/stocks/flng
FLO,Flowers Foods Inc. Common Stock,$6.68,-0.01,-0.149%,7301585,1416543552.00,United States,,Packaged Foods,Consumer Staples,/market-activity/stocks/flo
FLOC,Flowco Holdings Inc. Class A Common Stock,$21.76,0.06,0.276%,348700,1966086241.00,United States,2025,Oil and Gas Field Machinery,Consumer Discretionary,/market-activity/stocks/floc
FLR,Fluor Corporation Common Stock,$56.60,0.35,0.622%,2663802,7569744392.00,United States,,Military/Government/Technical,Industrials,/market-activity/stocks/flr
FLS,Flowserve Corporation Common Stock,$77.74,1.10,1.435%,1528153,9881747517.00,United States,,Fluid Controls,Industrials,/market-activity/stocks/fls
FLUT,Flutter Entertainment plc Ordinary Shares,$101.98,4.98,5.134%,2504359,17864970006.00,Ireland,2024,Computer Software: Programming Data Processing,Technology,/market-activity/stocks/flut
FMC,FMC Corporation Common Stock,$13.33,1.45,12.205%,6347507,1669273764.00,United States,,Major Chemicals,Industrials,/market-activity/stocks/fmc
FMN,Federated Hermes Premier Municipal Income Fund,$10.85,-0.14,-1.274%,28591,935865123.00,United States,2002,Investment Managers,Finance,/market-activity/stocks/fmn
FMS,Fresenius Medical Care AG American Depositary Shares (Each representing 1/2 of an Ordinary Share),$22.65,-0.09,-0.396%,646947,12651786491.00,Germany,,Misc Health and Biotechnology Services,Health Care,/market-activity/stocks/fms
FMX,Fomento Economico Mexicano S.A.B. de C.V. Common Stock,$121.37,1.41,1.175%,230749,41348509771.00,Mexico,,Beverages (Production/Distribution),Consumer Staples,/market-activity/stocks/fmx
FMY,First Trust Mortgage Income Fund Common Shares of Beneficial Interest,$11.58,-0.055,-0.473%,5490,0.00,United States,2005,Finance/Investors Services,Finance,/market-activity/stocks/fmy
FN,Fabrinet Ordinary Shares,$395.35,-6.72,-1.671%,779633,14167313482.00,Cayman Islands,2010,Telecommunications Equipment,Utilities,/market-activity/stocks/fn
FNB,F.N.B. Corporation Common Stock,$18.28,0.41,2.294%,4071239,6452857768.00,United States,,Major Banks,Finance,/market-activity/stocks/fnb
FND,Floor & Decor Holdings Inc. Common Stock,$47.95,0.21,0.44%,2824729,5106193822.00,United States,2017,RETAIL: Building Materials,Consumer Discretionary,/market-activity/stocks/fnd
FNF,Fidelity National Financial Inc. Common Stock,$46.18,0.14,0.304%,1770627,12385144751.00,United States,2014,Specialty Insurers,Finance,/market-activity/stocks/fnf
FNV,Franco-Nevada Corporation,$259.71,4.29,1.68%,748992,50091257195.00,Canada,,Precious Metals,Basic Materials,/market-activity/stocks/fnv
FOA,Finance of America Companies Inc. Class A Common Stock,$17.29,0.23,1.348%,58044,299236128.00,United States,2021,Finance: Consumer Services,Finance,/market-activity/stocks/foa
FOF,Cohen & Steers Closed-End Opportunity Fund Inc. Common Stock,$13.38,-0.04,-0.298%,89873,657474843.00,United States,2006,Investment Managers,Finance,/market-activity/stocks/fof
FOIL,Londian Wason New Energy Tech Inc. American Depositary Shares each representing five Ordinary Shares,$22.01,-0.47,-2.091%,7123,1720267198.00,,2026,Industrial Specialties,Industrials,/market-activity/stocks/foil
FOR,Forestar Group Inc Common Stock ,$27.19,-0.33,-1.199%,138587,1387169278.00,United States,2017,Real Estate,Finance,/market-activity/stocks/for
FOUR,Shift4 Payments Inc. Class A Common Stock,$44.23,3.15,7.668%,1485634,3492406108.00,United States,2020,Business Services,Consumer Discretionary,/market-activity/stocks/four
FOUR^A,Shift4 Payments Inc. 6.00% Series A Mandatory Convertible Preferred Stock,$58.00,3.09,5.627%,5384,,United States,,,,/market-activity/stocks/four^a
FPF,First Trust Intermediate Duration Preferred & Income Fund Common Shares of Beneficial Interest,$17.56,-0.07,-0.397%,232916,0.00,United States,2013,Trusts Except Educational Religious and Charitable,Finance,/market-activity/stocks/fpf
FPH,Five Point Holdings LLC Class A Common Shares,$5.05,0.00,0.00%,101912,746792303.00,United States,2017,Real Estate,Finance,/market-activity/stocks/fph
FPI,Farmland Partners Inc. Common Stock,$10.45,-0.10,-0.948%,988078,455941045.00,United States,2014,Real Estate Investment Trusts,Real Estate,/market-activity/stocks/fpi
FPS,Forgent Power Solutions Inc. Class A Common Stock,$29.42,0.15,0.512%,4374093,8956297914.00,United States,2026,Industrial Machinery/Components,Energy,/market-activity/stocks/fps
FR,First Industrial Realty Trust Inc. Common Stock,$61.65,-0.78,-1.249%,910421,8173122121.00,United States,1994,Real Estate Investment Trusts,Real Estate,/market-activity/stocks/fr
FRA,Blackrock Floating Rate Income Strategies Fund Inc  Common Stock,$10.98,-0.04,-0.363%,113601,1633411932.00,United States,2003,Investment Bankers/Brokers/Service,Finance,/market-activity/stocks/fra
FRO,Frontline Plc Ordinary Shares,$45.42,1.10,2.482%,1840818,10111531618.00,Bermuda,,Marine Transportation,Consumer Discretionary,/market-activity/stocks/fro
FRT,Federal Realty Investment Trust Common Stock,$117.94,0.91,0.778%,769964,10247704346.00,United States,,Real Estate Investment Trusts,Real Estate,/market-activity/stocks/frt
FRT^C,Federal Realty Investment Trust Depositary Shares each representing a 1/1000th interest in a 5.000% Series C Cumulative Redeemable Preferred Share,$19.025,0.0351,0.185%,5265,,United States,,,,/market-activity/stocks/frt^c
FSCO,FS Credit Opportunities Corp. Common Stock,$5.24,0.05,0.963%,862533,1039384916.00,United States,2022,Trusts Except Educational Religious and Charitable,Finance,/market-activity/stocks/fsco
FSK,FS KKR Capital Corp. Common Stock,$12.25,-0.02,-0.163%,1074887,3385168430.00,United States,2014,Investment Managers,Finance,/market-activity/stocks/fsk
FSM,Fortuna Mining Corp. Common Shares,$12.26,0.51,4.34%,4798001,3733873565.00,Canada,,Precious Metals,Basic Materials,/market-activity/stocks/fsm
FSS,Federal Signal Corporation Common Stock,$115.12,1.51,1.329%,564610,7027110258.00,United States,,Auto Manufacturing,Industrials,/market-activity/stocks/fss
FSSL,FS Specialty Lending Fund Common Shares of Beneficial Interest,$11.80,-0.01,-0.085%,192180,0.00,United States,2025,Finance/Investors Services,Finance,/market-activity/stocks/fssl
FT,Franklin Universal Trust Common Stock,$7.67,-0.01,-0.13%,57253,192761627.00,United States,,Trusts Except Educational Religious and Charitable,Finance,/market-activity/stocks/ft
FTHY,First Trust High Yield Opportunities 2027 Term Fund Common Stock,$13.29,0.02,0.151%,119412,488713024.00,United States,2020,Investment Managers,Finance,/market-activity/stocks/fthy
FTI,TechnipFMC plc Ordinary Share,$79.67,1.36,1.737%,2648517,31243736792.00,,,Oil and Gas Field Machinery,Consumer Discretionary,/market-activity/stocks/fti
FTK,Flotek Industries Inc. Common Stock,$23.37,0.58,2.545%,465946,846471426.00,United States,,Major Chemicals,Industrials,/market-activity/stocks/ftk
FTRA,FutureCorp Space Acquisition 1 Class A Ordinary Shares,$9.89,0.01,0.101%,18015,0.00,,2026,,,/market-activity/stocks/ftra
FTS,Fortis Inc. Common Shares,$55.05,0.01,0.018%,838115,28125045000.00,United States,2016,Electric Utilities: Central,Utilities,/market-activity/stocks/fts
FTV,Fortive Corporation Common Stock ,$56.60,-0.20,-0.352%,2544276,17094165143.00,United States,2016,Industrial Machinery/Components,Industrials,/market-activity/stocks/ftv
FTW,Presidio Production Company Class A Common Stock,$10.90,0.11,1.019%,173290,341451384.00,,,Oil & Gas Production,Energy,/market-activity/stocks/ftw
FUBO,FuboTV Inc. Class A Common Stock,$11.27,0.73,6.926%,1715900,1230647880.00,United States,2020,Movies/Entertainment,Consumer Discretionary,/market-activity/stocks/fubo
FUL,H. B. Fuller Company Common Stock,$53.91,0.09,0.167%,606443,2899679327.00,United States,,Home Furnishings,Industrials,/market-activity/stocks/ful
FUN,Six Flags Entertainment Corporation Common Stock New,$15.47,1.23,8.638%,2769009,1582833347.00,United States,,Services-Misc. Amusement & Recreation,Consumer Discretionary,/market-activity/stocks/fun
FVR,FrontView REIT Inc. Common Stock,$19.03,-0.37,-1.907%,93913,465396786.00,United States,2024,Real Estate Investment Trusts,Real Estate,/market-activity/stocks/fvr
FVRR,Fiverr International Ltd. Ordinary Shares no par value,$9.43,0.18,1.946%,398988,339015365.00,,2019,Business Services,Consumer Discretionary,/market-activity/stocks/fvrr
G,Genpact Limited Common Stock,$37.49,-0.20,-0.531%,1848396,6299609918.00,Bermuda,2007,Professional Services,Consumer Discretionary,/market-activity/stocks/g
GAB,Gabelli Equity Trust Inc. (The) Common Stock,$5.66,0.04,0.712%,603867,1663005426.00,United States,1986,Investment Managers,Finance,/market-activity/stocks/gab
GAB^G,Gabelli Equity Trust Inc. (The) Series G Cumulative Preferred Stock,$19.20,0.02,0.104%,7131,,United States,,,,/market-activity/stocks/gab^g
GAB^H,Gabelli Equity Trust Inc. (The) Pfd Ser H,$19.10,-0.055,-0.287%,10081,,United States,,,,/market-activity/stocks/gab^h
GAB^K,Gabelli Equity Trust Inc. (The) 5.00% Series K Cumulative Preferred Stock,$19.30,-0.05,-0.258%,6001,,United States,,,,/market-activity/stocks/gab^k
GAM,General American Investors Inc. Common Stock,$66.73,0.42,0.633%,9995,1599892455.00,United States,,Investment Managers,Finance,/market-activity/stocks/gam
GAM^B,General American Investors Company Inc. Cumulative Preferred Stock,$24.76,0.02,0.081%,9274,,United States,,,,/market-activity/stocks/gam^b
GAP,Gap Inc. (The) Common Stock,$22.06,0.06,0.273%,8579414,7749019222.00,United States,,Clothing/Shoe/Accessory Stores,Consumer Discretionary,/market-activity/stocks/gap
GATX,GATX Corporation Common Stock,$175.78,2.24,1.291%,205304,6205034000.00,United States,,Transportation Services,Consumer Discretionary,/market-activity/stocks/gatx
GBAB,Guggenheim Taxable Municipal Bond & Investment Grade Debt Trust Common Shares of Beneficial Interest,$13.61,0.04,0.295%,66369,304821877.00,United States,2010,Investment Managers,Finance,/market-activity/stocks/gbab
GBCI,Glacier Bancorp Inc. Common Stock,$46.40,1.06,2.338%,1043924,6041834619.00,United States,,Major Banks,Finance,/market-activity/stocks/gbci
GBTG,Global Business Travel Group Inc. Class A Common Stock,$9.48,0.02,0.211%,13552849,4952100240.00,United States,2020,Transportation Services,Consumer Discretionary,/market-activity/stocks/gbtg
GBX,Greenbrier Companies Inc. (The) Common Stock,$42.75,0.75,1.786%,533792,1322671577.00,United States,1994,Railroads,Industrials,/market-activity/stocks/gbx
GCO,Genesco Inc. Common Stock,$33.52,1.01,3.107%,274845,372305735.00,United States,,Clothing/Shoe/Accessory Stores,Consumer Discretionary,/market-activity/stocks/gco
GCTS,GCT Semiconductor Holding Inc. Common Stock,$1.73,-0.01,-0.575%,1650659,159107626.00,United States,2021,Semiconductors,Technology,/market-activity/stocks/gcts
GCV,Gabelli Convertible and Income Securities Fund Inc. (The) Common Stock,$4.55,0.03,0.664%,14815,86632132.00,United States,,Finance/Investors Services,Finance,/market-activity/stocks/gcv
GD,General Dynamics Corporation Common Stock,$364.07,-5.34,-1.446%,1575515,98501757984.00,United States,,Marine Transportation,Industrials,/market-activity/stocks/gd
GDDY,GoDaddy Inc. Class A Common Stock,$101.87,1.32,1.313%,1777916,12901601606.00,United States,2015,EDP Services,Technology,/market-activity/stocks/gddy
GDL,GDL Fund The Common Shares of Beneficial Interest,$8.41,0.01,0.119%,1687,0.00,United States,2007,Investment Managers,Finance,/market-activity/stocks/gdl
GDO,Western Asset Global Corporate Opportunity Fund Inc. Common Stock,$10.10,-0.02,-0.198%,33721,0.00,United States,2009,Finance Companies,Finance,/market-activity/stocks/gdo
GDOT,Green Dot Corporation Class A Common Stock $0.001 par value,$13.30,0.19,1.449%,249670,757902881.00,United States,2010,Finance: Consumer Services,Finance,/market-activity/stocks/gdot
GDV,Gabelli Dividend & Income Trust Common Shares of Beneficial Interest,$29.89,-0.03,-0.10%,315871,2695733996.00,United States,2003,Investment Managers,Finance,/market-activity/stocks/gdv
GDV^H,The Gabelli Dividend & Income Trust 5.375% Series H Cumulative Preferred Shares,$21.0132,0.0532,0.254%,5476,,United States,,,,/market-activity/stocks/gdv^h
GDV^K,The Gabelli Dividend & Income Trust 4.250% Series K Cumulative Preferred Shares,$17.00,0.075,0.443%,20357,,United States,,,,/market-activity/stocks/gdv^k
GE,GE Aerospace Common Stock,$329.50,-1.59,-0.48%,2691989,341876848034.00,United States,,Consumer Electronics/Appliances,Technology,/market-activity/stocks/ge
GEF,Greif Inc. Class A Common Stock,$85.57,2.48,2.985%,583156,3950623228.00,United States,,,,/market-activity/stocks/gef
GEL,Genesis Energy L.P. Common Units,$16.25,-0.32,-1.931%,364948,1985332716.00,United States,2001,Oil Refining/Marketing,Energy,/market-activity/stocks/gel
GENI,Genius Sports Limited Ordinary Shares,$7.42,0.24,3.343%,5064215,1985792021.00,Guernsey,2021,Services-Misc. Amusement & Recreation,Consumer Discretionary,/market-activity/stocks/geni
GEO,Geo Group Inc (The) REIT,$30.56,0.03,0.098%,2902800,4022294487.00,United States,,Homebuilding,Consumer Discretionary,/market-activity/stocks/geo
GETY,Getty Images Holdings Inc. Class A Common Stock,$0.2395,0.0041,1.742%,1620952,99347308.00,United States,2022,Business Services,Consumer Discretionary,/market-activity/stocks/gety
GEV,GE Vernova Inc. Common Stock,$921.94,23.41,2.605%,2654541,245543581667.00,United States,2024,Consumer Electronics/Appliances,Technology,/market-activity/stocks/gev
GF,New Germany Fund Inc. (The) Common Stock,$11.45,0.05,0.439%,19359,0.00,United States,1990,Investment Managers,Finance,/market-activity/stocks/gf
GFF,Griffon Corporation Common Stock,$95.83,1.39,1.472%,405126,4340592634.00,United States,,Building Products,Industrials,/market-activity/stocks/gff
GFI,Gold Fields Limited American Depositary Shares,$44.92,0.26,0.582%,4237597,40204489175.00,South Africa,,Precious Metals,Basic Materials,/market-activity/stocks/gfi
GFL,GFL Environmental Inc. Subordinate voting shares no par value,$42.59,1.09,2.627%,2294034,19126332490.00,Canada,2020,Environmental Services,Utilities,/market-activity/stocks/gfl
GFR,Greenfire Resources Ltd. Common Shares,$6.17,-0.12,-1.908%,1636364,773894024.00,Canada,,Oil & Gas Production,Energy,/market-activity/stocks/gfr
GGB,Gerdau S.A. Common Stock,$4.97,0.28,5.97%,11691874,9830749704.00,Brazil,,Steel/Iron Ore,Industrials,/market-activity/stocks/ggb
GGG,Graco Inc. Common Stock,$77.66,0.83,1.08%,2235836,12577333972.00,United States,,Fluid Controls,Industrials,/market-activity/stocks/ggg
GGT,Gabelli Multi-Media Trust Inc. (The) Common Stock,$4.04,-0.01,-0.247%,734630,111244434.00,United States,,Trusts Except Educational Religious and Charitable,Finance,/market-activity/stocks/ggt
GGT^E,Gabelli Multi-Media Trust Inc. (The) 5.125% Series E Cumulative Preferred Stock,$20.08,0.10,0.501%,1239,,United States,,,,/market-activity/stocks/ggt^e
GGT^G,Gabelli Multi-Media Trust Inc. (The) 5.125% Series G Cumulative Preferred Shares,$20.13,0.14,0.70%,3864,,United States,,,,/market-activity/stocks/ggt^g
GGZ,Gabelli Global Small and Mid Cap Value Trust (The) Common Shares of Beneficial Interest,$16.311,0.121,0.747%,5301,144710654.00,,2014,Investment Managers,Finance,/market-activity/stocks/ggz
GHC,Graham Holdings Company Common Stock,$1113.13,15.15,1.38%,43239,4714025405.00,United States,,Other Consumer Services,Real Estate,/market-activity/stocks/ghc
GHG,GreenTree Hospitality Group Ltd. American depositary shares each representing one Class A ordinary share,$1.06,0.00,0.00%,7532,106951165.00,,2018,Hotels/Resorts,Consumer Discretionary,/market-activity/stocks/ghg
GHI,Greystone Housing Impact Investors LP Beneficial Unit Certificates representing assignments of limited partnership interests,$6.24,0.03,0.483%,10285,147030062.00,United States,2022,Finance: Consumer Services,Finance,/market-activity/stocks/ghi
GHM,Graham Corporation Common Stock,$83.22,-0.27,-0.323%,148742,976755886.00,United States,1978,Industrial Machinery/Components,Industrials,/market-activity/stocks/ghm
GHY,PGIM Global High Yield Fund Inc.,$11.57,0.03,0.26%,138091,0.00,United States,2012,Trusts Except Educational Religious and Charitable,Finance,/market-activity/stocks/ghy
GIB,CGI Inc. Common Stock,$72.85,-0.87,-1.18%,277439,16893068556.00,Canada,,Professional Services,Consumer Discretionary,/market-activity/stocks/gib
GIC,Global Industrial Company Common Stock,$39.01,0.35,0.905%,115110,1486606382.00,United States,,Industrial Machinery/Components,Industrials,/market-activity/stocks/gic
GIL,Gildan Activewear Inc. Class A Sub. Vot. Common Stock,$51.46,1.19,2.367%,1133727,9529972498.00,Canada,2000,Apparel,Consumer Discretionary,/market-activity/stocks/gil
GIS,General Mills Inc. Common Stock,$40.58,-0.51,-1.241%,6584915,21695263974.00,United States,,Packaged Foods,Consumer Staples,/market-activity/stocks/gis
GJH,Synthetic Fixed-Income Securities Inc 6.375% (STRATS) Cl A-1,$9.49,0.005,0.053%,220,0.00,United States,,Finance: Consumer Services,Finance,/market-activity/stocks/gjh
GJO,Synthetic Fixed-Income Securities Inc. on behalf of STRATS(SM) Trust for Wal-Mart Stores Inc. Securities Series 2004-5,$24.67,0.00,0.00%,5,0.00,United States,,Finance: Consumer Services,Finance,/market-activity/stocks/gjo
GJP,Synthetic Fixed-Income Securities Inc. on behalf of STRATS (SM) Trust for Dominion Resources Inc. Securities Series 2005-6 Floating Rate Structured Repackaged Asset-Backed Trust Securities (STRATS) Certificates,$24.50,0.00,0.00%,6100,0.00,United States,,Finance: Consumer Services,Finance,/market-activity/stocks/gjp
GJR,Synthetic Fixed-Income Securities Inc. STRATS Trust for Procter&Gamble Securities Series 2006-1,$24.72,0.00,0.00%,4,0.00,United States,,Finance: Consumer Services,Finance,/market-activity/stocks/gjr
GJS,Goldman Sachs Group Securities STRATS Trust for Goldman Sachs Group Securities Series 2006-2,$23.20,0.00,0.00%,4,7239305566.00,United States,,Finance: Consumer Services,Finance,/market-activity/stocks/gjs
GJT,Synthetic Fixed-Income Securities Inc. Floating Rate Structured Repackaged Asset-Backed Trust Securities Certificates Series 2006-3,$23.26,-0.1169,-0.50%,400,0.00,United States,,Finance: Consumer Services,Finance,/market-activity/stocks/gjt
GKOS,Glaukos Corporation Common Stock,$179.53,2.83,1.602%,768779,10589386210.00,United States,2015,Medical/Dental Instruments,Health Care,/market-activity/stocks/gkos
GL,Globe Life Inc. Common Stock,$173.34,1.04,0.604%,276762,13321083143.00,United States,,Life Insurance,Finance,/market-activity/stocks/gl
GL^D,Globe Life Inc. 4.25% Junior Subordinated Debentures due 2061,$14.75,0.00,0.00%,19626,,United States,,,,/market-activity/stocks/gl^d
GLAS,Glass House Brands Inc. Subordinate Voting Shares,$8.55,0.06,0.707%,660349,752382763.00,,, Medicinal Chemicals and Botanical Products ,Health Care,/market-activity/stocks/glas
GLED,GalaxyEdge Acquisition Corporation Ordinary Shares,$10.01,-0.01,-0.10%,5969,0.00,,2026,Blank Checks,Finance,/market-activity/stocks/gled
GLOB,Globant S.A. Common Shares,$38.88,-0.80,-2.016%,906178,1678821137.00,United States,2014,EDP Services,Technology,/market-activity/stocks/glob
GLOP^A,GasLog Partners LP 8.625% Series A Cumulative Redeemable Perpetual Fixed to Floating Rate Preference Units,$25.55,-0.10,-0.39%,5108,,Greece,,,,/market-activity/stocks/glop^a
GLOP^B,GasLog Partners LP 8.200% Series B Cumulative Redeemable Perpetual Fixed to Floating Rate Preference Units,$25.90,0.05,0.193%,2006,,Greece,,,,/market-activity/stocks/glop^b
GLOP^C,GasLog Partners LP 8.500% Series C Cumulative Redeemable Perpetual Fixed to Floating Rate Preference Units,$25.82,0.16,0.624%,3827,,Greece,,,,/market-activity/stocks/glop^c
GLP,Global Partners LP Common Units representing Limited Partner Interests,$52.59,0.60,1.154%,73781,1787826658.00,United States,2005,Oil Refining/Marketing,Energy,/market-activity/stocks/glp
GLW,Corning Incorporated Common Stock,$144.13,-1.43,-0.982%,7863705,124151900147.00,United States,,Telecommunications Equipment,Industrials,/market-activity/stocks/glw
GM,General Motors Company Common Stock,$84.87,-0.76,-0.888%,5887898,74469312285.00,United States,2010,Auto Manufacturing,Industrials,/market-activity/stocks/gm
GME,GameStop Corporation Common Stock,$18.97,0.16,0.851%,4756037,8511673145.00,United States,2002,Electronics Distribution,Consumer Discretionary,/market-activity/stocks/gme
GMED,Globus Medical Inc. Class A Common Stock,$80.66,0.18,0.224%,826221,10829565983.00,United States,2012,Medical/Dental Instruments,Health Care,/market-activity/stocks/gmed
GMRS,GMR Solutions Inc. Class A Common Stock,$12.79,-0.18,-1.388%,470475,690937684.00,,2026,Transportation Services,Consumer Discretionary,/market-activity/stocks/gmrs
GNE,Genie Energy Ltd. Class B Common Stock Stock,$15.26,0.08,0.527%,77224,401637447.00,United States,2011,Power Generation,Utilities,/market-activity/stocks/gne
GNK,Genco Shipping & Trading Limited Ordinary Shares New (Marshall Islands),$27.00,0.97,3.726%,797708,1176838335.00,United States,,Marine Transportation,Consumer Discretionary,/market-activity/stocks/gnk
GNL,Global Net Lease Inc. Common Stock,$9.15,0.02,0.219%,1491222,2116558392.00,United States,2015,Real Estate Investment Trusts,Real Estate,/market-activity/stocks/gnl
GNL^A,Global Net Lease Inc. 7.25% Series A Cumulative Redeemable Preferred Stock $0.01 par value per share,$22.95,-0.0501,-0.218%,11328,,United States,,,,/market-activity/stocks/gnl^a
GNL^B,Global Net Lease Inc. 6.875% Series B Cumulative Redeemable Perpetual Preferred Stock,$22.325,0.2451,1.11%,20075,,United States,,,,/market-activity/stocks/gnl^b
GNL^D,Global Net Lease Inc. 7.50% Series D Cumulative Redeemable Perpetual Preferred Stock,$23.62,0.05,0.212%,2712,,United States,,,,/market-activity/stocks/gnl^d
GNL^E,Global Net Lease Inc. 7.375% Series E Cumulative Redeemable Perpetual Preferred Stock,$23.405,0.255,1.102%,9405,,United States,,,,/market-activity/stocks/gnl^e
GNRC,Generac Holdlings Inc. Common Stock,$180.76,-0.66,-0.364%,782856,10665989814.00,United States,2010,Metal Fabrications,Consumer Discretionary,/market-activity/stocks/gnrc
GNT,GAMCO Natural Resources Gold & Income Trust,$9.10,-0.02,-0.219%,40977,168126495.00,United States,2011,Finance/Investors Services,Finance,/market-activity/stocks/gnt
GNT^A,GAMCO Natural Resources Gold & Income Tust  5.20% Series A Cumulative Preferred Shares (Liquidation Preference $25.00 per share),$19.86,0.23,1.172%,1201,,United States,,,,/market-activity/stocks/gnt^a
GNW,Genworth Financial Inc Common Stock,$10.13,0.13,1.30%,3771759,3827631005.00,United States,2004,Life Insurance,Finance,/market-activity/stocks/gnw
GOF,Guggenheim Strategic Opportunities Fund Common Shares of Beneficial Interest,$9.40,0.06,0.642%,2849606,0.00,United States,,Finance/Investors Services,Finance,/market-activity/stocks/gof
GOLD,Gold.com Inc. Common Stock,$43.82,0.66,1.529%,681556,1270971669.00,United States,,Other Specialty Stores,Industrials,/market-activity/stocks/gold
GOLF,Acushnet Holdings Corp. Common Stock,$86.87,0.98,1.141%,367518,5073646172.00,United States,2016,Recreational Games/Products/Toys,Consumer Discretionary,/market-activity/stocks/golf
GOOS,Canada Goose Holdings Inc. Subordinate Voting Shares,$8.15,0.07,0.866%,643218,795942855.00,,2017,Apparel,Consumer Discretionary,/market-activity/stocks/goos
GOTU,Gaotu Techedu Inc. American Depositary Shares,$2.19,0.03,1.389%,908011,522187634.00,China,2019,Other Consumer Services,Real Estate,/market-activity/stocks/gotu
GPC,Genuine Parts Company Common Stock,$137.15,2.31,1.713%,745217,18907465810.00,United States,,Automotive Aftermarket,Consumer Discretionary,/market-activity/stocks/gpc
GPGI,GPGI Inc. Class A Common Stock,$14.25,1.16,8.862%,2228403,4130933669.00,United States,,Finance: Consumer Services,Finance,/market-activity/stocks/gpgi
GPI,Group 1 Automotive Inc. Common Stock,$276.41,6.91,2.564%,344417,3295422212.00,United States,1997,Retail-Auto Dealers and Gas Stations,Consumer Discretionary,/market-activity/stocks/gpi
GPJA,Georgia Power Company Series 2017A 5.00% Junior Subordinated Notes due October 1 2077,$20.40,-0.05,-0.244%,19451,188934600.00,United States,2017,Electric Utilities: Central,Utilities,/market-activity/stocks/gpja
GPK,Graphic Packaging Holding Company,$10.98,0.13,1.198%,4068623,3250865872.00,United States,,Containers/Packaging,Consumer Discretionary,/market-activity/stocks/gpk
GPMT,Granite Point Mortgage Trust Inc. Common Stock,$1.03,0.02,1.98%,331895,49644111.00,United States,2017,Real Estate Investment Trusts,Real Estate,/market-activity/stocks/gpmt
GPMT^A,Granite Point Mortgage Trust Inc. 7.00% Series A Fixed-to-Floating Rate Cumulative Redeemable Preferred Stock,$16.29,-0.28,-1.69%,8169,,United States,,,,/market-activity/stocks/gpmt^a
GPN,Global Payments Inc. Common Stock,$92.81,2.75,3.054%,1968452,24559232776.00,United States,,Business Services,Consumer Discretionary,/market-activity/stocks/gpn
GPOR,Gulfport Energy Corporation Common Shares,$180.45,-2.16,-1.183%,181919,3191053620.00,United States,2021,Oil & Gas Production,Energy,/market-activity/stocks/gpor
GPRK,Geopark Ltd Common Shares,$11.69,0.46,4.096%,1153987,758631353.00,Bermuda,2014,Oil & Gas Production,Energy,/market-activity/stocks/gprk
GRBK,Green Brick Partners Inc. Common Stock,$70.98,0.05,0.07%,489170,3052899202.00,United States,2021,Homebuilding,Consumer Discretionary,/market-activity/stocks/grbk
GRBK^A,Green Brick Partners Inc. Depositary Shares (each representing a 1/1000th fractional interest in a share of 5.75% Series A Cumulative Perpetual Preferred Stock),$22.98,0.09,0.393%,149,,United States,,,,/market-activity/stocks/grbk^a
GRC,Gorman-Rupp Company (The) Common Stock,$73.94,-0.05,-0.068%,194148,1952773367.00,United States,1971,Fluid Controls,Industrials,/market-activity/stocks/grc
GRDN,Guardian Pharmacy Services Inc. Class A Common Stock,$39.04,0.17,0.437%,469758,2472883548.00,United States,2024,Retail-Drug Stores and Proprietary Stores,Consumer Staples,/market-activity/stocks/grdn
GRMN,Garmin Ltd. Common Stock (Switzerland),$276.04,0.87,0.316%,972855,53235014037.00,Switzerland,2000,Industrial Machinery/Components,Industrials,/market-activity/stocks/grmn
GRND,Grindr Inc. Common Stock,$15.67,0.14,0.901%,673527,2723769225.00,Singapore,2021,Computer Software: Programming Data Processing,Technology,/market-activity/stocks/grnd
GRNT,Granite Ridge Resources Inc. Common Stock,$5.16,0.10,1.976%,3152342,680605249.00,United States,2022,Oil & Gas Production,Energy,/market-activity/stocks/grnt
GROV,Grove Collaborative Holdings Inc. Class A Common Stock,$1.10,0.07,6.796%,462967,46971151.00,,2021,Catalog/Specialty Distribution,Consumer Discretionary,/market-activity/stocks/grov
GRX,The Gabelli Healthcare & Wellness Trust Common Shares of Beneficial Interest,$10.09,0.05,0.498%,5600,172468098.00,United States,,Finance/Investors Services,Finance,/market-activity/stocks/grx
GS,Goldman Sachs Group Inc. (The) Common Stock,$1004.42,1.86,0.186%,2194101,292458385623.00,United States,1999,Investment Bankers/Brokers/Service,Finance,/market-activity/stocks/gs
GS^A,Goldman Sachs Group Inc. (The) Depositary Shares each representing 1/1000th Interest in a Share of Floating Rate Non-Cumulative Preferred Stock Series A,$19.05,-0.01,-0.052%,36979,,United States,,,,/market-activity/stocks/gs^a
GS^C,Goldman Sachs Group Inc. (The) Depositary Share repstg 1/1000th Preferred Series C,$19.0801,0.0301,0.158%,3597,,United States,,,,/market-activity/stocks/gs^c
GS^D,Goldman Sachs Group Inc. (The) Dep Shs repstg 1/1000 Pfd Ser D Fltg,$18.63,0.07,0.377%,84923,,United States,,,,/market-activity/stocks/gs^d
GSBD,Goldman Sachs BDC Inc. Common Stock,$9.93,-0.20,-1.974%,1342992,1117810835.00,United States,2015,Investment Managers,Finance,/market-activity/stocks/gsbd
GSK,GSK plc American Depositary Shares (Each representing two Ordinary Shares),$50.44,-0.22,-0.434%,2938447,102147459044.00,United Kingdom,2022,Biotechnology: Pharmaceutical Preparations,Health Care,/market-activity/stocks/gsk
GSL,Global Ship Lease Inc New Class A Common Shares,$45.13,0.65,1.461%,209653,1620990352.00,United Kingdom,,Marine Transportation,Consumer Discretionary,/market-activity/stocks/gsl
GSL^B,Global Ship Lease Inc. Depository Shares Representing 1/100th Perpetual Preferred Series B% (Marshall Island),$26.68,-0.022,-0.082%,3640,,United Kingdom,,,,/market-activity/stocks/gsl^b
GTES,Gates Industrial Corporation Ltd. Common Shares,$24.91,0.11,0.444%,1858382,6305995645.00,United Kingdom,2018,Industrial Machinery/Components,Industrials,/market-activity/stocks/gtes
GTN,Gray Media Inc. Common Stock,$4.93,0.19,4.008%,1034811,507713008.00,United States,,Broadcasting,Industrials,/market-activity/stocks/gtn
GTY,Getty Realty Corporation Common Stock,$32.49,0.11,0.34%,398607,2012193391.00,United States,,Real Estate,Finance,/market-activity/stocks/gty
GUG,Guggenheim Active Allocation Fund Common Shares of Beneficial Interest,$15.38,0.03,0.195%,95076,0.00,United States,2021,Trusts Except Educational Religious and Charitable,Finance,/market-activity/stocks/gug
GUT,Gabelli Utility Trust (The) Common Stock,$6.56,0.11,1.705%,158652,481497630.00,United States,,Trusts Except Educational Religious and Charitable,Finance,/market-activity/stocks/gut
GUT^C,Gabelli Utility Trust (The) 5.375% Series C Cumulative Preferred Shares,$20.60,-0.07,-0.339%,5503,,United States,,,,/market-activity/stocks/gut^c
GVA,Granite Construction Incorporated Common Stock,$119.03,1.10,0.933%,398402,5209289625.00,United States,,Military/Government/Technical,Industrials,/market-activity/stocks/gva
GWH,ESS Tech Inc. Common Stock,$0.325,-0.0152,-4.468%,1622852,17358030.00,United States,,Industrial Machinery/Components,Miscellaneous,/market-activity/stocks/gwh
GWRE,Guidewire Software Inc. Common Stock,$192.76,-8.33,-4.142%,1814174,16048496725.00,United States,2012,Computer Software: Prepackaged Software,Technology,/market-activity/stocks/gwre
GWW,W.W. Grainger Inc. Common Stock,$1284.85,-24.36,-1.861%,292162,60517645329.00,United States,,Office Equipment/Supplies/Services,Industrials,/market-activity/stocks/gww
GXO,GXO Logistics Inc. Common Stock ,$46.37,0.20,0.433%,1134711,5317923928.00,United States,2021,Transportation Services,Consumer Discretionary,/market-activity/stocks/gxo
H,Hyatt Hotels Corporation Class A Common Stock,$165.02,2.47,1.52%,1096260,15545148197.00,United States,2009,Hotels/Resorts,Consumer Discretionary,/market-activity/stocks/h
HAE,Haemonetics Corporation Common Stock,$102.92,0.97,0.951%,777713,4682556489.00,United States,1991,Medical/Dental Instruments,Health Care,/market-activity/stocks/hae
HAFN,Hafnia Limited Common Shares,$8.88,0.29,3.376%,1810878,4438057988.00,,2024,Transportation Services,Consumer Discretionary,/market-activity/stocks/hafn
HAL,Halliburton Company Common Stock,$37.63,0.83,2.255%,11084110,31350695710.00,United States,,Oilfield Services/Equipment,Energy,/market-activity/stocks/hal
HASI,HA Sustainable Infrastructure Capital Inc. Common Stock,$39.83,0.31,0.784%,1033419,5117987316.00,United States,2013,Finance/Investors Services,Finance,/market-activity/stocks/hasi
HAWK,HawkEye 360 Inc. Common Stock,$17.65,-0.71,-3.867%,2607694,1729091993.00,United States,2026,EDP Services,Technology,/market-activity/stocks/hawk
HAYW,Hayward Holdings Inc. Common Stock,$13.63,0.02,0.147%,2139105,2891189903.00,United States,2021,Industrial Machinery/Components,Industrials,/market-activity/stocks/hayw
HBB,Hamilton Beach Brands Holding Company Class A Common Stock ,$31.51,1.05,3.447%,86527,423567881.00,United States,2017,Home Furnishings,Consumer Discretionary,/market-activity/stocks/hbb
HBM,Hudbay Minerals Inc. Ordinary Shares (Canada),$27.32,0.30,1.11%,2983955,12134034843.00,Canada,,Metal Mining,Basic Materials,/market-activity/stocks/hbm
HCA,HCA Healthcare Inc. Common Stock,$402.06,-11.52,-2.785%,1535030,87046593090.00,United States,2011,Hospital/Nursing Management,Health Care,/market-activity/stocks/hca
HCC,Warrior Met Coal Inc. Common Stock,$108.53,2.30,2.165%,462191,5730610502.00,United States,2017,Coal Mining,Energy,/market-activity/stocks/hcc
HCI,HCI Group Inc. Common Stock,$187.37,-0.49,-0.261%,121185,2330670510.00,United States,,Property-Casualty Insurers,Finance,/market-activity/stocks/hci
HCXY,Hercules Capital Inc. 6.25% Notes due 2033,$24.9201,-0.1899,-0.756%,1077,4527376188.00,United States,2018,Investment Managers,Finance,/market-activity/stocks/hcxy
HD,Home Depot Inc. (The) Common Stock,$318.51,-1.26,-0.394%,3509014,317774122777.00,United States,,RETAIL: Building Materials,Consumer Discretionary,/market-activity/stocks/hd
HDB,HDFC Bank Limited Common Stock,$23.21,0.26,1.133%,11156579,119093359631.00,India,2001,Commercial Banks,Finance,/market-activity/stocks/hdb
HE,Hawaiian Electric Industries Inc. Common Stock,$10.95,-0.13,-1.173%,2601922,1891371644.00,United States,,Electric Utilities: Central,Utilities,/market-activity/stocks/he
HEI,Heico Corporation Common Stock,$322.90,-2.25,-0.692%,439588,45127666075.00,United States,2000,Aerospace,Industrials,/market-activity/stocks/hei
HEI/A,Heico Corporation,$239.83,-2.17,-0.897%,222324,,United States,,,,/market-activity/stocks/hei/a
HEQ,John Hancock Diversified Income Fund Common Shares of Beneficial Interest,$11.70,0.05,0.429%,9153,0.00,United States,2011,Investment Managers,Finance,/market-activity/stocks/heq
HESM,Hess Midstream LP Class A Representing Limited Partner Interests,$40.03,-0.20,-0.497%,2233186,5137885766.00,United States,2017,Oil & Gas Production,Energy,/market-activity/stocks/hesm
HFRO,Highland Opportunities and Income Fund Common Shares of Beneficial Interest,$7.37,-0.03,-0.405%,66558,0.00,United States,2017,Finance/Investors Services,Finance,/market-activity/stocks/hfro
HFRO^A,Highland Opportunities and Income Fund 5.375% Series A Cumulative Preferred Shares,$16.50,0.0563,0.342%,2623,,United States,,,,/market-activity/stocks/hfro^a
HFRO^B,Highland Opportunities and Income Fund 5.375% Series B Cumulative Preferred Shares,$16.40,0.09,0.552%,12589,,United States,,,,/market-activity/stocks/hfro^b
HG,Hamilton Insurance Group Ltd. Class B Common Shares,$35.50,0.45,1.284%,469349,2953981164.00,Bermuda,2023,Property-Casualty Insurers,Finance,/market-activity/stocks/hg
HGLB,Highland Global Allocation Fund Common Stock,$7.44,0.02,0.27%,81860,0.00,,2019,Trusts Except Educational Religious and Charitable,Finance,/market-activity/stocks/hglb
HGTY,Hagerty Inc. Class A Common Stock,$13.23,0.11,0.838%,80497,4546128043.00,United States,2021,Specialty Insurers,Finance,/market-activity/stocks/hgty
HGV,Hilton Grand Vacations Inc. Common Stock ,$42.17,0.97,2.354%,1173245,3277627195.00,United States,2016,Hotels/Resorts,Consumer Discretionary,/market-activity/stocks/hgv
HHH,Howard Hughes Holdings Inc. Common Stock,$63.18,0.07,0.111%,453953,3773175054.00,United States,,Real Estate Investment Trusts,Real Estate,/market-activity/stocks/hhh
HIG,The Hartford Insurance Group Inc. Common Stock,$137.21,0.08,0.058%,1138819,37166347394.00,United States,,Property-Casualty Insurers,Finance,/market-activity/stocks/hig
HIG^G,The Hartford Insurance Group Inc. Depositary Shares each representing a 1/1000th interest in a share of 6.000% Non-Cumulative Preferred Stock Series G,$23.85,-0.15,-0.625%,39803,,United States,,,,/market-activity/stocks/hig^g
HII,Huntington Ingalls Industries Inc. Common Stock,$288.72,-3.70,-1.265%,354614,11376895535.00,United States,,Marine Transportation,Industrials,/market-activity/stocks/hii
HIMS,Hims & Hers Health Inc. Class A Common Stock,$28.68,0.24,0.844%,7896351,6691428685.00,United States,2019,Medical/Nursing Services,Health Care,/market-activity/stocks/hims
HIO,Western Asset High Income Opportunity Fund Inc. Common Stock,$3.47,-0.02,-0.573%,473048,0.00,United States,,Finance/Investors Services,Finance,/market-activity/stocks/hio
HIPO,Hippo Holdings Inc. Common Stock,$33.90,0.69,2.078%,189744,894600016.00,United States,2021,Property-Casualty Insurers,Finance,/market-activity/stocks/hipo
HIW,Highwoods Properties Inc. Common Stock,$30.86,0.46,1.513%,1476626,3404049671.00,United States,1994,Real Estate Investment Trusts,Real Estate,/market-activity/stocks/hiw
HIX,Western Asset High Income Fund II Inc. Common Stock,$3.88,-0.02,-0.513%,318176,0.00,United States,1998,Finance/Investors Services,Finance,/market-activity/stocks/hix
HKD,AMTD Digital Inc. American Depositary Shares (every five of which represent two Class A Ordinary Shares),$1.68,0.01,0.599%,71499,211955471.00,,2022,Finance: Consumer Services,Finance,/market-activity/stocks/hkd
HL,Hecla Mining Company Common Stock,$20.77,1.66,8.687%,28249859,13952630312.00,United States,,Mining & Quarrying of Nonmetallic Minerals (No Fuels),Industrials,/market-activity/stocks/hl
HL^B,Hecla Mining Company Preferred Stock,$72.99,-0.01,-0.014%,127,,United States,,,,/market-activity/stocks/hl^b
HLF,Herbalife Ltd. Common Shares,$12.16,0.64,5.556%,2630602,1274409101.00,Cayman Islands,2004,Other Pharmaceuticals,Health Care,/market-activity/stocks/hlf
HLI,Houlihan Lokey Inc. Class A Common Stock,$133.21,0.31,0.233%,714117,9309580665.00,United States,2015,Investment Managers,Finance,/market-activity/stocks/hli
HLIO,Helios Technologies Inc. Common Stock,$70.51,0.06,0.085%,317945,2323345184.00,United States,2021,Metal Fabrications,Industrials,/market-activity/stocks/hlio
HLLY,Holley Inc. Common Stock,$2.93,0.06,2.091%,648597,355216039.00,United States,2020,Auto Parts:O.E.M.,Consumer Discretionary,/market-activity/stocks/hlly
HLN,Haleon plc American Depositary Shares (Each representing two Ordinary Shares),$9.91,-0.16,-1.589%,10528480,44131566233.00,United Kingdom,2022,Package Goods/Cosmetics,Consumer Discretionary,/market-activity/stocks/hln
HLT,Hilton Worldwide Holdings Inc. Common Stock ,$311.51,-0.48,-0.154%,1276498,70109970114.00,United States,2016,Hotels/Resorts,Consumer Discretionary,/market-activity/stocks/hlt
HMC,Honda Motor Company Ltd. Common Stock,$32.44,0.41,1.28%,834023,42091769846.00,Japan,,Auto Manufacturing,Industrials,/market-activity/stocks/hmc
HMN,Horace Mann Educators Corporation Common Stock,$51.50,0.80,1.578%,198995,2085804281.00,United States,1991,Property-Casualty Insurers,Finance,/market-activity/stocks/hmn
HMY,Harmony Gold Mining Company Limited,$19.45,0.22,1.144%,5148529,12346232232.00,South Africa,,Precious Metals,Basic Materials,/market-activity/stocks/hmy
HNGE,Hinge Health Inc. Class A Common Stock,$91.85,1.83,2.033%,2540776,7411782201.00,United States,2025,EDP Services,Technology,/market-activity/stocks/hnge
HNI,HNI Corporation Common Stock,$48.35,0.89,1.875%,503139,3489990030.00,United States,,Office Equipment/Supplies/Services,Consumer Discretionary,/market-activity/stocks/hni
HOG,Harley-Davidson Inc. Common Stock,$27.81,0.66,2.431%,1455207,2894256420.00,United States,,Motor Vehicles,Consumer Discretionary,/market-activity/stocks/hog
HOMB,Home BancShares Inc. Common Stock,$29.69,0.59,2.027%,1585087,5939473515.00,United States,2006,Major Banks,Finance,/market-activity/stocks/homb
HOS,Hornbeck Offshore Services Inc. Common Stock,$10.33,-0.27,-2.547%,3684957,1913125111.00,United States,,Oilfield Services/Equipment,Energy,/market-activity/stocks/hos
HOV,Hovnanian Enterprises Inc. Class A Common Stock,$117.69,-1.75,-1.465%,140621,701419454.00,United States,1983,Homebuilding,Consumer Discretionary,/market-activity/stocks/hov
HP,Helmerich & Payne Inc. Common Stock,$47.64,1.43,3.095%,1983570,4761091340.00,United States,,Oil & Gas Production,Energy,/market-activity/stocks/hp
HPE,Hewlett Packard Enterprise Company Common Stock,$51.83,0.96,1.887%,60701438,68633468493.00,United States,2015,Retail: Computer Software & Peripheral Equipment,Technology,/market-activity/stocks/hpe
HPE^C,Hewlett Packard Enterprise Company 7.625% Series C Mandatory Convertible Preferred Stock,$133.24,2.93,2.248%,107833,,United States,,,,/market-activity/stocks/hpe^c
HPF,John Hancock Pfd Income Fund II Pfd Income Fund II,$15.49,0.03,0.194%,34476,0.00,United States,2002,Finance Companies,Finance,/market-activity/stocks/hpf
HPI,John Hancock Preferred Income Fund Common Shares of Beneficial Interest,$15.75,-0.02,-0.127%,83912,0.00,United States,2002,Trusts Except Educational Religious and Charitable,Finance,/market-activity/stocks/hpi
HPP,Hudson Pacific Properties Inc. Common Stock,$13.08,0.29,2.267%,635379,709835132.00,United States,2010,Real Estate,Finance,/market-activity/stocks/hpp
HPP^C,Hudson Pacific Properties Inc. 4.750% Series C Cumulative Redeemable Preferred Stock,$14.25,-0.16,-1.11%,40119,,United States,,,,/market-activity/stocks/hpp^c
HPQ,HP Inc. Common Stock,$31.99,0.67,2.139%,15201893,28848293098.00,United States,,Computer Manufacturing,Technology,/market-activity/stocks/hpq
HPS,John Hancock Preferred Income Fund III Preferred Income Fund III,$13.70,-0.09,-0.653%,120773,0.00,United States,2003,Investment Managers,Finance,/market-activity/stocks/hps
HQH,abrdn Healthcare Investors Shares of Beneficial Interest,$22.74,0.10,0.442%,85218,1076596329.00,United States,1987,Finance Companies,Finance,/market-activity/stocks/hqh
HQL,abrdn Life Sciences Investors Shares of Beneficial Interest,$20.98,0.11,0.527%,141255,538758763.00,United States,1992,Investment Managers,Finance,/market-activity/stocks/hql
HR,Healthcare Realty Trust Incorporated Common Stock,$19.30,-0.06,-0.31%,5127152,6614491368.00,United States,,Real Estate Investment Trusts,Real Estate,/market-activity/stocks/hr
HRB,H&R Block Inc. Common Stock,$50.96,0.04,0.079%,1383744,6281631385.00,United States,,Other Consumer Services,Consumer Discretionary,/market-activity/stocks/hrb
HRI,Herc Holdings Inc. Common Stock ,$137.77,-3.29,-2.332%,483572,4605850040.00,United States,2016,Misc Corporate Leasing Services,Industrials,/market-activity/stocks/hri
HRL,Hormel Foods Corporation Common Stock,$22.05,0.06,0.273%,4527396,12135235140.00,United States,,Meat/Poultry/Fish,Consumer Staples,/market-activity/stocks/hrl
HRTG,Heritage Insurance Holdings Inc. Common Stock,$34.35,0.63,1.868%,242904,1021308490.00,United States,2014,Property-Casualty Insurers,Finance,/market-activity/stocks/hrtg
HSBC,HSBC Holdings plc. Common Stock,$104.94,1.54,1.489%,1389537,360648637874.00,United Kingdom,,Savings Institutions,Finance,/market-activity/stocks/hsbc
HSHP,Himalaya Shipping Ltd. Common Shares,$17.65,0.64,3.762%,363713,825137500.00,,2023,Marine Transportation,Consumer Discretionary,/market-activity/stocks/hshp
HSY,The Hershey Company Common Stock,$177.43,1.43,0.813%,1007691,35650239322.00,United States,,Specialty Foods,Consumer Staples,/market-activity/stocks/hsy
HTB,HomeTrust Bancshares Inc. Common Stock,$47.04,0.60,1.292%,217129,785247187.00,United States,,Savings Institutions,Finance,/market-activity/stocks/htb
HTD,John Hancock Tax Advantaged Dividend Income Fund Common Shares of Beneficial Interest,$25.21,-0.05,-0.198%,30587,0.00,United States,2004,Finance Companies,Finance,/market-activity/stocks/htd
HTFC,Horizon Technology Finance Corporation 6.25% Notes due 2027,$25.04,0.0278,0.111%,7457,1065344804.00,United States,2022,Finance: Consumer Services,Finance,/market-activity/stocks/htfc
HTGC,Hercules Capital Inc. Common Stock,$17.71,0.04,0.226%,1222477,3314674440.00,United States,2012,Investment Managers,Finance,/market-activity/stocks/htgc
HTH,Hilltop Holdings Inc.,$38.53,0.77,2.039%,261350,2207245647.00,United States,,Major Banks,Finance,/market-activity/stocks/hth
HTT,High Templar Tech Limited American depositary shares each representing one Class A ordinary share,$2.55,0.01,0.394%,56094,395972935.00,China,2017,Finance: Consumer Services,Finance,/market-activity/stocks/htt
HUBB,Hubbell Inc Common Stock,$450.08,6.77,1.527%,458669,23778883556.00,United States,2015,Electrical Products,Technology,/market-activity/stocks/hubb
HUBS,HubSpot Inc. Common Stock,$245.51,-5.60,-2.23%,1284222,12242651008.00,United States,2014,Computer Software: Prepackaged Software,Technology,/market-activity/stocks/hubs
HUM,Humana Inc. Common Stock,$400.97,6.09,1.542%,1138239,48148601099.00,United States,,Medical Specialities,Health Care,/market-activity/stocks/hum
HUN,Huntsman Corporation Common Stock,$9.71,0.32,3.408%,1905059,1702926361.00,United States,2005,Major Chemicals,Industrials,/market-activity/stocks/hun
HUYA,HUYA Inc. American depositary shares each  representing one Class A ordinary share,$2.08,-0.02,-0.952%,904669,475001473.00,United States,2018,Computer Software: Programming Data Processing,Technology,/market-activity/stocks/huya
HVT,Haverty Furniture Companies Inc. Common Stock,$27.90,0.71,2.611%,144687,435062165.00,United States,,Other Specialty Stores,Consumer Discretionary,/market-activity/stocks/hvt
HVT/A,Haverty Furniture Companies Inc.,$26.88,-0.33,-1.213%,901,,United States,,,,/market-activity/stocks/hvt/a
HWM,Howmet Aerospace Inc. Common Stock,$252.96,-1.93,-0.757%,3637518,100880801891.00,United States,,Metal Fabrications,Industrials,/market-activity/stocks/hwm
HXL,Hexcel Corporation Common Stock,$91.75,-0.33,-0.358%,789652,6938451721.00,United States,,Major Chemicals,Industrials,/market-activity/stocks/hxl
HY,Hyster-Yale Inc. Class A common stock,$33.44,0.62,1.889%,111946,599592141.00,United States,,Construction/Ag Equipment/Trucks,Industrials,/market-activity/stocks/hy
HYI,Western Asset High Yield Opportunity Fund Inc. Common Stock,$10.33,0.02,0.194%,16883,0.00,,2010,Investment Managers,Finance,/market-activity/stocks/hyi
HYT,Blackrock Corporate High Yield Fund Inc. Common Stock,$8.26,0.02,0.243%,1139613,0.00,United States,2003,Finance Companies,Finance,/market-activity/stocks/hyt
HZO,MarineMax Inc.  (FL) Common Stock,$52.11,-0.01,-0.019%,1025353,1150940334.00,United States,1998,Auto & Home Supply Stores,Consumer Discretionary,/market-activity/stocks/hzo
IAE,Voya Asia Pacific High Dividend Equity Income Fund ING Asia Pacific High Dividend Equity Income Fund Common Shares of Beneficial Interest,$8.88,-0.045,-0.504%,10170,0.00,United States,2007,Trusts Except Educational Religious and Charitable,Finance,/market-activity/stocks/iae
IAG,Iamgold Corporation Ordinary Shares,$20.20,0.91,4.717%,4179398,11534200000.00,Canada,,Precious Metals,Basic Materials,/market-activity/stocks/iag
IBM,International Business Machines Corporation Common Stock,$231.70,0.30,0.13%,4654583,218292538163.00,United States,,Computer Manufacturing,Technology,/market-activity/stocks/ibm
IBN,ICICI Bank Limited Common Stock,$30.58,0.39,1.292%,4224712,109478121195.00,India,,Commercial Banks,Finance,/market-activity/stocks/ibn
IBP,Installed Building Products Inc. Common Stock,$235.52,1.38,0.589%,311996,6259927767.00,United States,2014,Homebuilding,Consumer Discretionary,/market-activity/stocks/ibp
IBTA,Ibotta Inc. Class A Common Stock,$37.69,0.42,1.127%,191910,873262752.00,United States,2024,Advertising,Consumer Discretionary,/market-activity/stocks/ibta
ICE,Intercontinental Exchange Inc. Common Stock,$157.85,-1.75,-1.096%,3192992,88616119773.00,United States,2005,Investment Bankers/Brokers/Service,Finance,/market-activity/stocks/ice
ICL,ICL Group Ltd. Ordinary Shares,$5.84,0.07,1.213%,1742765,7537528737.00,Israel,2014,Agricultural Chemicals,Industrials,/market-activity/stocks/icl
ICR^A,InPoint Commercial Real Estate Income Inc. 6.75% Series A Cumulative Redeemable Preferred Stock,$22.75,0.045,0.198%,836,,,,,,/market-activity/stocks/icr^a
IDA,IDACORP Inc. Common Stock,$135.13,-1.26,-0.924%,478442,7816195271.00,United States,,Electric Utilities: Central,Utilities,/market-activity/stocks/ida
IDE,Voya Infrastructure Industrials and Materials Fund Common Shares of Beneficial Interest,$12.98,0.01,0.077%,70241,0.00,United States,2010,Finance/Investors Services,Finance,/market-activity/stocks/ide
IDT,IDT Corporation Class B Common Stock,$68.94,0.59,0.863%,140055,1714438940.00,United States,,Telecommunications Equipment,Telecommunications,/market-activity/stocks/idt
IEX,IDEX Corporation Common Stock,$224.61,1.75,0.785%,599648,16558225841.00,United States,1989,Fluid Controls,Industrials,/market-activity/stocks/iex
IFF,International Flavors & Fragrances Inc. Common Stock,$86.94,1.16,1.352%,1288938,22182737783.00,United States,,Major Chemicals,Industrials,/market-activity/stocks/iff
IFN,Aberdeen India Fund Inc. Common Stock,$11.57,0.08,0.696%,73274,0.00,United States,,Finance/Investors Services,Finance,/market-activity/stocks/ifn
IFS,Intercorp Financial Services Inc. Common Shares,$55.54,0.33,0.598%,149567,6131488536.00,,2019,Commercial Banks,Finance,/market-activity/stocks/ifs
IGA,Voya Global Advantage and Premium Opportunity Fund Common Shares of Beneficial Interest,$10.53,-0.14,-1.312%,182834,0.00,United States,2005,Investment Managers,Finance,/market-activity/stocks/iga
IGD,Voya Global Equity Dividend and Premium Opportunity Fund,$6.57,0.04,0.613%,131590,0.00,United States,2005,Trusts Except Educational Religious and Charitable,Finance,/market-activity/stocks/igd
IGI,Western Asset Investment Grade Opportunity Trust Inc. Common Stock,$15.80,-0.06,-0.378%,35833,0.00,United States,2009,Investment Managers,Finance,/market-activity/stocks/igi
IGR,CBRE Global Real Estate Income Fund Common Shares of Beneficial Interest,$4.48,-0.03,-0.665%,657713,0.00,United States,2004,Finance Companies,Finance,/market-activity/stocks/igr
IH,iHuman Inc. American depositary shares each representing five Class A ordinary shares,$1.25,0.02,1.626%,5705,63891078.00,United States,2020,Other Consumer Services,Real Estate,/market-activity/stocks/ih
IHD,Voya Emerging Markets High Income Dividend Equity Fund Common Shares,$7.66,0.06,0.789%,29245,0.00,United States,2011,Investment Managers,Finance,/market-activity/stocks/ihd
IHG,Intercontinental Hotels Group American Depositary Shares (Each representing one Ordinary Share),$160.51,5.24,3.375%,209472,24299866198.00,United Kingdom,,Hotels/Resorts,Consumer Discretionary,/market-activity/stocks/ihg
IHS,IHS Holding Limited Ordinary Shares,$8.43,0.03,0.357%,2953811,2828443901.00,Cayman Islands,2021,Telecommunications Equipment,Telecommunications,/market-activity/stocks/ihs
IIF,Morgan Stanley India Investment Fund Inc. Common Stock,$23.09,0.06,0.261%,29040,0.00,United States,1994,Trusts Except Educational Religious and Charitable,Finance,/market-activity/stocks/iif
IIIN,Insteel Industries Inc. Common Stock,$30.34,0.27,0.898%,123218,587329214.00,United States,,Steel/Iron Ore,Industrials,/market-activity/stocks/iiin
IIM,Invesco Value Municipal Income Trust Common Stock,$12.48,-0.10,-0.795%,112644,587414119.00,United States,,Investment Managers,Finance,/market-activity/stocks/iim
IIPR,Innovative Industrial Properties Inc. Common Stock,$56.83,0.66,1.175%,270755,1566879764.00,United States,2016,Real Estate,Finance,/market-activity/stocks/iipr
IIPR^A,Innovative Industrial Properties Inc. 9.00% Series A Cumulative Redeemable Preferred Stock,$24.93,-0.07,-0.28%,19166,,United States,,,,/market-activity/stocks/iipr^a
IMAX,Imax Corporation Common Stock,$51.68,0.55,1.076%,523335,2834240452.00,Canada,,Industrial Machinery/Components,Consumer Discretionary,/market-activity/stocks/imax
INFQ,Infleqtion Inc. Common Stock,$12.65,-0.04,-0.315%,5724726,2850766708.00,,2026,EDP Services,Technology,/market-activity/stocks/infq
INFY,Infosys Limited American Depositary Shares,$11.97,-0.03,-0.25%,11007853,48554630289.00,India,,EDP Services,Technology,/market-activity/stocks/infy
ING,ING Group N.V. Common Stock,$36.37,1.12,3.177%,1589857,105561658713.00,Netherlands,1997,Commercial Banks,Finance,/market-activity/stocks/ing
INGM,Ingram Micro Holding Corporation Common Stock,$27.69,0.08,0.29%,735947,6387028122.00,United States,2024,Retail: Computer Software & Peripheral Equipment,Technology,/market-activity/stocks/ingm
INGR,Ingredion Incorporated Common Stock,$102.60,-1.63,-1.564%,759028,6470364245.00,United States,,Packaged Foods,Consumer Staples,/market-activity/stocks/ingr
INN,Summit Hotel Properties Inc. Common Stock,$5.78,0.06,1.049%,786480,623393016.00,United States,2011,Real Estate Investment Trusts,Real Estate,/market-activity/stocks/inn
INN^E,Summit Hotel Properties Inc. 6.250% Series E Cumulative Redeemable Preferred Stock,$17.7466,-0.0934,-0.524%,2742,,United States,,,,/market-activity/stocks/inn^e
INN^F,Summit Hotel Properties Inc. 5.875% Series F Cumulative Redeemable Preferred Stock $0.01 par value per share,$17.00,0.00,0.00%,3263,,United States,,,,/market-activity/stocks/inn^f
INR,Infinity Natural Resources Inc. Class A Common Stock,$15.82,0.21,1.345%,266599,1003340122.00,United States,2025,Oil & Gas Production,Energy,/market-activity/stocks/inr
INSP,Inspire Medical Systems Inc. Common Stock,$63.07,1.55,2.52%,413062,1823377351.00,United States,2018,Medical/Dental Instruments,Health Care,/market-activity/stocks/insp
INSW,International Seaways Inc. Common Stock ,$101.19,1.43,1.433%,603720,5012073360.00,United States,2016,Marine Transportation,Consumer Discretionary,/market-activity/stocks/insw
INVH,Invitation Homes Inc. Common Stock,$28.84,-0.29,-0.996%,3081390,17033573838.00,United States,2017,Real Estate,Finance,/market-activity/stocks/invh
INVX,Innovex International Inc. Common Stock,$31.15,0.90,2.975%,787388,2178501011.00,United States,,Oil and Gas Field Machinery,Consumer Discretionary,/market-activity/stocks/invx
IONQ,IonQ Inc. Common Stock,$37.64,-0.14,-0.371%,13313198,14340927099.00,United States,2021,EDP Services,Technology,/market-activity/stocks/ionq
IOT,Samsara Inc. Class A Common Stock,$36.79,-2.27,-5.812%,5259640,21437903917.00,United States,2021,EDP Services,Technology,/market-activity/stocks/iot
IP,International Paper Company Common Stock,$36.30,-0.16,-0.439%,4996085,19223387189.00,United States,,Paper,Basic Materials,/market-activity/stocks/ip
IPI,Intrepid Potash Inc Common Stock,$41.25,0.55,1.351%,305351,555087803.00,United States,2008,Mining & Quarrying of Nonmetallic Minerals (No Fuels),Industrials,/market-activity/stocks/ipi
IQI,Invesco Quality Municipal Income Trust Common Stock,$9.97,-0.02,-0.20%,165125,527251456.00,United States,,Finance Companies,Finance,/market-activity/stocks/iqi
IQV,IQVIA Holdings Inc. Common Stock,$263.84,5.49,2.125%,1128177,43428064000.00,United States,2013,Biotechnology: Commercial Physical & Biological Resarch,Health Care,/market-activity/stocks/iqv
IR,Ingersoll Rand Inc. Common Stock,$75.00,0.36,0.482%,3508746,29099957175.00,United States,2017,Industrial Machinery/Components,Industrials,/market-activity/stocks/ir
IRAB,Iris Acquisition Corp II Class A Ordinary Shares,$10.025,0.00,0.00%,7,0.00,,2026,,,/market-activity/stocks/irab
IRM,Iron Mountain Incorporated (Delaware)Common Stock REIT,$111.84,-2.38,-2.084%,2665326,33295082494.00,United States,,Real Estate Investment Trusts,Real Estate,/market-activity/stocks/irm
IRS,IRSA Inversiones Y Representaciones S.A. Global Depositary Shares (Each representing ten shares of Common Stock),$15.29,0.26,1.73%,69168,1239708796.00,Argentina,,Homebuilding,Real Estate,/market-activity/stocks/irs
IRT,Independence Realty Trust Inc. Common Stock,$16.32,0.05,0.307%,1885417,3847351333.00,United States,2013,Real Estate Investment Trusts,Real Estate,/market-activity/stocks/irt
ISD,PGIM High Yield Bond Fund Inc.,$12.23,-0.01,-0.082%,148577,0.00,United States,2012,Trusts Except Educational Religious and Charitable,Finance,/market-activity/stocks/isd
IT,Gartner Inc. Common Stock,$186.75,-3.18,-1.674%,690738,11793071268.00,United States,1993,Other Consumer Services,Consumer Discretionary,/market-activity/stocks/it
ITGR,Integer Holdings Corporation Common Stock,$125.31,-0.08,-0.064%,642101,4259543535.00,United States,,Biotechnology: Electromedical & Electrotherapeutic Apparatus,Health Care,/market-activity/stocks/itgr
ITT,ITT Inc. Common Stock ,$201.00,6.74,3.47%,936235,17969400000.00,United States,2011,Fluid Controls,Industrials,/market-activity/stocks/itt
ITUB,Itau Unibanco Banco Holding SA American Depositary Shares (Each repstg 500 Preferred shares),$8.08,0.40,5.208%,24592876,89094318202.00,Brazil,,Major Banks,Finance,/market-activity/stocks/itub
ITW,Illinois Tool Works Inc. Common Stock,$269.09,-0.79,-0.293%,1673845,76636832000.00,United States,,Industrial Machinery/Components,Industrials,/market-activity/stocks/itw
IVR,INVESCO MORTGAGE CAPITAL INC Common Stock,$7.14,-0.05,-0.695%,2777944,768552577.00,United States,2009,Real Estate Investment Trusts,Real Estate,/market-activity/stocks/ivr
IVR^C,INVESCO MORTGAGE CAPITAL INC 7.5% Fixed-to-Floating Series C Cumulative Redeemable Preferred Stock Liquation Preference $25.00 per Share,$25.11,0.0826,0.33%,6223,,United States,,,,/market-activity/stocks/ivr^c
IVT,InvenTrust Properties Corp. Common Stock,$32.78,0.25,0.769%,607477,2556132968.00,United States,2021,Real Estate Investment Trusts,Real Estate,/market-activity/stocks/ivt
IVZ,Invesco Ltd Common Stock,$31.72,-0.27,-0.844%,3021878,14004373022.00,United States,,Investment Managers,Finance,/market-activity/stocks/ivz
IX,ORIX Corporation American Depositary Shares,$39.94,0.78,1.992%,250906,44896818563.00,Japan,,Diversified Financial Services,Finance,/market-activity/stocks/ix
J,Jacobs Solutions Inc. Common Stock,$147.08,0.75,0.513%,659555,17214038906.00,United States,2022,Military/Government/Technical,Industrials,/market-activity/stocks/j
JACS,Jackson Acquisition Company II Class A Ordinary Shares,$10.75,0.00,0.00%,33,0.00,,2025,,,/market-activity/stocks/jacs
JAN,Janus Living Inc. Class A-1 Common Stock,$30.70,-0.20,-0.647%,1215006,9525926823.00,,2026,Real Estate Investment Trusts,Real Estate,/market-activity/stocks/jan
JBGS,JBG SMITH Properties Common Shares ,$11.93,0.16,1.359%,737319,890198085.00,United States,2017,Real Estate Investment Trusts,Real Estate,/market-activity/stocks/jbgs
JBI,Janus International Group Inc. Common Stock,$4.88,0.20,4.274%,2146122,665806655.00,United States,2021,Building Products,Industrials,/market-activity/stocks/jbi
JBK,Lehman ABS 3.50 3.50% Adjustable Corp Backed Tr Certs GS Cap I,$25.57,0.29,1.147%,1603,0.00,United States,,Finance: Consumer Services,Finance,/market-activity/stocks/jbk
JBL,Jabil Inc. Common Stock,$299.39,0.25,0.084%,872711,31372206576.00,United States,1993,Electrical Products,Technology,/market-activity/stocks/jbl
JBS,JBS N.V. Class A Common Shares,$13.54,0.13,0.969%,4130868,14500381192.00,,2025,Meat/Poultry/Fish,Consumer Staples,/market-activity/stocks/jbs
JBTM,JBT Marel Corporation Common Stock,$116.03,-0.37,-0.318%,459391,6019267077.00,United States,,Industrial Machinery/Components,Industrials,/market-activity/stocks/jbtm
JCE,Nuveen Core Equity Alpha Fund Common Shares of Beneficial Interest,$17.07,-0.09,-0.524%,21513,0.00,United States,2007,Trusts Except Educational Religious and Charitable,Finance,/market-activity/stocks/jce
JCI,Johnson Controls International plc Ordinary Share,$139.25,0.00,0.00%,2502124,84349499698.00,Switzerland,,Industrial Machinery/Components,Industrials,/market-activity/stocks/jci
JEF,Jefferies Financial Group Inc. Common Stock,$52.90,0.92,1.77%,1256885,10248988301.00,United States,,Investment Bankers/Brokers/Service,Finance,/market-activity/stocks/jef
JELD,JELD-WEN Holding Inc. Common Stock,$2.31,0.14,6.452%,1237540,200423412.00,United States,2017,Forest Products,Basic Materials,/market-activity/stocks/jeld
JENA,Jena Acquisition Corporation II Class A Ordinary Shares,$10.47,0.00,0.00%,108,0.00,,2025,Blank Checks,Finance,/market-activity/stocks/jena
JFR,Nuveen Floating Rate Income Fund Common Stock,$7.61,0.00,0.00%,648217,0.00,United States,2004,Trusts Except Educational Religious and Charitable,Finance,/market-activity/stocks/jfr
JGH,Nuveen Global High Income Fund Common Shares of Beneficial Interest,$12.37,0.00,0.00%,21680,0.00,United States,2014,Investment Managers,Finance,/market-activity/stocks/jgh
JHI,John Hancock Investors Trust Common Stock,$13.15,-0.03,-0.228%,25933,114990793.00,United States,,Trusts Except Educational Religious and Charitable,Finance,/market-activity/stocks/jhi
JHS,John Hancock Income Securities Trust Common Stock,$10.86,0.01,0.092%,12843,126481913.00,United States,,Finance Companies,Finance,/market-activity/stocks/jhs
JHX,James Hardie Industries plc. Ordinary Shares,$28.46,-0.11,-0.385%,6680950,16521670008.00,Ireland,2025,Building Materials,Industrials,/market-activity/stocks/jhx
JILL,J. Jill Inc. Common Stock,$19.17,-0.26,-1.338%,86254,286618626.00,United States,2017,Apparel,Consumer Discretionary,/market-activity/stocks/jill
JKS,JinkoSolar Holding Company Limited American Depositary Shares (each representing 4 Common Shares),$12.46,0.01,0.08%,882369,652532542.00,China,2010,Semiconductors,Technology,/market-activity/stocks/jks
JLL,Jones Lang LaSalle Incorporated Common Stock,$349.93,-4.74,-1.336%,303075,16099475511.00,United States,,Real Estate,Finance,/market-activity/stocks/jll
JLS,Nuveen Mortgage and Income Fund,$16.88,0.02,0.119%,11057,0.00,United States,2009,Investment Managers,Finance,/market-activity/stocks/jls
JMIA,Jumia Technologies AG American Depositary Shares each representing two Ordinary Shares,$7.17,0.27,3.913%,2098887,958097280.00,,2019,Catalog/Specialty Distribution,Consumer Discretionary,/market-activity/stocks/jmia
JMKE,Jersey Mike's Subs Inc. Class A Common Stock,$20.65,0.23,1.126%,1714746,8310460815.00,,2026,Restaurants,Consumer Discretionary,/market-activity/stocks/jmke
JMM,Nuveen Multi-Market Income Fund (MA),$5.775,-0.005,-0.087%,7417,0.00,United States,,Trusts Except Educational Religious and Charitable,Finance,/market-activity/stocks/jmm
JNJ,Johnson & Johnson Common Stock,$275.21,4.02,1.482%,7913055,663228192880.00,United States,,Biotechnology: Pharmaceutical Preparations,Health Care,/market-activity/stocks/jnj
JOBY,Joby Aviation Inc. Common Stock,$6.82,0.13,1.943%,20179729,6745827296.00,United States,2020,Aerospace,Industrials,/market-activity/stocks/joby
JOE,St. Joe Company (The) Common Stock,$65.42,0.37,0.569%,274566,3724390104.00,United States,,Homebuilding,Real Estate,/market-activity/stocks/joe
JOF,Japan Smaller Capitalization Fund Inc Common Stock,$12.63,0.04,0.318%,32001,0.00,United States,1990,Trusts Except Educational Religious and Charitable,Finance,/market-activity/stocks/jof
JPC,Nuveen Preferred & Income Opportunities Fund,$7.36,-0.01,-0.136%,1198646,0.00,United States,2003,Investment Managers,Finance,/market-activity/stocks/jpc
JPM,JP Morgan Chase & Co. Common Stock,$356.22,1.27,0.358%,5343811,946899086383.00,United States,,Major Banks,Finance,/market-activity/stocks/jpm
JPM^C,J P Morgan Chase & Co Depositary Shares each representing a 1/400th interest in a share of 6.00% Non-Cumulative  Preferred Stock Series EE,$24.42,0.00,0.00%,160148,,United States,,,,/market-activity/stocks/jpm^c
JPM^D,J P Morgan Chase & Co Depositary Shares each representing a 1/400th  interest in a share of 5.75% Non-Cumulative  Preferred Stock Series DD,$22.82,0.05,0.22%,170630,,United States,,,,/market-activity/stocks/jpm^d
JPM^J,J P Morgan Chase & Co Depositary Shares each representing a 1/400th interest in a share of JPMorgan Chase & Co. 4.75% Non-Cumulative Preferred Stock Series GG,$18.50,-0.02,-0.108%,127940,,United States,,,,/market-activity/stocks/jpm^j
JPM^K,J P Morgan Chase & Co Depositary Shares each representing a 1/400th interest in a share of 4.55% Non-Cumulative Preferred Stock Series JJ,$17.72,0.10,0.568%,287477,,United States,,,,/market-activity/stocks/jpm^k
JPM^L,J P Morgan Chase & Co Depositary Shares each representing a 1/400th interest in a share of 4.625% Non-Cumulative Preferred Stock Series LL,$18.07,0.07,0.389%,261507,,United States,,,,/market-activity/stocks/jpm^l
JPM^M,J P Morgan Chase & Co Depositary Shares each representing a 1/400th interest in a share of 4.20% Non-Cumulative Preferred Stock Series MM,$16.69,0.08,0.482%,227503,,United States,,,,/market-activity/stocks/jpm^m
JQC,Nuveen Credit Strategies Income Fund Shares of Beneficial Interest,$4.75,-0.03,-0.628%,585704,0.00,United States,2003,Finance Companies,Finance,/market-activity/stocks/jqc
JRI,Nuveen Real Asset Income and Growth Fund Common Shares of Beneficial Interest,$12.08,-0.09,-0.74%,192544,0.00,United States,2012,Finance Companies,Finance,/market-activity/stocks/jri
JRS,Nuveen Real Estate Income Fund Common Shares of Beneficial Interest,$8.16,-0.03,-0.366%,33232,0.00,United States,2001,Finance/Investors Services,Finance,/market-activity/stocks/jrs
JXN,Jackson Financial Inc. Class A Common Stock ,$137.10,4.32,3.254%,607458,9285610802.00,United States,2021,Life Insurance,Finance,/market-activity/stocks/jxn
JXN^A,Jackson Financial Inc. Depositary Shares each representing a 1/1000th interest in a share of Fixed-Rate Reset Noncumulative Perpetual Preferred Stock Series A,$25.75,-0.10,-0.387%,28926,,United States,,,,/market-activity/stocks/jxn^a
KAI,Kadant Inc Common Stock,$295.09,2.61,0.892%,227349,3484752336.00,United States,1992,Industrial Machinery/Components,Industrials,/market-activity/stocks/kai
KB,KB Financial Group Inc,$126.25,1.61,1.292%,230034,45271699903.00,South Korea,,Commercial Banks,Finance,/market-activity/stocks/kb
KBDC,Kayne Anderson BDC Inc. Common Stock,$13.51,0.01,0.074%,408986,892170813.00,United States,2024,,,/market-activity/stocks/kbdc
KBH,KB Home Common Stock,$52.08,-0.14,-0.268%,768956,3193010634.00,United States,1986,Homebuilding,Consumer Discretionary,/market-activity/stocks/kbh
KBR,KBR Inc. Common Stock,$36.93,-0.03,-0.081%,1007030,4655682192.00,United States,2006,Military/Government/Technical,Industrials,/market-activity/stocks/kbr
KD,Kyndryl Holdings Inc. Common Stock,$13.09,-0.03,-0.229%,2399934,2851241063.00,United States,2021,EDP Services,Technology,/market-activity/stocks/kd
KEN,Kenon Holdings Ltd. Ordinary Shares,$65.68,1.79,2.802%,11240,3422479515.00,Singapore,2015,Electric Utilities: Central,Utilities,/market-activity/stocks/ken
KEP,Korea Electric Power Corporation Common Stock,$11.60,-0.06,-0.515%,571422,14893566586.00,South Korea,1994,Electric Utilities: Central,Utilities,/market-activity/stocks/kep
KEX,Kirby Corporation Common Stock,$141.62,0.67,0.475%,302012,7477536000.00,United States,,Marine Transportation,Consumer Discretionary,/market-activity/stocks/kex
KEY,KeyCorp Common Stock,$21.80,0.59,2.782%,10375351,23263402477.00,United States,,Major Banks,Finance,/market-activity/stocks/key
KEY^I,KeyCorp Depositary Shares Each Representing a 1/40th Ownership Interest in a Share of Fixed-to-Floating Rate Perpetual Non-Cumulative Preferred Stock Series E,$24.97,0.0115,0.046%,28461,,United States,,,,/market-activity/stocks/key^i
KEY^J,KeyCorp Depositary Shares each representing a 1/40th ownership interest in a share of Fixed Rate Perpetual Non-Cumulative Preferred Stock Series F,$20.35,0.04,0.197%,21221,,United States,,,,/market-activity/stocks/key^j
KEY^K,KeyCorp Depositary Shares each representing a 1/40th ownership interest in a share of Fixed Rate Perpetual Non-Cumulative Preferred Stock Series G,$20.23,0.02,0.099%,24871,,United States,,,,/market-activity/stocks/key^k
KEY^L,KeyCorp Depositary Shares each representing a 1/40th ownership interest in a share of Fixed Rate Perpetual Non-Cumulative Preferred Stock Series H,$25.00,-0.04,-0.16%,43332,,United States,,,,/market-activity/stocks/key^l
KEYS,Keysight Technologies Inc. Common Stock,$321.58,2.31,0.724%,685755,54956532441.00,United States,2014,Industrial Machinery/Components,Industrials,/market-activity/stocks/keys
KF,Korea Fund Inc. (The) New Common Stock,$64.63,1.25,1.972%,17587,0.00,United States,,Investment Managers,Finance,/market-activity/stocks/kf
KFRC,Kforce Inc. Common Stock,$54.04,-0.85,-1.549%,239559,967802360.00,United States,1995,Professional Services,Consumer Discretionary,/market-activity/stocks/kfrc
KFY,Korn Ferry Common Stock,$83.59,-1.06,-1.252%,427344,4553545272.00,United States,1999,Diversified Commercial Services,Consumer Discretionary,/market-activity/stocks/kfy
KGC,Kinross Gold Corporation Common Stock,$30.26,0.83,2.82%,7204063,36133466000.00,Canada,2001,Precious Metals,Basic Materials,/market-activity/stocks/kgc
KGS,Kodiak Gas Services Inc. Common Stock,$61.43,1.88,3.157%,1788965,6210820624.00,United States,2023,Natural Gas Distribution,Utilities,/market-activity/stocks/kgs
KIM,Kimco Realty Corporation (HC) Common Stock,$24.08,-0.04,-0.166%,4675211,16152608102.00,United States,,Real Estate Investment Trusts,Real Estate,/market-activity/stocks/kim
KIM^L,Kimco Realty Corporation Class L Depositary Shares each of which represents a one-one thousandth fractional interest in a share of 5.125% Class L Cumulative Redeemable Preferred Stock liquidation preference $25000.00 per share,$20.06,0.04,0.20%,20157,,United States,,,,/market-activity/stocks/kim^l
KIM^M,Kimco Realty Corporation Class M Depositary Shares each of which represents a one-one thousandth fractional interest in a share of 5.25% Class M Cumulative Redeemable Preferred Stock liquidation preference $25000.00 per share,$20.39,-0.01,-0.049%,8825,,United States,,,,/market-activity/stocks/kim^m
KIM^N,Kimco Realty Corporation Depositary Shares each representing 1/1000th interest in a share of 7.25% Class N Cumulative Convertible Perpetual Preferred Stock,$59.59,0.00,0.00%,9,,United States,,,,/market-activity/stocks/kim^n
KIO,KKR Income Opportunities Fund Common Shares,$11.04,0.04,0.364%,124742,0.00,United States,2013,Investment Managers,Finance,/market-activity/stocks/kio
KKR,KKR & Co. Inc. Common Stock,$106.43,0.02,0.019%,4368628,95535357014.00,United States,,Investment Managers,Finance,/market-activity/stocks/kkr
KKR^D,KKR & Co. Inc. 6.25% Series D Mandatory Convertible Preferred Stock,$46.80,0.11,0.236%,811614,,United States,,,,/market-activity/stocks/kkr^d
KKRS,KKR Group Finance Co. IX LLC 4.625% Subordinated Notes due 2061,$16.01,-0.03,-0.187%,20679,14371145972.00,United States,2021,Investment Managers,Finance,/market-activity/stocks/kkrs
KKRT,KKR & Co. Inc. 6.875% Subordinated Notes due 2065,$23.34,0.105,0.452%,61513,0.00,United States,2025,Investment Managers,Finance,/market-activity/stocks/kkrt
KLAR,Klarna Group plc Ordinary Shares,$14.55,0.30,2.105%,4927345,10267127460.00,,2025,Finance: Consumer Services,Finance,/market-activity/stocks/klar
KLC,KinderCare Learning Companies Inc. Common Stock,$2.51,0.01,0.40%,747810,297477753.00,United States,2024,Other Consumer Services,Consumer Discretionary,/market-activity/stocks/klc
KMI,Kinder Morgan Inc. Common Stock,$31.97,-0.13,-0.405%,8115668,71190862785.00,United States,2011,Natural Gas Distribution,Utilities,/market-activity/stocks/kmi
KMPB,Kemper Corporation 5.875% Fixed-Rate Reset Junior Subordinated Debentures due 2062,$24.45,0.12,0.493%,12272,1440671115.00,United States,2022,Property-Casualty Insurers,Finance,/market-activity/stocks/kmpb
KMPR,Kemper Corporation,$28.19,0.53,1.916%,666551,1661043711.00,United States,,Property-Casualty Insurers,Finance,/market-activity/stocks/kmpr
KMT,Kennametal Inc. Common Stock,$29.45,0.26,0.891%,1495104,2244650198.00,United States,,Industrial Machinery/Components,Industrials,/market-activity/stocks/kmt
KMX,CarMax Inc,$61.43,0.43,0.705%,1368243,8717598627.00,United States,,Retail-Auto Dealers and Gas Stations,Consumer Discretionary,/market-activity/stocks/kmx
KN,Knowles Corporation Common Stock,$34.47,0.14,0.408%,932085,2944093937.00,United States,2014,Consumer Electronics/Appliances,Consumer Staples,/market-activity/stocks/kn
KNF,Knife Riv Holding Co. Common Stock,$61.24,-0.56,-0.906%,1550178,3476191841.00,United States,2023,Mining & Quarrying of Nonmetallic Minerals (No Fuels),Industrials,/market-activity/stocks/knf
KNOP,KNOT Offshore Partners LP Common Units representing Limited Partner Interests,$11.29,0.32,2.917%,90077,380025261.00,United Kingdom,2013,Marine Transportation,Consumer Discretionary,/market-activity/stocks/knop
KNSL,Kinsale Capital Group Inc. Common Stock,$376.78,4.27,1.146%,191070,8582454972.00,United States,,Property-Casualty Insurers,Finance,/market-activity/stocks/knsl
KNTK,Kinetik Holdings Inc. Class A Common Stock,$54.12,-0.91,-1.654%,613602,8787958461.00,United States,2022,Natural Gas Distribution,Utilities,/market-activity/stocks/kntk
KNX,Knight-Swift Transportation Holdings Inc.,$67.42,0.69,1.034%,2161847,10973009520.00,United States,2017,Trucking Freight/Courier Services,Industrials,/market-activity/stocks/knx
KO,Coca-Cola Company (The) Common Stock,$88.24,0.24,0.273%,18496536,379656945202.00,United States,,Beverages (Production/Distribution),Consumer Staples,/market-activity/stocks/ko
KODK,Eastman Kodak Company Common New,$9.19,0.25,2.796%,1667167,899701000.00,United States,,Industrial Machinery/Components,Consumer Discretionary,/market-activity/stocks/kodk
KOF,Coca Cola Femsa S.A.B. de C.V.  American Depositary Shares each representing 10 Units (each Unit consists of 3 Series B Shares and 5 Series L Shares),$112.30,1.37,1.235%,141900,5898086626.00,Mexico,1993,Beverages (Production/Distribution),Consumer Staples,/market-activity/stocks/kof
KOP,Koppers Holdings Inc. Common Stock,$46.72,0.79,1.72%,205543,883548457.00,United States,2006,Forest Products,Basic Materials,/market-activity/stocks/kop
KOS,Kosmos Energy Ltd. Common Shares (DE),$2.93,-0.02,-0.678%,10174058,1744778817.00,Bermuda,2011,Oil & Gas Production,Energy,/market-activity/stocks/kos
KPET,KPET Ultra Paceline Corporation Class A Ordinary Shares,$9.98,0.00,0.00%,6814,0.00,,2026,,,/market-activity/stocks/kpet
KR,Kroger Company (The) Common Stock,$58.22,0.28,0.483%,4486038,35668324758.00,United States,,Food Chains,Consumer Staples,/market-activity/stocks/kr
KRC,Kilroy Realty Corporation Common Stock,$36.47,0.25,0.69%,1246610,4241788792.00,United States,1997,Real Estate Investment Trusts,Real Estate,/market-activity/stocks/krc
KREF,KKR Real Estate Finance Trust Inc. Common Stock,$7.59,0.14,1.879%,386357,444606625.00,United States,2017,Real Estate Investment Trusts,Real Estate,/market-activity/stocks/kref
KREF^A,KKR Real Estate Finance Trust Inc. 6.50% Series A Cumulative Redeemable Preferred Stock,$18.07,-0.135,-0.742%,11375,,United States,,,,/market-activity/stocks/kref^a
KRG,Kite Realty Group Trust Common Stock,$26.26,0.14,0.536%,1658333,5261110461.00,United States,2004,Real Estate Investment Trusts,Real Estate,/market-activity/stocks/krg
KRMN,Karman Holdings Inc. Common Stock,$40.42,-0.67,-1.631%,3538321,5357012477.00,United States,2025,Military/Government/Technical,Industrials,/market-activity/stocks/krmn
KRO,Kronos Worldwide Inc Common Stock,$8.74,0.34,4.048%,303495,1005952290.00,United States,,Major Chemicals,Basic Materials,/market-activity/stocks/kro
KRP,Kimbell Royalty Partners Common Units Representing Limited Partner Interests,$14.94,0.04,0.268%,940729,1713671635.00,United States,2017,Oil & Gas Production,Energy,/market-activity/stocks/krp
KRSP,Rice Acquisition Corporation 3 Class A Ordinary Shares,$10.54,-0.06,-0.566%,50113,0.00,,2025,,,/market-activity/stocks/krsp
KSS,Kohl's Corporation Common Stock,$19.21,1.39,7.80%,4219913,2178413866.00,United States,1992,Department/Specialty Retail Stores,Consumer Discretionary,/market-activity/stocks/kss
KT,KT Corporation Common Stock,$19.65,-0.02,-0.102%,928239,9475035976.00,South Korea,,Telecommunications Equipment,Telecommunications,/market-activity/stocks/kt
KTB,Kontoor Brands Inc. Common Stock ,$72.49,-2.15,-2.88%,1209779,3961840914.00,United States,2019,Garments and Clothing,Industrials,/market-activity/stocks/ktb
KTF,DWS Municipal Income Trust,$8.63,-0.05,-0.576%,142551,340893095.00,United States,1988,Finance Companies,Finance,/market-activity/stocks/ktf
KTH,Structures Products Cp 8% CorTS Issued by Peco Energy Cap Tr II Preferred Stock,$28.67,0.15,0.526%,254,0.00,United States,,Finance: Consumer Services,Finance,/market-activity/stocks/kth
KTN,Structured Products Corp 8.205% CorTS 8.205% Corporate Backed Trust Securities (CorTS),$25.46,-0.09,-0.352%,5204,0.00,United States,,Finance: Consumer Services,Finance,/market-activity/stocks/ktn
KVUE,Kenvue Inc. Common Stock,$19.13,0.38,2.027%,19693165,36744396424.00,United States,2023,Package Goods/Cosmetics,Consumer Discretionary,/market-activity/stocks/kvue
KVYO,Klaviyo Inc. Series A Common Stock,$19.31,-1.33,-6.444%,6224701,5498086808.00,United States,2023,Computer Software: Prepackaged Software,Technology,/market-activity/stocks/kvyo
KWR,Quaker Houghton Common Stock,$162.83,0.63,0.388%,141744,2801930117.00,United States,,Major Chemicals,Industrials,/market-activity/stocks/kwr
KWY,Kingsway Corporation Common Stock,$10.00,-0.09,-0.892%,34267,289310000.00,Canada,,Property-Casualty Insurers,Finance,/market-activity/stocks/kwy
KYN,Kayne Anderson Energy Infrastructure Fund Inc.,$14.98,-0.09,-0.597%,310291,2039250319.00,United States,2004,Finance/Investors Services,Finance,/market-activity/stocks/kyn
L,Loews Corporation Common Stock,$108.94,0.23,0.212%,886963,22270355817.00,United States,,Property-Casualty Insurers,Finance,/market-activity/stocks/l
LAC,Lithium Americas Corp. Common Shares,$3.01,0.04,1.347%,8117562,1092759258.00,Canada,2023,Metal Mining,Basic Materials,/market-activity/stocks/lac
LAD,Lithia Motors Inc. Common Stock,$372.22,2.61,0.706%,145285,8182555438.00,United States,,Retail-Auto Dealers and Gas Stations,Consumer Discretionary,/market-activity/stocks/lad
LADR,Ladder Capital Corp Class A Common Stock,$9.81,0.12,1.238%,945076,1244548622.00,United States,2014,Real Estate Investment Trusts,Real Estate,/market-activity/stocks/ladr
LANV,Lanvin Group Holdings Limited Ordinary Shares,$1.02,-0.02,-1.923%,35252,128107832.00,Cayman Islands,2022,Apparel,Consumer Discretionary,/market-activity/stocks/lanv
LAR,Lithium Argentina AG Common Shares,$6.86,0.23,3.469%,1235723,1125726000.00,Canada,2023,Metal Mining,Basic Materials,/market-activity/stocks/lar
LAW,CS Disco Inc. Common Stock,$4.30,0.07,1.655%,461487,279154990.00,United States,2021,Computer Software: Prepackaged Software,Technology,/market-activity/stocks/law
LAZ,Lazard Inc. Common Stock,$42.95,0.63,1.489%,704157,4185502067.00,Bermuda,2005,Investment Managers,Finance,/market-activity/stocks/laz
LB,LandBridge Company LLC Class A Shares Representing Limited Liability Company Interests,$85.50,-0.34,-0.396%,272846,6590802726.00,,2024,Oil & Gas Production,Energy,/market-activity/stocks/lb
LBRT,Liberty Energy Inc. Class A common stock,$20.11,0.01,0.05%,3176216,3281779376.00,United States,2018,Oilfield Services/Equipment,Energy,/market-activity/stocks/lbrt
LCII,LCI Industries,$102.69,1.92,1.905%,237526,2496548654.00,United States,1995,Auto Parts:O.E.M.,Consumer Discretionary,/market-activity/stocks/lcii
LCLN,Lincoln International Inc. Class A Common Stock,$25.95,1.10,4.427%,511597,2689081440.00,,2026,Investment Managers,Finance,/market-activity/stocks/lcln
LDI,loanDepot Inc. Class A Common Stock,$0.9024,0.0125,1.405%,3515464,305151314.00,United States,2021,Finance: Consumer Services,Finance,/market-activity/stocks/ldi
LDOS,Leidos Holdings Inc. Common Stock,$133.78,-5.40,-3.88%,1023489,16788347720.00,United States,,EDP Services,Technology,/market-activity/stocks/ldos
LDP,Cohen & Steers Limited Duration Preferred and Income Fund Inc.,$20.60,-0.06,-0.29%,80267,0.00,United States,2012,Finance Companies,Finance,/market-activity/stocks/ldp
LEA,Lear Corporation Common Stock,$129.60,4.43,3.539%,804120,6392489414.00,United States,,Auto Parts:O.E.M.,Consumer Discretionary,/market-activity/stocks/lea
LEN,Lennar Corporation Class A Common Stock,$83.58,0.83,1.003%,2246286,20134015968.00,United States,,Homebuilding,Consumer Discretionary,/market-activity/stocks/len
LEO,BNY Mellon Strategic Municipals Inc. Common Stock,$6.12,-0.02,-0.326%,75676,381220026.00,United States,1987,Trusts Except Educational Religious and Charitable,Finance,/market-activity/stocks/leo
LEU,Centrus Energy Corp. Class A Common Stock,$171.49,3.18,1.889%,608762,3421715618.00,United States,2014,Mining & Quarrying of Nonmetallic Minerals (No Fuels),Industrials,/market-activity/stocks/leu
LEVI,Levi Strauss & Co Class A Common Stock,$20.46,0.10,0.491%,1390880,7874042499.00,United States,2019,Apparel,Consumer Discretionary,/market-activity/stocks/levi
LFT,Lument Finance Trust Inc. Common Stock,$0.7132,-0.0075,-1.041%,97684,37433107.00,United States,2013,Real Estate Investment Trusts,Real Estate,/market-activity/stocks/lft
LFT^A,Lument Finance Trust Inc. 7.875% Series A Cumulative Redeemable Preferred Stock,$16.90,0.697,4.302%,1114,,United States,,,,/market-activity/stocks/lft^a
LGI,Lazard Global Total Return and Income Fund Common Stock,$18.06,-0.08,-0.441%,23306,0.00,United States,2004,,,/market-activity/stocks/lgi
LH,Labcorp Holdings Inc. Common Stock,$331.66,4.05,1.236%,644141,26897626000.00,United States,,Medical Specialities,Health Care,/market-activity/stocks/lh
LHX,L3Harris Technologies Inc. Common Stock,$261.31,-2.25,-0.854%,1412264,48659741307.00,United States,,Industrial Machinery/Components,Industrials,/market-activity/stocks/lhx
LII,Lennox International Inc. Common Stock,$374.00,-3.25,-0.861%,391029,12925692450.00,United States,1999,Industrial Machinery/Components,Industrials,/market-activity/stocks/lii
LION,Lionsgate Studios Corp Common Shares,$11.17,0.20,1.823%,1940806,3323741626.00,Canada,2025,Movies/Entertainment,Consumer Discretionary,/market-activity/stocks/lion
LITB,LightInTheBox Holding Co. Ltd. American Depositary Shares each representing twelve ordinary shares,$3.00,-0.02,-0.662%,2974,59179746.00,China,,Catalog/Specialty Distribution,Consumer Discretionary,/market-activity/stocks/litb
LLY,Eli Lilly and Company Common Stock,$1160.08,0.08,0.007%,2447163,1092049503965.00,United States,,Biotechnology: Pharmaceutical Preparations,Health Care,/market-activity/stocks/lly
LMND,Lemonade Inc. Common Stock,$53.14,1.80,3.506%,806006,4112856121.00,United States,2020,Property-Casualty Insurers,Finance,/market-activity/stocks/lmnd
LMT,Lockheed Martin Corporation Common Stock,$531.55,-12.95,-2.378%,1238426,122676824757.00,United States,,Military/Government/Technical,Industrials,/market-activity/stocks/lmt
LNC,Lincoln National Corporation Common Stock,$44.12,1.35,3.156%,1581647,8446656464.00,United States,,Life Insurance,Finance,/market-activity/stocks/lnc
LNC^D,Lincoln National Corporation Depositary Shares Each Representing a 1/1000th Interest in a Share of 9.000% Non-Cumulative Preferred Stock Series D,$26.26,-0.08,-0.304%,39345,,United States,,,,/market-activity/stocks/lnc^d
LND,Brasilagro Brazilian Agric Real Estate Co Sponsored ADR (Brazil),$3.83,0.06,1.592%,115021,393277591.00,Brazil,,Farming/Seeds/Milling,Consumer Staples,/market-activity/stocks/lnd
LNG,Cheniere Energy Inc. Common Stock,$295.86,1.73,0.588%,2600711,61105195986.00,United States,2001,Oil/Gas Transmission,Utilities,/market-activity/stocks/lng
LNN,Lindsay Corporation Common Stock,$120.11,5.29,4.607%,178866,1221384777.00,United States,,Industrial Machinery/Components,Industrials,/market-activity/stocks/lnn
LOAR,Loar Holdings Inc. Common Stock,$67.74,-1.17,-1.698%,451888,6346457026.00,United States,2024,Military/Government/Technical,Industrials,/market-activity/stocks/loar
LOB,Live Oak Bancshares Inc. Common Stock,$39.51,0.86,2.225%,263866,1828665826.00,United States,2022,Major Banks,Finance,/market-activity/stocks/lob
LOB^A,Live Oak Bancshares Inc. Depositary Shares Each Representing a 1/40th Interest in a Share of 8.375% Fixed Rate Series A Non-Cumulative Perpetual Preferred Stock,$24.86,0.104,0.42%,4544,,United States,,,,/market-activity/stocks/lob^a
LOCL,Local Bounti Corporation Common Stock,$1.12,0.08,7.692%,97569,26185733.00,United States,2021,Farming/Seeds/Milling,Consumer Staples,/market-activity/stocks/locl
LOMA,Loma Negra Compania Industrial Argentina Sociedad Anonima ADS,$10.41,0.34,3.376%,361669,1214811918.00,Argentina,2017,Building Materials,Industrials,/market-activity/stocks/loma
LOW,Lowe's Companies Inc. Common Stock,$199.84,-0.21,-0.105%,2789924,112121035157.00,United States,,RETAIL: Building Materials,Consumer Discretionary,/market-activity/stocks/low
LPG,Dorian LPG Ltd. Common Stock,$52.13,1.27,2.497%,591841,2230261161.00,United States,2014,Marine Transportation,Consumer Discretionary,/market-activity/stocks/lpg
LPL,LG Display Co Ltd AMERICAN DEPOSITORY SHARES,$3.26,-0.01,-0.306%,2119881,3260000000.00,South Korea,2004,Industrial Machinery/Components,Technology,/market-activity/stocks/lpl
LPX,Louisiana-Pacific Corporation Common Stock,$68.31,-0.50,-0.727%,852689,4776468137.00,United States,,Forest Products,Basic Materials,/market-activity/stocks/lpx
LRN,Stride Inc. Common Stock,$85.10,-2.18,-2.498%,767420,3536742810.00,United States,,Other Consumer Services,Real Estate,/market-activity/stocks/lrn
LSPD,Lightspeed Commerce Inc. Subordinate Voting Shares,$10.41,0.26,2.562%,550948,1387803601.00,Canada,,Computer Software: Prepackaged Software,Technology,/market-activity/stocks/lspd
LTC,LTC Properties Inc. Common Stock,$41.57,0.17,0.411%,459977,2240854254.00,United States,,Real Estate Investment Trusts,Real Estate,/market-activity/stocks/ltc
LTH,Life Time Group Holdings Inc. Common Stock,$43.49,1.66,3.968%,2290057,9718360119.00,United States,2021,Hotels/Resorts,Consumer Discretionary,/market-activity/stocks/lth
LTM,LATAM Airlines Group S.A. American Depositary Shares (each representing two thousand (2000) shares of Common Stock),$51.23,1.94,3.936%,763290,14708542430.00,Chile,2024,Air Freight/Delivery Services,Consumer Discretionary,/market-activity/stocks/ltm
LU,Lufax Holding Ltd American Depositary Shares each representing two (2) Ordinary Shares,$1.21,0.00,0.00%,988521,1048693559.00,China,,Finance: Consumer Services,Finance,/market-activity/stocks/lu
LUCK,Lucky Strike Entertainment Corporation Class A Common Stock,$6.24,0.14,2.295%,62688,850686845.00,United States,2021,Services-Misc. Amusement & Recreation,Consumer Discretionary,/market-activity/stocks/luck
LUMN,Lumen Technologies Inc. Common Stock,$6.81,0.43,6.74%,15444020,7024143201.00,United States,,Telecommunications Equipment,Telecommunications,/market-activity/stocks/lumn
LUV,Southwest Airlines Company Common Stock,$38.61,0.93,2.468%,4611622,18888328641.00,United States,,Air Freight/Delivery Services,Consumer Discretionary,/market-activity/stocks/luv
LUXE,LuxExperience B.V. American Depositary Shares each representing one Ordinary Share,$7.60,0.18,2.426%,62395,1036444346.00,,2021,Catalog/Specialty Distribution,Consumer Discretionary,/market-activity/stocks/luxe
LVS,Las Vegas Sands Corp. Common Stock,$44.54,0.70,1.597%,5547620,28848610735.00,United States,2004,Hotels/Resorts,Consumer Discretionary,/market-activity/stocks/lvs
LVWR,LiveWire Group Inc. Common Stock,$1.20,0.06,5.263%,224392,246494948.00,United States,2022,Motor Vehicles,Consumer Discretionary,/market-activity/stocks/lvwr
LW,Lamb Weston Holdings Inc. Common Stock ,$52.41,-0.19,-0.361%,1046601,7205379787.00,United States,2016,Packaged Foods,Consumer Staples,/market-activity/stocks/lw
LXP,LXP Industrial Trust Common Stock (Maryland REIT),$60.73,-0.08,-0.132%,844435,3580474643.00,United States,,Real Estate Investment Trusts,Real Estate,/market-activity/stocks/lxp
LXP^C,LXP Industrial Trust 6.5% Series C Cumulative Convertible Preferred Stock,$49.245,0.075,0.153%,2197,,United States,,,,/market-activity/stocks/lxp^c
LXU,LSB Industries Inc. Common Stock,$11.54,0.36,3.22%,787367,830851196.00,United States,2003,Major Chemicals,Basic Materials,/market-activity/stocks/lxu
LYB,LyondellBasell Industries NV Ordinary Shares Class A (Netherlands),$66.57,1.40,2.148%,3053092,21504636465.00,Netherlands,,Major Chemicals,Industrials,/market-activity/stocks/lyb
LYG,Lloyds Banking Group Plc American Depositary Shares,$5.98,0.07,1.184%,8365994,88629663206.00,United Kingdom,,Commercial Banks,Finance,/market-activity/stocks/lyg
LYNX,Lyntris Inc. Common Stock,$13.15,-0.57,-4.155%,289168,1524734400.00,,2026,Industrial Machinery/Components,Industrials,/market-activity/stocks/lynx
LYV,Live Nation Entertainment Inc. Common Stock,$179.59,2.39,1.349%,1810935,42317484917.00,United States,,Services-Misc. Amusement & Recreation,Consumer Discretionary,/market-activity/stocks/lyv
LZB,La-Z-Boy Incorporated Common Stock,$31.93,0.64,2.045%,816395,1278884978.00,United States,,Home Furnishings,Consumer Discretionary,/market-activity/stocks/lzb
LZM,Lifezone Metals Limited Ordinary Shares,$4.28,0.00,0.00%,255282,384834304.00,Isle of Man,,Metal Mining,Basic Materials,/market-activity/stocks/lzm
M,Macy's Inc Common Stock,$22.42,0.49,2.234%,6628889,5897310929.00,United States,,Department/Specialty Retail Stores,Consumer Discretionary,/market-activity/stocks/m
MA,Mastercard Incorporated Common Stock,$588.14,7.04,1.211%,2290701,515216486112.00,United States,2006,Business Services,Consumer Discretionary,/market-activity/stocks/ma
MAA,Mid-America Apartment Communities Inc. Common Stock,$128.61,-0.75,-0.58%,713090,14921583890.00,United States,1994,Real Estate Investment Trusts,Real Estate,/market-activity/stocks/maa
MAA^I,Mid-America Apartment Communities Inc. 8.50% Series I Cumulative Redeemable Preferred Stock,$50.9906,0.0206,0.04%,1267,,United States,,,,/market-activity/stocks/maa^i
MAC,Macerich Company (The) Common Stock,$23.42,-0.10,-0.425%,2896526,6640960563.00,United States,1994,Real Estate Investment Trusts,Real Estate,/market-activity/stocks/mac
MAGN,Magnera Corporation Common Stock,$12.58,0.27,2.193%,368988,450364000.00,United States,2000,Paper,Basic Materials,/market-activity/stocks/magn
MAIN,Main Street Capital Corporation Common Stock,$57.87,-0.10,-0.173%,411100,5411334638.00,United States,2007,Finance/Investors Services,Finance,/market-activity/stocks/main
MAIR,Madison Air Solutions Corporation Class A Common Stock,$25.67,-0.08,-0.311%,4111168,12879219450.00,,2026,Pollution Control Equipment,Industrials,/market-activity/stocks/mair
MAN,ManpowerGroup Common Stock,$60.27,-0.92,-1.504%,512070,2802890704.00,United States,,Professional Services,Consumer Discretionary,/market-activity/stocks/man
MANE,Veradermics Incorporated Common Stock,$98.46,0.95,0.974%,427358,4113672191.00,,2026,Biotechnology: Pharmaceutical Preparations,Health Care,/market-activity/stocks/mane
MANU,Manchester United Ltd. Class A Ordinary Shares,$21.24,0.02,0.094%,317421,3662388965.00,United Kingdom,2012,Services-Misc. Amusement & Recreation,Consumer Discretionary,/market-activity/stocks/manu
MAS,Masco Corporation Common Stock,$70.94,0.69,0.982%,1929436,13988476284.00,United States,,Industrial Specialties,Industrials,/market-activity/stocks/mas
MATV,Mativ Holdings Inc. Common Stock,$12.48,0.43,3.568%,520852,688772423.00,United States,,Paper,Basic Materials,/market-activity/stocks/matv
MATX,Matson Inc. Common Stock,$218.21,-1.05,-0.479%,315689,6525233570.00,United States,,Marine Transportation,Consumer Discretionary,/market-activity/stocks/matx
MAX,MediaAlpha Inc. Class A Common Stock,$12.53,0.23,1.87%,333026,767637644.00,United States,2020,Business Services,Consumer Discretionary,/market-activity/stocks/max
MBC,MasterBrand Inc. Common Stock,$8.16,0.20,2.513%,2883245,1660482398.00,United States,2022,Home Furnishings,Consumer Discretionary,/market-activity/stocks/mbc
MBGL,Mobility Global Inc. Common Stock,$20.38,0.55,2.774%,3782170,6008458502.00,United States,2026,Business Services,Consumer Discretionary,/market-activity/stocks/mbgl
MBI,MBIA Inc. Common Stock,$4.76,0.09,1.927%,322199,242838273.00,United States,1987,Property-Casualty Insurers,Finance,/market-activity/stocks/mbi
MC,Moelis & Company Class A Common Stock,$67.52,0.76,1.138%,586615,5284727471.00,United States,2014,Investment Managers,Finance,/market-activity/stocks/mc
MCB,Metropolitan Bank Holding Corp. Common Stock,$91.45,1.96,2.19%,66865,1133776798.00,United States,2017,Major Banks,Finance,/market-activity/stocks/mcb
MCD,McDonald's Corporation Common Stock,$260.95,-0.16,-0.061%,5110091,184659057514.00,United States,,Restaurants,Consumer Discretionary,/market-activity/stocks/mcd
MCI,Barings Corporate Investors Common Stock,$19.03,-0.43,-2.21%,56096,385580513.00,United States,,Trusts Except Educational Religious and Charitable,Finance,/market-activity/stocks/mci
MCK,McKesson Corporation Common Stock,$924.78,18.01,1.986%,856566,107820435895.00,United States,,Other Pharmaceuticals,Health Care,/market-activity/stocks/mck
MCN,XAI Madison Equity Premium Income Fund Common Shares,$5.74,0.01,0.175%,56098,0.00,United States,2004,,,/market-activity/stocks/mcn
MCO,Moody's Corporation Common Stock,$490.00,-4.71,-0.952%,661745,84868000000.00,United States,,Finance: Consumer Services,Finance,/market-activity/stocks/mco
MCS,Marcus Corporation (The) Common Stock,$28.07,0.30,1.08%,174789,865458703.00,United States,,Movies/Entertainment,Consumer Discretionary,/market-activity/stocks/mcs
MCY,Mercury General Corporation Common Stock,$102.91,1.83,1.81%,314789,5700043605.00,United States,,Property-Casualty Insurers,Finance,/market-activity/stocks/mcy
MD,Pediatrix Medical Group Inc. Common Stock,$26.86,0.39,1.473%,823750,2182462859.00,United States,,Hospital/Nursing Management,Health Care,/market-activity/stocks/md
MDA,MDA Space Ltd. Common Shares,$28.02,-0.35,-1.234%,1311812,3890525695.00,,2026,Electronic Components,Consumer Discretionary,/market-activity/stocks/mda
MDT,Medtronic plc. Ordinary Shares,$92.18,0.14,0.152%,9161921,117988635767.00,United States,,Biotechnology: Electromedical & Electrotherapeutic Apparatus,Health Care,/market-activity/stocks/mdt
MDU,MDU Resources Group Inc. Common Stock (Holding Company),$19.81,-0.14,-0.702%,1334371,4167022723.00,United States,,Mining & Quarrying of Nonmetallic Minerals (No Fuels),Industrials,/market-activity/stocks/mdu
MEC,Mayville Engineering Company Inc. Common Stock,$19.23,0.03,0.156%,292744,490371365.00,United States,2019,Industrial Specialties,Industrials,/market-activity/stocks/mec
MED,MEDIFAST INC Common Stock,$12.67,0.58,4.797%,225982,141659507.00,United States,,Packaged Foods,Consumer Staples,/market-activity/stocks/med
MEGI,NYLIM CBRE Global Infrastructure Megatrends Term Fund Common Shares,$14.54,-0.10,-0.683%,143614,0.00,United States,2021,Investment Managers,Finance,/market-activity/stocks/megi
MEI,Methode Electronics Inc. Common Stock,$18.10,-0.22,-1.201%,1396507,642039689.00,United States,,Electrical Products,Technology,/market-activity/stocks/mei
MER^K,Bank of America Corporation Income Capital Obligation Notes initially due December 15 2066,$24.80,0.09,0.364%,389874,,United States,,,,/market-activity/stocks/mer^k
MET,MetLife Inc. Common Stock,$96.42,2.00,2.118%,2885115,61272685301.00,United States,2000,Life Insurance,Finance,/market-activity/stocks/met
MET^A,MetLife Inc. Preferred Series A Floating Rate,$20.8528,-0.0322,-0.154%,25204,,United States,,,,/market-activity/stocks/met^a
MET^E,MetLife Inc. Depositary Shares ,$20.90,-0.09,-0.429%,89507,,United States,,,,/market-activity/stocks/met^e
MET^F,MetLife Inc. Depositary Shares each representing a 1/1000th interest in a share of 4.75% Non-Cumulative Preferred Stock Series F,$17.80,0.27,1.54%,191450,,United States,,,,/market-activity/stocks/met^f
MFA,MFA Financial Inc.,$8.82,0.14,1.613%,1219763,891595613.00,United States,,Real Estate Investment Trusts,Real Estate,/market-activity/stocks/mfa
MFA^B,MFA Financial Inc. Preferred Series B,$20.62,0.22,1.078%,9143,,United States,,,,/market-activity/stocks/mfa^b
MFA^C,MFA Financial Inc. 6.50% Series C Fixed-to-Floating Rate Cumulative Redeemable Preferred Stock,$23.55,0.10,0.426%,120484,,United States,,,,/market-activity/stocks/mfa^c
MFAN,MFA Financial Inc. 8.875% Senior Notes due 2029,$25.3001,0.0001,0.00%,8294,2597528427.00,United States,2024,Real Estate Investment Trusts,Real Estate,/market-activity/stocks/mfan
MFAO,MFA Financial Inc. 9.000% Senior Notes due 2029,$25.3225,0.0325,0.129%,3070,2599828206.00,United States,2024,Real Estate Investment Trusts,Real Estate,/market-activity/stocks/mfao
MFC,Manulife Financial Corporation Common Stock,$43.29,1.15,2.729%,1899682,72246270351.00,Canada,,Life Insurance,Finance,/market-activity/stocks/mfc
MFG,Mizuho Financial Group Inc. Sponosred ADR (Japan),$11.07,0.33,3.073%,3670949,137813119678.00,Japan,,Major Banks,Finance,/market-activity/stocks/mfg
MFM,Aberdeen Municipal Income Fund Common Shares of Beneficial Interest,$5.34,0.00,0.00%,323550,219941950.00,United States,1986,Finance Companies,Finance,/market-activity/stocks/mfm
MG,Mistras Group Inc Common Stock,$19.39,0.83,4.472%,295842,617569425.00,United States,2009,Military/Government/Technical,Consumer Discretionary,/market-activity/stocks/mg
MGA,Magna International Inc. Common Stock,$65.78,2.15,3.379%,964516,17461586880.00,Canada,,Auto Parts:O.E.M.,Consumer Discretionary,/market-activity/stocks/mga
MGF,Aberdeen Government Markets Income Fund Common Shares of Beneficial Interest,$2.88,0.01,0.348%,167051,93880492.00,United States,1987,Trusts Except Educational Religious and Charitable,Finance,/market-activity/stocks/mgf
MGM,MGM Resorts International Common Stock,$41.44,0.67,1.643%,1739753,10704911046.00,United States,,Hotels/Resorts,Consumer Discretionary,/market-activity/stocks/mgm
MGR,Affiliated Managers Group Inc. 5.875% Junior Subordinated Notes due 2059,$19.39,0.09,0.466%,78776,550909902.00,United States,2019,Investment Managers,Finance,/market-activity/stocks/mgr
MGRB,Affiliated Managers Group Inc. 4.750% Junior Subordinated Notes due 2060,$15.87,-0.04,-0.251%,18861,450899440.00,United States,2020,Investment Managers,Finance,/market-activity/stocks/mgrb
MGRD,Affiliated Managers Group Inc. 4.200% Junior Subordinated Notes due 2061,$14.475,-0.015,-0.104%,5732,411264612.00,United States,2021,Investment Managers,Finance,/market-activity/stocks/mgrd
MGRE,Affiliated Managers Group Inc. 6.750% Junior Subordinated Notes due 2064,$22.05,-0.01,-0.045%,21391,626485989.00,United States,2024,Investment Managers,Finance,/market-activity/stocks/mgre
MGY,Magnolia Oil & Gas Corporation Class A Common Stock,$27.38,-0.29,-1.048%,2712753,6488200049.00,United States,2017,Oil & Gas Production,Energy,/market-activity/stocks/mgy
MH,McGraw Hill Inc. Common Stock,$12.85,-0.07,-0.542%,299907,2458318260.00,,2025,Publishing,Consumer Discretionary,/market-activity/stocks/mh
MHD,Blackrock MuniHoldings Fund Inc. Common Stock,$11.31,-0.08,-0.702%,382892,1682503547.00,United States,1997,Investment Bankers/Brokers/Service,Finance,/market-activity/stocks/mhd
MHF,Western Asset Municipal High Income Fund Inc. Common Stock,$6.75,0.025,0.372%,31919,0.00,United States,1988,Finance/Investors Services,Finance,/market-activity/stocks/mhf
MHK,Mohawk Industries Inc. Common Stock,$129.22,4.18,3.343%,1078531,8753123097.00,United States,,Home Furnishings,Consumer Discretionary,/market-activity/stocks/mhk
MHLA,Maiden Holdings Ltd. 6.625% Notes due 2046,$10.06,-0.18,-1.758%,3208,77883947.00,Bermuda,2016,Property-Casualty Insurers,Finance,/market-activity/stocks/mhla
MHNC,Maiden Holdings North America Ltd. 7.75% Notes due 2043,$11.44,0.135,1.194%,6375,88567828.00,Bermuda,2013,Property-Casualty Insurers,Finance,/market-activity/stocks/mhnc
MHO,M/I Homes Inc. Common Stock,$146.80,0.77,0.527%,254706,3711548951.00,United States,1993,Homebuilding,Consumer Discretionary,/market-activity/stocks/mho
MIAX,Miami International Holdings Inc. Common Stock,$40.62,-1.49,-3.538%,2303521,4030759077.00,United States,2025,Investment Bankers/Brokers/Service,Finance,/market-activity/stocks/miax
MICC,The Magnum Ice Cream Company N.V. Ordinary Shares,$19.85,0.12,0.608%,815455,12153355819.00,,2025,Specialty Foods,Consumer Staples,/market-activity/stocks/micc
MIN,Aberdeen Intermediate Income Fund Common Shares of Beneficial Interest,$2.42,-0.01,-0.412%,213698,278052606.00,United States,1988,Trusts Except Educational Religious and Charitable,Finance,/market-activity/stocks/min
MIR,Mirion Technologies Inc. Class A Common Stock,$15.57,0.06,0.387%,3417534,3877516164.00,United States,2020,Industrial Machinery/Components,Industrials,/market-activity/stocks/mir
MITN,TPG Mortgage Investment Trust Inc. 9.500% Senior Notes due 2029,$25.49,0.12,0.473%,213,751776162.00,United States,2024,Real Estate Investment Trusts,Real Estate,/market-activity/stocks/mitn
MITP,TPG Mortgage Investment Trust Inc. 9.500% Senior Notes due 2029,$25.4499,0.1699,0.672%,8228,750593494.00,United States,2024,Real Estate Investment Trusts,Real Estate,/market-activity/stocks/mitp
MITT,TPG Mortgage Investment Trust Inc. Common Stock,$6.72,0.08,1.205%,206118,213719352.00,United States,2011,Real Estate Investment Trusts,Real Estate,/market-activity/stocks/mitt
MITT^A,TPG Mortgage Investment Trust Inc. 8.25% Series A Cumulative Redeemable Preferred Stock,$22.22,-0.17,-0.759%,3756,,United States,,,,/market-activity/stocks/mitt^a
MITT^B,TPG Mortgage Investment Trust Inc. 8.00% Series B Cumulative Redeemable Preferred Stock,$20.96,-0.10,-0.475%,4761,,United States,,,,/market-activity/stocks/mitt^b
MITT^C,TPG Mortgage Investment Trust Inc. 8.00% Series C Fixed-to-Floating Rate Cumulative Redeemable Preferred Stock $0.01 par value per share,$24.97,0.049,0.197%,10059,,United States,,,,/market-activity/stocks/mitt^c
MIY,Blackrock MuniYield Michigan Quality Fund Inc. Common Stock,$12.51,-0.05,-0.398%,56512,1861018512.00,United States,1992,Investment Bankers/Brokers/Service,Finance,/market-activity/stocks/miy
MKC,McCormick & Company Incorporated Common Stock,$53.80,-0.46,-0.848%,1855873,14464213498.00,United States,,Packaged Foods,Consumer Staples,/market-activity/stocks/mkc
MKL,Markel Group Inc. Common Stock,$1816.06,18.78,1.045%,74597,22500907125.00,United States,1986,Property-Casualty Insurers,Finance,/market-activity/stocks/mkl
MLI,Mueller Industries Inc. Common Stock,$62.07,1.03,1.687%,1482980,13728728753.00,United States,,Metal Fabrications,Industrials,/market-activity/stocks/mli
MLM,Martin Marietta Materials Inc. Common Stock,$517.07,12.15,2.406%,1124521,31058243372.00,United States,1994,Mining & Quarrying of Nonmetallic Minerals (No Fuels),Industrials,/market-activity/stocks/mlm
MLP,Maui Land & Pineapple Company Inc. Common Stock,$16.38,0.27,1.676%,23457,325292959.00,United States,1998,Real Estate,Finance,/market-activity/stocks/mlp
MLR,Miller Industries Inc. Common Stock,$55.23,0.73,1.339%,130190,626981122.00,United States,,Construction/Ag Equipment/Trucks,Consumer Discretionary,/market-activity/stocks/mlr
MMD,NYLIM MacKay DefinedTerm Muni Opportunities Fund Common Shares,$14.78,-0.16,-1.071%,94484,0.00,United States,2012,Investment Managers,Finance,/market-activity/stocks/mmd
MMI,Marcus & Millichap Inc. Common Stock,$31.10,-0.17,-0.544%,94595,1177788193.00,United States,2013,Real Estate,Finance,/market-activity/stocks/mmi
MMM,3M Company Common Stock,$168.75,-1.49,-0.875%,2175229,87028157869.00,United States,,Medical/Dental Instruments,Health Care,/market-activity/stocks/mmm
MMS,Maximus Inc. Common Stock,$57.59,-0.05,-0.087%,554221,3015283571.00,United States,1997,Business Services,Consumer Discretionary,/market-activity/stocks/mms
MMT,Aberdeen Multi-Market Income Fund Common Shares of Beneficial Interest,$4.48,-0.01,-0.223%,175060,266776406.00,United States,1987,Trusts Except Educational Religious and Charitable,Finance,/market-activity/stocks/mmt
MMU,Western Asset Managed Municipals Fund Inc. Common Stock,$9.93,-0.05,-0.501%,196869,0.00,United States,1992,Investment Managers,Finance,/market-activity/stocks/mmu
MNR,Mach Natural Resources LP Common Units representing Limited Partner Interests,$12.70,0.09,0.714%,287750,2120240794.00,United States,2023,Oil & Gas Production,Energy,/market-activity/stocks/mnr
MNSO,MINISO Group Holding Limited American Depositary Shares each representing four Ordinary Shares,$9.62,0.06,0.628%,1266031,2976341843.00,China,2020,Department/Specialty Retail Stores,Consumer Discretionary,/market-activity/stocks/mnso
MNTN,MNTN Inc. Class A Common Stock,$13.13,0.74,5.973%,906160,982165530.00,United States,2025,Advertising,Consumer Discretionary,/market-activity/stocks/mntn
MO,Altria Group Inc.,$69.56,-0.01,-0.014%,9246953,116147387493.00,United States,, Medicinal Chemicals and Botanical Products ,Health Care,/market-activity/stocks/mo
MOD,Modine Manufacturing Company Common Stock,$179.51,-1.40,-0.774%,1010285,9534262213.00,United States,,Auto Parts:O.E.M.,Consumer Discretionary,/market-activity/stocks/mod
MOGU,MOGU Inc. American Depositary Shares (each  representing 25 Class A Ordinary Shares),$1.94,0.014,0.727%,1036,15875588.00,,2018,Business Services,Consumer Discretionary,/market-activity/stocks/mogu
MOH,Molina Healthcare Inc Common Stock,$202.62,-0.44,-0.217%,463775,10576764000.00,United States,2003,Medical Specialities,Health Care,/market-activity/stocks/moh
MOS,Mosaic Company (The) Common Stock,$25.78,1.00,4.036%,9842735,8195349754.00,United States,,Agricultural Chemicals,Industrials,/market-activity/stocks/mos
MOV,Movado Group Inc. Common Stock,$33.70,-0.26,-0.766%,178123,751922657.00,United States,,Consumer Specialties,Consumer Discretionary,/market-activity/stocks/mov
MP,MP Materials Corp. Common Stock,$54.70,0.96,1.786%,3254401,9742156864.00,United States,2020,Metal Mining,Basic Materials,/market-activity/stocks/mp
MPA,Blackrock MuniYield Pennsylvania Quality Fund Common Stock,$10.80,-0.08,-0.735%,23480,0.00,United States,1992,Finance Companies,Finance,/market-activity/stocks/mpa
MPC,Marathon Petroleum Corporation Common Stock,$387.00,4.00,1.044%,2399414,108679183281.00,United States,,Integrated oil Companies,Energy,/market-activity/stocks/mpc
MPLX,MPLX LP Common Units Representing Limited Partner Interests,$58.99,-0.10,-0.169%,1282537,59807498226.00,United States,2012,Natural Gas Distribution,Energy,/market-activity/stocks/mplx
MPT,Medical Properties Trust Inc. common stock,$4.06,0.03,0.744%,5947766,2424632000.00,United States,,Real Estate Investment Trusts,Real Estate,/market-activity/stocks/mpt
MPV,Barings Participation Investors Common Stock,$17.0045,0.0445,0.262%,17162,180276608.00,United States,1988,Finance Companies,Finance,/market-activity/stocks/mpv
MQY,Blackrock MuniYield Quality Fund Inc. Common Stock,$10.87,-0.09,-0.821%,990411,1617048060.00,United States,1992,Investment Bankers/Brokers/Service,Finance,/market-activity/stocks/mqy
MRK,Merck & Company Inc. Common Stock (new),$151.64,1.78,1.188%,8970616,374121907186.00,United States,,Biotechnology: Pharmaceutical Preparations,Health Care,/market-activity/stocks/mrk
MRP,Millrose Properties Inc. Class A Common Stock,$30.86,0.28,0.916%,1220382,5124239027.00,United States,2025,Real Estate,Finance,/market-activity/stocks/mrp
MRSH,Marsh Common Stock,$187.84,0.26,0.139%,3011950,89639364581.00,United States,,Specialty Insurers,Finance,/market-activity/stocks/mrsh
MS,Morgan Stanley Common Stock,$211.82,0.78,0.37%,3616000,332677351971.00,United States,,Investment Bankers/Brokers/Service,Finance,/market-activity/stocks/ms
MS^A,Morgan Stanley Dep Shs repstg 1/1000 Pfd Ser A,$18.92,0.03,0.159%,94820,,United States,,,,/market-activity/stocks/ms^a
MS^E,Morgan Stanley DEPOSITARY SHARES REP 1/1000TH SHARES FIXED/FLTG PREFERRED STOCK SERIES E,$25.43,0.02,0.079%,44446,,United States,,,,/market-activity/stocks/ms^e
MS^F,Morgan Stanley Dep Shs Rpstg 1/1000th Int Prd Ser F Fxd to Flag,$25.2901,-0.0199,-0.079%,30984,,United States,,,,/market-activity/stocks/ms^f
MS^I,Morgan Stanley Depository Shares Representing 1/1000th Preferred Series 1 Fixed to Floating Non (Cum),$24.33,0.01,0.041%,35528,,United States,,,,/market-activity/stocks/ms^i
MS^K,Morgan Stanley Depositary Shares each representing 1/1000th of a share of Fixed-to-Floating Rate Non-Cumulative Preferred Stock  Series K,$22.26,0.02,0.09%,129934,,United States,,,,/market-activity/stocks/ms^k
MS^L,Morgan Stanley Depositary Shares each representing 1/1000th of a share of 4.875% Non-Cumulative Preferred Stock Series L,$18.71,0.06,0.322%,55878,,United States,,,,/market-activity/stocks/ms^l
MS^O,Morgan Stanley Depositary Shares each representing 1/1000th of a share of 4.250% Non-Cumulative Preferred Stock Series O,$16.14,-0.01,-0.062%,151809,,United States,,,,/market-activity/stocks/ms^o
MS^P,Morgan Stanley Depositary Shares each representing 1/1000th of a share of 6.500% Non-Cumulative Preferred Stock Series P,$24.88,-0.11,-0.44%,99161,,United States,,,,/market-activity/stocks/ms^p
MS^Q,Morgan Stanley Depositary Shares each representing 1/1000th of a share of 6.625% Non-Cumulative Preferred Stock Series Q,$25.18,-0.06,-0.238%,69500,,United States,,,,/market-activity/stocks/ms^q
MSA,MSA Safety Incorporated Common Stock,$188.53,1.14,0.608%,191065,7273164825.00,United States,2000,Industrial Specialties,Health Care,/market-activity/stocks/msa
MSB,Mesabi Trust Common Stock,$24.62,-0.07,-0.284%,23756,323014646.00,United States,,Precious Metals,Industrials,/market-activity/stocks/msb
MSC,Studio City International Holdings Limited American depositary shares each representing four  Class A ordinary shares,$1.75,0.00,0.00%,647,368753201.00,,2018,Hotels/Resorts,Consumer Discretionary,/market-activity/stocks/msc
MSCI,MSCI Inc. Common Stock,$560.63,-2.46,-0.437%,397231,40757801000.00,United States,,Business Services,Consumer Discretionary,/market-activity/stocks/msci
MSD,Morgan Stanley Emerging Markets Debt Fund Inc. Common Stock,$7.265,0.005,0.069%,35599,0.00,United States,1993,Trusts Except Educational Religious and Charitable,Finance,/market-activity/stocks/msd
MSDL,Morgan Stanley Direct Lending Fund Common Stock,$15.27,0.02,0.131%,395377,0.00,United States,2024,,,/market-activity/stocks/msdl
MSGE,Madison Square Garden Entertainment Corp. Class A Common Stock,$77.09,0.05,0.065%,278160,3646760489.00,United States,2023,Services-Misc. Amusement & Recreation,Consumer Discretionary,/market-activity/stocks/msge
MSGS,Madison Square Garden Sports Corp. Class A Common Stock (New),$387.05,5.36,1.404%,220344,9320141164.00,United States,2015,Services-Misc. Amusement & Recreation,Consumer Discretionary,/market-activity/stocks/msgs
MSI,Motorola Solutions Inc. Common Stock,$478.92,-12.32,-2.508%,1281905,79258284949.00,United States,,Radio And Television Broadcasting And Communications Equipment,Technology,/market-activity/stocks/msi
MSIF,MSC Income Fund Inc. Common Stock,$12.56,-0.05,-0.397%,235003,569536076.00,,2025,Finance/Investors Services,Finance,/market-activity/stocks/msif
MSM,MSC Industrial Direct Company Inc. Common Stock,$116.47,-1.27,-1.079%,523467,6504418328.00,United States,1995,Industrial Machinery/Components,Industrials,/market-activity/stocks/msm
MT,Arcelor Mittal NY Registry Shares NEW,$75.13,1.82,2.483%,1248291,57183382781.00,Luxembourg,,Steel/Iron Ore,Industrials,/market-activity/stocks/mt
MTAL,Metals Acquisition Corp. II Class A Ordinary Shares,$10.22,0.00,0.00%,79,842761987.00,,2026,Metal Mining,Basic Materials,/market-activity/stocks/mtal
MTB,M&T Bank Corporation Common Stock,$235.48,3.46,1.491%,1160479,34007141376.00,United States,,Major Banks,Finance,/market-activity/stocks/mtb
MTB^H,M&T Bank Corporation Perpetual Fixed-to-Floating Rate Non-Cumulative Preferred Stock Series H,$25.00,0.08,0.321%,64026,,United States,,,,/market-activity/stocks/mtb^h
MTB^J,M&T Bank Corporation Depositary Shares each representing a 1/400th ownership interest in a share of Perpetual 7.500% Non-Cumulative Preferred Stock Series J,$26.02,-0.23,-0.876%,69549,,United States,,,,/market-activity/stocks/mtb^j
MTB^K,M&T Bank Corporation Depositary Shares each representing a 1/400th interest in a share of Perpetual 6.350% Non-Cumulative Preferred Stock Series K,$23.625,-0.065,-0.274%,16114,,United States,,,,/market-activity/stocks/mtb^k
MTB^L,M&T Bank Corporation Depositary Shares each representing a 1/400th ownership interest in a share of Perpetual 6.625% Non-Cumulative Preferred Stock Series L,$24.75,0.03,0.121%,51310,,United States,,,,/market-activity/stocks/mtb^l
MTD,Mettler-Toledo International Inc. Common Stock,$1367.74,-8.22,-0.597%,179199,27404803207.00,Switzerland,1997,Biotechnology: Laboratory Analytical Instruments,Industrials,/market-activity/stocks/mtd
MTDR,Matador Resources Company Common Stock,$59.58,0.37,0.625%,1306617,7373276189.00,United States,2012,Oil & Gas Production,Energy,/market-activity/stocks/mtdr
MTG,MGIC Investment Corporation Common Stock,$31.04,0.35,1.14%,1622275,6367075034.00,United States,1991,Property-Casualty Insurers,Finance,/market-activity/stocks/mtg
MTH,Meritage Homes Corporation Common Stock,$67.37,-0.11,-0.163%,794314,4390778645.00,United States,,Homebuilding,Consumer Discretionary,/market-activity/stocks/mth
MTN,Vail Resorts Inc. Common Stock,$136.30,3.91,2.953%,499784,4856849594.00,United States,1997,Services-Misc. Amusement & Recreation,Consumer Discretionary,/market-activity/stocks/mtn
MTNE,CH4 Natural Solutions Corporation Class A Ordinary Shares,$9.91,0.01,0.101%,74905,0.00,,2026,,,/market-activity/stocks/mtne
MTR,Mesa Royalty Trust Common Stock,$2.36,0.19,8.756%,75261,4398072.00,United States,,Oil & Gas Production,Energy,/market-activity/stocks/mtr
MTRN,Materion Corporation,$237.97,3.78,1.614%,260078,4957801538.00,United States,,Industrial Specialties,Industrials,/market-activity/stocks/mtrn
MTUS,Metallus Inc. Common Shares,$19.59,0.71,3.761%,286228,811991474.00,United States,2014,Steel/Iron Ore,Industrials,/market-activity/stocks/mtus
MTW,Manitowoc Company Inc. (The) Common Stock,$20.22,1.26,6.646%,332231,729173013.00,United States,,Construction/Ag Equipment/Trucks,Industrials,/market-activity/stocks/mtw
MTX,Minerals Technologies Inc. Common Stock,$70.97,0.21,0.297%,200195,2209208239.00,United States,1992,Major Chemicals,Basic Materials,/market-activity/stocks/mtx
MTZ,MasTec Inc. Common Stock,$235.33,-2.41,-1.014%,1635237,18898163413.00,United States,,Water Sewer Pipeline Comm & Power Line Construction,Industrials,/market-activity/stocks/mtz
MUA,Blackrock MuniAssets Fund Inc Common Stock,$9.92,0.07,0.711%,526974,1475723712.00,United States,1993,Investment Bankers/Brokers/Service,Finance,/market-activity/stocks/mua
MUC,Blackrock MuniHoldings California Quality Fund Inc.  Common Stock,$10.48,-0.02,-0.19%,496564,1559030696.00,United States,1998,Investment Bankers/Brokers/Service,Finance,/market-activity/stocks/muc
MUFG,Mitsubishi UFJ Financial Group Inc. Common Stock,$23.42,0.59,2.584%,2924437,277941789746.00,Japan,,Commercial Banks,Finance,/market-activity/stocks/mufg
MUJ,Blackrock MuniHoldings New Jersey Quality Fund Inc. Common Stock,$12.07,0.05,0.416%,127897,1795563025.00,United States,1998,Investment Bankers/Brokers/Service,Finance,/market-activity/stocks/muj
MUR,Murphy Oil Corporation Common Stock,$37.69,0.09,0.239%,1391747,5404034601.00,United States,,Oil & Gas Production,Energy,/market-activity/stocks/mur
MUSA,Murphy USA Inc. Common Stock,$520.47,-15.98,-2.979%,319036,9566419203.00,United States,2013,Retail-Auto Dealers and Gas Stations,Consumer Discretionary,/market-activity/stocks/musa
MUX,McEwen Inc. Common Stock,$20.12,0.97,5.065%,1126837,1234534348.00,Canada,,Precious Metals,Basic Materials,/market-activity/stocks/mux
MWA,MUELLER WATER PRODUCTS Common Stock,$23.82,0.25,1.061%,1134483,3718913674.00,United States,2006,Metal Fabrications,Industrials,/market-activity/stocks/mwa
MX,Magnachip Semiconductor Corporation Common Stock,$3.12,0.07,2.295%,324356,113911546.00,Luxembourg,2011,Semiconductors,Technology,/market-activity/stocks/mx
MXE,Mexico Equity and Income Fund Inc. (The) Common Stock,$13.4484,-0.1516,-1.115%,15269,0.00,United States,,Finance Companies,Finance,/market-activity/stocks/mxe
MXF,Mexico Fund Inc. (The) Common Stock,$21.47,0.05,0.233%,13273,0.00,United States,,Trusts Except Educational Religious and Charitable,Finance,/market-activity/stocks/mxf
MYE,Myers Industries Inc. Common Stock,$30.85,-0.35,-1.122%,280354,1160517460.00,United States,1983,Plastic Products,Industrials,/market-activity/stocks/mye
MYI,Blackrock MuniYield Quality Fund III Inc Common Stock,$10.53,-0.08,-0.754%,356835,1566468820.00,United States,,Investment Bankers/Brokers/Service,Finance,/market-activity/stocks/myi
MYN,Blackrock MuniYield New York Quality Fund Inc.Common Stock,$9.58,0.01,0.104%,203193,0.00,United States,1992,Finance Companies,Finance,/market-activity/stocks/myn
MZYX,MOZAYYX Acquisition Corp. Class A Ordinary Shares,$9.99,0.01,0.10%,7077,0.00,,2026,,,/market-activity/stocks/mzyx
NABL,N-able Inc. Common Stock,$3.97,0.15,3.927%,2648011,749957019.00,United States,2021,Computer Software: Prepackaged Software,Technology,/market-activity/stocks/nabl
NAC,Nuveen California Quality Municipal Income Fund,$11.41,-0.08,-0.696%,828801,0.00,United States,1999,Investment Managers,Finance,/market-activity/stocks/nac
NAD,Nuveen Quality Municipal Income Fund Common Stock,$11.41,-0.15,-1.298%,756197,0.00,United States,1999,Investment Managers,Finance,/market-activity/stocks/nad
NAN,Nuveen New York Quality Municipal Income Fund Common Stock,$10.84,0.00,0.00%,89308,3277103272.00,United States,1999,Investment Managers,Finance,/market-activity/stocks/nan
NAT,Nordic American Tankers Limited Common Stock,$7.07,0.16,2.315%,4824845,1497077187.00,Bermuda,1995,Marine Transportation,Consumer Discretionary,/market-activity/stocks/nat
NATL,NCR Atleos Corporation Common Stock,$45.79,-0.49,-1.059%,505817,3383740608.00,United States,2023,Office Equipment/Supplies/Services,Miscellaneous,/market-activity/stocks/natl
NAZ,Nuveen Arizona Quality Municipal Income Fund Common Stock,$12.14,-0.08,-0.655%,24955,0.00,United States,1992,Finance/Investors Services,Finance,/market-activity/stocks/naz
NBB,Nuveen Taxable Municipal Income Fund Common Shares of Beneficial Interest,$15.38,0.11,0.72%,58220,0.00,United States,2010,Finance Companies,Finance,/market-activity/stocks/nbb
NBHC,National Bank Holdings Corporation Common Stock,$41.58,0.72,1.762%,288197,1851954364.00,United States,2012,Major Banks,Finance,/market-activity/stocks/nbhc
NBR,Nabors Industries Ltd.,$95.61,2.36,2.531%,276808,1600930937.00,Bermuda,1951,Oil & Gas Production,Energy,/market-activity/stocks/nbr
NBXG,Neuberger Next Generation Connectivity Fund Inc. Common Stock,$15.08,-0.11,-0.724%,154492,0.00,United States,2021,Trusts Except Educational Religious and Charitable,Finance,/market-activity/stocks/nbxg
NC,NACCO Industries Inc. Common Stock,$41.69,-0.31,-0.738%,23485,314621715.00,United States,,Coal Mining,Energy,/market-activity/stocks/nc
NCA,Nuveen California Municipal Value Fund,$8.97,-0.08,-0.884%,104324,0.00,United States,,Investment Managers,Finance,/market-activity/stocks/nca
NCDL,Nuveen Churchill Direct Lending Corp. Common Stock,$12.60,0.06,0.478%,158585,622277019.00,United States,2024,,,/market-activity/stocks/ncdl
NCLH,Norwegian Cruise Line Holdings Ltd. Ordinary Shares,$15.57,0.14,0.907%,13626357,7149554762.00,United States,,Marine Transportation,Consumer Discretionary,/market-activity/stocks/nclh
NCV,Virtus Convertible & Income Fund Common Shares of Beneficial Interest,$16.50,-0.04,-0.242%,48159,1491163889.00,United States,2003,Finance Companies,Finance,/market-activity/stocks/ncv
NCV^A,Virtus Convertible & Income Fund 5.625% Series A Cumulative Preferred Shares,$19.94,-0.19,-0.944%,23287,,United States,,,,/market-activity/stocks/ncv^a
NCZ,Virtus Convertible & Income Fund II Common Shares of Beneficial Interest,$15.29,0.03,0.197%,27203,1163809802.00,United States,2003,Finance Companies,Finance,/market-activity/stocks/ncz
NCZ^A,Virtus Convertible & Income Fund II 5.50% Series A Cumulative Preferred Shares,$19.40,-0.275,-1.398%,18681,,United States,,,,/market-activity/stocks/ncz^a
NDMO,Nuveen Dynamic Municipal Opportunities Fund Common Shares of Beneficial Interest,$9.72,-0.09,-0.917%,151563,578002074.00,,2020,Trusts Except Educational Religious and Charitable,Finance,/market-activity/stocks/ndmo
NE,Noble Corporation plc A Ordinary Shares,$48.08,1.48,3.176%,1033538,7675597841.00,United States,2022,Oil & Gas Production,Energy,/market-activity/stocks/ne
NEA,Nuveen AMT-Free Quality Municipal Income Fund Common Shares of Beneficial Interest Par Value $.01,$11.00,-0.08,-0.722%,1128777,0.00,United States,2002,Finance/Investors Services,Finance,/market-activity/stocks/nea
NEE,NextEra Energy Inc. Common Stock,$83.10,0.17,0.205%,12714637,173344789168.00,United States,,Electric Utilities: Central,Utilities,/market-activity/stocks/nee
NEE^N,NextEra Energy Capital Holdings Inc. Series N Junior Subordinated Debentures due March 1 2079,$20.60,-0.12,-0.579%,122348,,United States,,,,/market-activity/stocks/nee^n
NEE^S,NextEra Energy Inc. 7.299% Corporate Units,$51.35,0.08,0.156%,87629,,United States,,,,/market-activity/stocks/nee^s
NEE^T,NextEra Energy Inc. 7.234% Corporate Units,$48.12,0.2156,0.45%,480364,,United States,,,,/market-activity/stocks/nee^t
NEE^U,NextEra Energy Inc. Series U Junior Subordinated Debentures due June 1 2085,$23.09,-0.05,-0.216%,88319,,United States,,,,/market-activity/stocks/nee^u
NEE^V,NextEra Energy Inc. 7.375% Corporate Units,$45.60,0.45,0.997%,63174,,United States,,,,/market-activity/stocks/nee^v
NEE^W,NextEra Energy Capital Holdings Inc. Series Z Junior Subordinated Debentures due April 15 2086,$23.17,0.11,0.477%,28542,,United States,,,,/market-activity/stocks/nee^w
NEM,Newmont Corporation,$125.16,2.53,2.063%,6346239,131880124638.00,United States,,Precious Metals,Basic Materials,/market-activity/stocks/nem
NET,Cloudflare Inc. Class A Common Stock,$272.74,-12.77,-4.473%,3354655,97117181469.00,United States,2019,Computer Software: Prepackaged Software,Technology,/market-activity/stocks/net
NEU,NewMarket Corp Common Stock,$909.15,6.03,0.668%,128557,8360912515.00,United States,,Major Chemicals,Industrials,/market-activity/stocks/neu
NEXA,Nexa Resources S.A. Common Shares,$13.34,0.22,1.677%,657710,1766736260.00,Luxembourg,2017,Metal Mining,Basic Materials,/market-activity/stocks/nexa
NFG,National Fuel Gas Company Common Stock,$83.21,-0.62,-0.74%,428540,7908702688.00,United States,,Oil/Gas Transmission,Utilities,/market-activity/stocks/nfg
NFJ,Virtus Dividend Interest & Premium Strategy Fund Common Shares of Beneficial Interest,$15.53,0.12,0.779%,192580,0.00,United States,2005,Finance: Consumer Services,Finance,/market-activity/stocks/nfj
NGG,National Grid Transco PLC National Grid PLC (NEW) American Depositary Shares,$78.05,-1.10,-1.39%,1438579,81949871120.00,United Kingdom,,Natural Gas Distribution,Utilities,/market-activity/stocks/ngg
NGL,NGL ENERGY PARTNERS LP Common Units representing Limited Partner Interests,$18.69,0.36,1.964%,364569,2332779061.00,United States,2011,Natural Gas Distribution,Utilities,/market-activity/stocks/ngl
NGL^B,NGL ENERGY PARTNERS LP 9.00% Class B Fixed-to-Floating Rate Cumulative Redeemable Perpetual Preferred Units representing limited partnership interests,$25.90,0.10,0.388%,928,,United States,,,,/market-activity/stocks/ngl^b
NGL^C,NGL ENERGY PARTNERS LP 9.625% Class C Fixed-to-Floating Rate Cumulative  Redeemable Perpetual Preferred Units representing  limited partner interests,$25.90,-0.09,-0.346%,250,,United States,,,,/market-activity/stocks/ngl^c
NGS,Natural Gas Services Group Inc. Common Stock,$35.30,0.03,0.085%,114895,455309461.00,United States,2002,Oilfield Services/Equipment,Energy,/market-activity/stocks/ngs
NGVC,Natural Grocers by Vitamin Cottage Inc. Common Stock,$27.00,-0.55,-1.996%,98339,622237977.00,United States,2012,Food Chains,Consumer Staples,/market-activity/stocks/ngvc
NGVT,Ingevity Corporation Common Stock ,$68.97,0.46,0.671%,250687,2371045280.00,United States,2016,Major Chemicals,Industrials,/market-activity/stocks/ngvt
NHI,National Health Investors Inc. Common Stock,$71.51,-0.76,-1.052%,343596,3511887135.00,United States,,Real Estate Investment Trusts,Real Estate,/market-activity/stocks/nhi
NI,NiSource Inc Common Stock,$41.15,0.19,0.464%,5154269,19733898115.00,United States,,Power Generation,Utilities,/market-activity/stocks/ni
NIC,Nicolet Bankshares Inc. Common Stock,$169.66,3.56,2.143%,184040,3555651656.00,United States,2022,Major Banks,Finance,/market-activity/stocks/nic
NIE,Virtus Equity & Convertible Income Fund Common Shares of Beneficial Interest,$26.07,0.27,1.047%,169594,722372718.00,United States,2007,Investment Managers,Finance,/market-activity/stocks/nie
NIM,Nuveen Select Maturities Municipal Fund Common Stock,$9.27,-0.0299,-0.322%,28640,0.00,United States,1992,Trusts Except Educational Religious and Charitable,Finance,/market-activity/stocks/nim
NIO,NIO Inc. American depositary shares each  representing one Class A ordinary share,$3.86,-0.20,-4.926%,73027829,9671874705.00,United States,2018,Auto Manufacturing,Industrials,/market-activity/stocks/nio
NIQ,NIQ Global Intelligence plc Ordinary Shares,$18.35,-0.37,-1.976%,1196614,5412440104.00,United States,2025,Computer Software: Programming Data Processing,Technology,/market-activity/stocks/niq
NJR,NewJersey Resources Corporation Common Stock,$53.64,-0.46,-0.85%,571323,5442740623.00,United States,,Oil/Gas Transmission,Utilities,/market-activity/stocks/njr
NKE,Nike Inc. Common Stock,$38.24,0.12,0.315%,20727165,56728990403.00,United States,,Shoe Manufacturing,Consumer Discretionary,/market-activity/stocks/nke
NKX,Nuveen California AMT-Free Quality Municipal Income Fund,$11.92,-0.03,-0.251%,125703,0.00,United States,2002,Finance/Investors Services,Finance,/market-activity/stocks/nkx
NL,NLI Holdings Inc. Common Stock,$6.75,0.03,0.446%,37747,330066455.00,United States,,Major Chemicals,Basic Materials,/market-activity/stocks/nl
NLOP,Net Lease Office Properties Common Shares of Beneficial Interest,$11.13,-0.05,-0.447%,107188,164880655.00,United States,2023,Real Estate Investment Trusts,Real Estate,/market-activity/stocks/nlop
NLY,Annaly Capital Management Inc. Common Stock,$22.71,0.09,0.398%,8088836,17116854978.00,United States,,Real Estate Investment Trusts,Real Estate,/market-activity/stocks/nly
NLY^F,Annaly Capital Management Inc 6.95% Series F,$25.31,-0.04,-0.158%,63329,,United States,,,,/market-activity/stocks/nly^f
NLY^G,Annaly Capital Management Inc 6.50% Series G Fixed-to-Floating Rate Cumulative Redeemable Preferred Stock,$25.18,0.008,0.032%,28095,,United States,,,,/market-activity/stocks/nly^g
NLY^I,Annaly Capital Management Inc 6.750% Series I Fixed-to-Floating Rate Cumulative Redeemable Preferred Stock,$24.90,0.00,0.00%,102394,,United States,,,,/market-activity/stocks/nly^i
NLY^J,Annaly Capital Management Inc. 8.875% Series J Fixed-Rate Cumulative Redeemable Preferred Stock,$25.76,-0.06,-0.232%,62858,,United States,,,,/market-activity/stocks/nly^j
NMAI,Nuveen Multi-Asset Income Fund Common Shares of Beneficial Interest,$14.42,-0.16,-1.097%,80857,0.00,United States,2021,Investment Managers,Finance,/market-activity/stocks/nmai
NMAX,Newsmax Inc. Class B Common Stock,$11.00,0.61,5.871%,1325975,1420767095.00,United States,2025,Broadcasting,Industrials,/market-activity/stocks/nmax
NMCO,Nuveen Municipal Credit Opportunities Fund Common Shares,$9.77,0.02,0.205%,832229,535117301.00,,2019,Finance/Investors Services,Finance,/market-activity/stocks/nmco
NMG,Nouveau Monde Graphite Inc. Common Shares,$1.43,0.02,1.418%,665909,470694267.00,Canada,,Other Metals and Minerals,Basic Materials,/market-activity/stocks/nmg
NMI,Nuveen Municipal Income Fund Inc. Common Stock,$10.48,0.03,0.287%,38345,0.00,United States,1988,Trusts Except Educational Religious and Charitable,Finance,/market-activity/stocks/nmi
NMM,Navios Maritime Partners LP Common Units Representing Limited Partner Interests,$91.39,2.48,2.789%,184107,2665691577.00,Greece,2007,Marine Transportation,Consumer Discretionary,/market-activity/stocks/nmm
NMR,Nomura Holdings Inc ADR American Depositary Shares,$10.25,0.08,0.787%,502609,29738706546.00,Japan,,Investment Bankers/Brokers/Service,Finance,/market-activity/stocks/nmr
NMS,Nuveen Minnesota Quality Municipal Income Fund ,$10.51,-0.08,-0.755%,81843,0.00,United States,2014,Finance Companies,Finance,/market-activity/stocks/nms
NMT,Nuveen Massachusetts Quality Municipal Income Fund Common Stock,$12.31,0.01,0.081%,26715,0.00,United States,,Finance/Investors Services,Finance,/market-activity/stocks/nmt
NMZ,Nuveen Municipal High Income Opportunity Fund Common Stock $0.01 par value per share,$9.79,-0.10,-1.011%,1264204,0.00,United States,2003,Finance/Investors Services,Finance,/market-activity/stocks/nmz
NNI,Nelnet Inc. Common Stock,$127.26,2.06,1.645%,131944,4553291280.00,United States,2003,Finance: Consumer Services,Finance,/market-activity/stocks/nni
NNN,NNN REIT Inc. Common Stock,$45.07,-0.17,-0.376%,1994768,8650348198.00,United States,,Real Estate Investment Trusts,Real Estate,/market-activity/stocks/nnn
NNY,Nuveen New York Municipal Value Fund Common Stock,$8.13,-0.03,-0.368%,20319,0.00,United States,1988,Investment Managers,Finance,/market-activity/stocks/nny
NOA,North American Construction Group Ltd. Common Shares (no par),$13.27,0.04,0.302%,34877,367717831.00,Canada,2006,Oilfield Services/Equipment,Energy,/market-activity/stocks/noa
NOAH,Noah Holdings Limited American Depositary Shares,$8.34,0.04,0.482%,83395,559210819.00,China,2010,Investment Managers,Finance,/market-activity/stocks/noah
NOC,Northrop Grumman Corporation Common Stock,$523.82,-9.09,-1.706%,759553,74415454279.00,United States,,Industrial Machinery/Components,Industrials,/market-activity/stocks/noc
NOG,Northern Oil and Gas Inc. Common Stock,$26.60,0.24,0.91%,2009226,2834206805.00,United States,2022,Oil & Gas Production,Energy,/market-activity/stocks/nog
NOK,Nokia Corporation Sponsored American Depositary Shares,$9.84,-0.09,-0.906%,49179923,56503638609.00,Finland,1994,Radio And Television Broadcasting And Communications Equipment,Technology,/market-activity/stocks/nok
NOMD,Nomad Foods Limited Ordinary Shares,$11.59,-0.08,-0.686%,851471,1646777806.00,United Kingdom,2016,Packaged Foods,Consumer Staples,/market-activity/stocks/nomd
NOV,NOV Inc. Common Stock,$21.71,0.35,1.639%,2308861,7739140094.00,United States,,Oil and Gas Field Machinery,Consumer Discretionary,/market-activity/stocks/nov
NOW,ServiceNow Inc. Common Stock,$136.72,-6.18,-4.325%,14617759,141368480000.00,United States,2012,Computer Software: Prepackaged Software,Technology,/market-activity/stocks/now
NP,Neptune Insurance Holdings Inc. Class A Common Stock,$33.28,0.58,1.774%,362423,4567117235.00,,2025,Specialty Insurers,Finance,/market-activity/stocks/np
NPB,Northpointe Bancshares Inc. Common Stock,$16.89,0.30,1.808%,232727,584087311.00,United States,2025,Major Banks,Finance,/market-activity/stocks/npb
NPCT,Nuveen Core Plus Impact Fund Common Shares of Beneficial Interest,$9.67,0.01,0.104%,65857,0.00,United States,2021,Investment Managers,Finance,/market-activity/stocks/npct
NPFD,Nuveen Variable Rate Preferred & Income Fund Common Shares,$18.83,0.25,1.346%,59877,0.00,United States,2021,Trusts Except Educational Religious and Charitable,Finance,/market-activity/stocks/npfd
NPK,National Presto Industries Inc. Common Stock,$144.69,-2.25,-1.531%,127127,1032517534.00,United States,,Ordnance And Accessories,Industrials,/market-activity/stocks/npk
NPKI,NPK International Inc. Common Stock,$13.25,0.01,0.076%,645798,1125056096.00,United States,,Misc Corporate Leasing Services,Industrials,/market-activity/stocks/npki
NPO,Enpro Inc. Common Stock,$290.59,2.63,0.913%,160244,6151116422.00,United States,,Metal Fabrications,Industrials,/market-activity/stocks/npo
NPV,Nuveen Virginia Quality Municipal Income Fund Common Stock,$10.27,-0.08,-0.773%,88689,0.00,United States,1993,Investment Managers,Finance,/market-activity/stocks/npv
NPWR,NET Power Inc. Class A Common Stock,$1.77,0.02,1.143%,575107,397999653.00,United States,2021,Industrial Machinery/Components,Energy,/market-activity/stocks/npwr
NRDY,Nerdy Inc. Class A Common Stock,$9.69,-0.09,-0.92%,12688,123779992.00,United States,2020,Other Consumer Services,Real Estate,/market-activity/stocks/nrdy
NREF,NexPoint Real Estate Finance Inc. Common Stock,$17.56,0.27,1.562%,59965,330971389.00,United States,2020,Real Estate Investment Trusts,Real Estate,/market-activity/stocks/nref
NREF^A,NexPoint Real Estate Finance Inc. 8.50% Series A Cumulative Redeemable Preferred Stock,$25.20,0.1827,0.73%,1321,,United States,,,,/market-activity/stocks/nref^a
NRG,NRG Energy Inc. Common Stock,$111.09,1.58,1.443%,2109125,23352282556.00,United States,,Electric Utilities: Central,Utilities,/market-activity/stocks/nrg
NRGV,Energy Vault Holdings Inc. Common Stock,$3.55,0.28,8.563%,3528175,645530474.00,United States,2021,Industrial Machinery/Components,Miscellaneous,/market-activity/stocks/nrgv
NRK,Nuveen New York AMT-Free Quality Municipal Income Fund ,$10.07,-0.03,-0.297%,286437,0.00,United States,2002,Trusts Except Educational Religious and Charitable,Finance,/market-activity/stocks/nrk
NRP,Natural Resource Partners LP Limited Partnership,$112.51,0.35,0.312%,30304,1490803854.00,United States,2002,Coal Mining,Energy,/market-activity/stocks/nrp
NRT,North European Oil Royality Trust Common Stock,$9.12,0.08,0.885%,19142,83818181.00,United States,,Oil & Gas Production,Energy,/market-activity/stocks/nrt
NRUC,National Rural Utilities Cooperative Finance Corporation 5.500% Subordinated Notes due 2064 (Subordinated Deferrable Interest Notes),$20.88,0.02,0.096%,32120,0.00,United States,2019,Diversified Financial Services,Finance,/market-activity/stocks/nruc
NSC,Norfolk Southern Corporation Common Stock,$330.06,-2.90,-0.871%,1143773,74134239592.00,United States,,Railroads,Industrials,/market-activity/stocks/nsc
NSP,Insperity Inc. Common Stock,$50.52,-0.88,-1.712%,331436,1929625040.00,United States,,Professional Services,Consumer Discretionary,/market-activity/stocks/nsp
NTB,Bank of N.T. Butterfield & Son Limited (The) Voting Ordinary Shares,$59.58,0.67,1.137%,172379,2383200000.00,Bermuda,2016,Commercial Banks,Finance,/market-activity/stocks/ntb
NTR,Nutrien Ltd. Common Shares,$80.29,2.60,3.347%,2888673,38696747688.00,Canada,2004,Agricultural Chemicals,Industrials,/market-activity/stocks/ntr
NTST,NetSTREIT Corp. Common Stock,$20.41,-0.03,-0.147%,684534,2072186439.00,United States,2020,Real Estate Investment Trusts,Real Estate,/market-activity/stocks/ntst
NU,Nu Holdings Ltd. Class A Ordinary Shares,$15.40,0.94,6.501%,80829601,74777373933.00,Cayman Islands,2021,Finance: Consumer Services,Finance,/market-activity/stocks/nu
NUE,Nucor Corporation Common Stock,$263.97,12.05,4.783%,1157069,59888372194.00,United States,,Steel/Iron Ore,Industrials,/market-activity/stocks/nue
NUS,Nu Skin Enterprises Inc. Common Stock,$4.83,0.26,5.689%,710905,235108142.00,United States,1996,Other Pharmaceuticals,Health Care,/market-activity/stocks/nus
NUV,Nuveen Municipal Value Fund Inc. Common Stock,$8.91,-0.04,-0.447%,381799,0.00,United States,1987,Trusts Except Educational Religious and Charitable,Finance,/market-activity/stocks/nuv
NUVB,Nuvation Bio Inc. Class A Common Stock,$6.93,0.29,4.367%,4997681,2433284005.00,United States,2020,Biotechnology: Pharmaceutical Preparations,Health Care,/market-activity/stocks/nuvb
NUW,Nuveen AMT-Free Municipal Value Fund,$13.83,-0.085,-0.611%,43898,0.00,United States,2009,Investment Managers,Finance,/market-activity/stocks/nuw
NVG,Nuveen AMT-Free Municipal Credit Income Fund ,$11.92,-0.10,-0.832%,646263,0.00,United States,2002,Investment Managers,Finance,/market-activity/stocks/nvg
NVGS,Navigator Holdings Ltd. Ordinary Shares (Marshall Islands),$22.51,0.29,1.305%,405430,1388866347.00,Marshall Islands,2013,Marine Transportation,Consumer Discretionary,/market-activity/stocks/nvgs
NVO,Novo Nordisk A/S Common Stock,$46.77,1.65,3.657%,13602642,207094310420.00,Denmark,,Biotechnology: Pharmaceutical Preparations,Health Care,/market-activity/stocks/nvo
NVR,NVR Inc. Common Stock,$6326.95,51.13,0.815%,36717,16860435977.00,United States,1998,Homebuilding,Consumer Discretionary,/market-activity/stocks/nvr
NVRI,Enviri Corporation Common Stock,$22.79,0.78,3.544%,253398,642452812.00,,2026,Diversified Commercial Services,Miscellaneous,/market-activity/stocks/nvri
NVS,Novartis AG Common Stock,$162.46,1.21,0.75%,4344103,309998321770.00,Switzerland,,Biotechnology: Pharmaceutical Preparations,Health Care,/market-activity/stocks/nvs
NVST,Envista Holdings Corporation Common Stock,$27.39,0.75,2.815%,1758103,4399319050.00,United States,2019,Medical/Dental Instruments,Health Care,/market-activity/stocks/nvst
NVT,nVent Electric plc Ordinary Shares ,$148.17,0.87,0.591%,1846235,23982490822.00,United Kingdom,2018,Industrial Machinery/Components,Industrials,/market-activity/stocks/nvt
NWAX,New America Acquisition I Corp. Class A Common Stock,$10.19,0.015,0.147%,8374,0.00,,2026,Blank Checks,Finance,/market-activity/stocks/nwax
NWG,NatWest Group plc American Depositary Shares (each representing two (2) Ordinary Shares),$18.59,0.26,1.418%,3221433,76470353141.00,United Kingdom,2022,Commercial Banks,Finance,/market-activity/stocks/nwg
NWN,Northwest Natural Holding Company Common Stock,$49.24,-0.17,-0.344%,165218,2072685811.00,United States,,Oil/Gas Transmission,Utilities,/market-activity/stocks/nwn
NX,Quanex Building Products Corporation Common Stock,$18.93,0.44,2.38%,398925,869416377.00,United States,,Metal Fabrications,Industrials,/market-activity/stocks/nx
NXDR,Nextdoor Holdings Inc. Class A Common Stock,$2.28,0.08,3.636%,3423920,882014357.00,United States,,Computer Software: Programming Data Processing,Technology,/market-activity/stocks/nxdr
NXDT,NexPoint Diversified Real Estate Trust Common Stock,$5.55,0.17,3.16%,227128,294738450.00,United States,,Real Estate Investment Trusts,Real Estate,/market-activity/stocks/nxdt
NXDT^A,NexPoint Diversified Real Estate Trust 5.50% Series A Cumulative Preferred Shares ($25.00 liquidation preference per share),$13.155,-0.025,-0.19%,2385,,United States,,,,/market-activity/stocks/nxdt^a
NXE,Nexgen Energy Ltd. Common Shares,$10.22,0.29,2.92%,4507997,6852572352.00,Canada,2017,Other Metals and Minerals,Basic Materials,/market-activity/stocks/nxe
NXG,NXG NextGen Infrastructure Income Fund Common Shares of Beneficial Interest,$54.70,-0.83,-1.495%,93432,142313756.00,United States,2012,,,/market-activity/stocks/nxg
NXP,Nuveen Select Tax Free Income Portfolio Common Stock,$14.13,-0.05,-0.353%,191057,661271467.00,United States,1992,Trusts Except Educational Religious and Charitable,Finance,/market-activity/stocks/nxp
NXRT,NexPoint Residential Trust Inc. Common Stock,$24.10,0.71,3.035%,905610,615750493.00,United States,2015,Real Estate Investment Trusts,Real Estate,/market-activity/stocks/nxrt
NYC,American Strategic Investment Co. Class A Common Stock,$6.11,-0.13,-2.083%,5881,19329792.00,,2020,Real Estate Investment Trusts,Real Estate,/market-activity/stocks/nyc
NYT,New York Times Company (The) Common Stock,$67.68,-0.05,-0.074%,1711286,10862833700.00,United States,,Newspapers/Magazines,Consumer Discretionary,/market-activity/stocks/nyt
NZF,Nuveen Municipal Credit Income Fund ,$11.83,-0.19,-1.581%,1019507,0.00,United States,2007,Finance Companies,Finance,/market-activity/stocks/nzf
O,Realty Income Corporation Common Stock,$61.50,0.14,0.228%,5403174,58192409030.00,United States,,Real Estate Investment Trusts,Real Estate,/market-activity/stocks/o
OAK^A,Brookfield Oaktree Holdings LLC 6.625% Series A Preferred Units,$20.32,0.10,0.495%,5026,,United States,,,,/market-activity/stocks/oak^a
OAK^B,Brookfield Oaktree Holdings LLC 6.550% Series B Preferred Units,$20.02,0.00,0.00%,4970,,United States,,,,/market-activity/stocks/oak^b
OBDC,Blue Owl Capital Corporation Common Stock,$11.36,-0.01,-0.088%,2608046,5602099584.00,United States,2019,Diversified Financial Services,Finance,/market-activity/stocks/obdc
OBK,Origin Bancorp Inc. Common Stock,$53.82,1.11,2.106%,182113,1660329670.00,United States,,Major Banks,Finance,/market-activity/stocks/obk
OC,Owens Corning Inc Common Stock New,$134.25,0.57,0.426%,935473,10612285693.00,United States,,Industrial Machinery/Components,Industrials,/market-activity/stocks/oc
OCAC,Ocean Capital Acquisition Corporation Ordinary Shares,$9.96,0.00,0.00%,524,0.00,,2026,Blank Checks,Finance,/market-activity/stocks/ocac
ODC,Oil-Dri Corporation Of America Common Stock,$90.65,-0.12,-0.132%,91254,1313367568.00,United States,,Miscellaneous manufacturing industries,Consumer Discretionary,/market-activity/stocks/odc
OEC,Orion S.A. Common Shares,$6.17,0.30,5.111%,312325,348745053.00,Luxembourg,2014,Major Chemicals,Industrials,/market-activity/stocks/oec
OFG,OFG Bancorp Common Stock,$52.71,0.59,1.132%,274511,2227814189.00,Puerto Rico,,Major Banks,Finance,/market-activity/stocks/ofg
OFRM,Once Upon a Farm PBC Common Stock,$17.78,0.41,2.36%,365235,746593810.00,,2026,Packaged Foods,Consumer Staples,/market-activity/stocks/ofrm
OGC,OceanaGold Corporation Common Shares,$29.09,1.00,3.56%,515068,6522502289.00,,2026,,,/market-activity/stocks/ogc
OGE,OGE Energy Corp Common Stock,$46.46,0.47,1.022%,2255131,9597766594.00,United States,,Electric Utilities: Central,Utilities,/market-activity/stocks/oge
OGG,Osisko Gold Group Inc. Common Shares,$2.90,0.05,1.754%,563630,886929727.00,Canada,2022,Precious Metals,Basic Materials,/market-activity/stocks/ogg
OGN,Organon & Co. Common Stock ,$13.77,0.01,0.073%,3626270,3616131892.00,United States,2021,Biotechnology: Pharmaceutical Preparations,Health Care,/market-activity/stocks/ogn
OGS,ONE Gas Inc. Common Stock,$79.95,-0.41,-0.51%,408460,5025358787.00,United States,2014,Oil/Gas Transmission,Utilities,/market-activity/stocks/ogs
OHI,Omega Healthcare Investors Inc. Common Stock,$46.99,0.20,0.427%,1908186,14238580870.00,United States,1992,Real Estate Investment Trusts,Real Estate,/market-activity/stocks/ohi
OI,O-I Glass Inc. Common Stock,$7.07,0.05,0.712%,2837217,1086374411.00,United States,,Containers/Packaging,Consumer Discretionary,/market-activity/stocks/oi
OIA,Invesco Municipal Income Opportunities Trust Common Stock,$5.95,-0.04,-0.668%,77823,283253255.00,United States,,Finance Companies,Finance,/market-activity/stocks/oia
OII,Oceaneering International Inc. Common Stock,$51.63,0.31,0.604%,649073,5138715571.00,United States,,Oilfield Services/Equipment,Energy,/market-activity/stocks/oii
OIS,Oil States International Inc. Common Stock,$8.96,0.14,1.587%,469119,540490666.00,United States,2001,Oil and Gas Field Machinery,Consumer Discretionary,/market-activity/stocks/ois
OKE,ONEOK Inc. Common Stock,$96.01,0.32,0.334%,3563939,60521791729.00,United States,,Oil & Gas Production,Utilities,/market-activity/stocks/oke
OKLO,Oklo Inc. Class A common stock,$39.52,0.99,2.569%,6834251,7351417528.00,United States,2021,Electric Utilities: Central,Utilities,/market-activity/stocks/oklo
OLN,Olin Corporation Common Stock,$17.66,0.53,3.094%,2034863,2012930773.00,United States,,Major Chemicals,Industrials,/market-activity/stocks/oln
OLP,One Liberty Properties Inc. Common Stock,$23.84,-0.02,-0.084%,79009,520308572.00,United States,1986,Real Estate Investment Trusts,Real Estate,/market-activity/stocks/olp
OMC,Omnicom Group Inc. Common Stock,$81.76,-4.33,-5.03%,4839193,22430526262.00,United States,,Advertising,Consumer Discretionary,/market-activity/stocks/omc
OMF,OneMain Holdings Inc. Common Stock,$63.14,2.03,3.322%,855517,7263718353.00,United States,2013,Finance: Consumer Services,Finance,/market-activity/stocks/omf
ONIT,Onity Group Inc. Common Stock,$34.10,0.44,1.307%,74596,284889132.00,United States,,Finance: Consumer Services,Finance,/market-activity/stocks/onit
ONL,Orion Properties Inc. Common Stock,$2.69,-0.10,-3.584%,223414,153450281.00,United States,2021,Real Estate Investment Trusts,Real Estate,/market-activity/stocks/onl
ONON,On Holding AG Class A Ordinary Shares,$27.80,0.07,0.252%,5827279,16775383746.00,,2021,Shoe Manufacturing,Consumer Discretionary,/market-activity/stocks/onon
ONT,Onterris Inc. Common Stock,$17.33,0.79,4.776%,433598,608584958.00,United States,2020,Professional Services,Consumer Discretionary,/market-activity/stocks/ont
ONTO,Onto Innovation Inc. Common Stock,$254.55,-1.82,-0.71%,766947,12491849574.00,United States,,Industrial Machinery/Components,Industrials,/market-activity/stocks/onto
OOMA,Ooma Inc. Common Stock,$22.53,0.65,2.971%,369721,619575000.00,United States,2015,EDP Services,Technology,/market-activity/stocks/ooma
OPFI,OppFi Inc. Class A Common Stock,$7.24,0.38,5.539%,764452,616907708.00,United States,2020,Finance: Consumer Services,Finance,/market-activity/stocks/opfi
OPLN,OPENLANE Inc. Common Stock,$34.63,-0.42,-1.198%,922292,4227279425.00,United States,,Retail-Auto Dealers and Gas Stations,Consumer Discretionary,/market-activity/stocks/opln
OPP,RiverNorth/DoubleLine Strategic Opportunity Fund Inc. Common Stock,$7.44,0.01,0.135%,43353,0.00,United States,2016,Finance/Investors Services,Finance,/market-activity/stocks/opp
OPP^A,RiverNorth/DoubleLine Strategic Opportunity Fund Inc. 4.375% Series A Cumulative Preferred Stock,$15.41,0.045,0.293%,11941,,United States,,,,/market-activity/stocks/opp^a
OPP^B,RiverNorth/DoubleLine Strategic Opportunity Fund Inc. 4.75% Series B Cumulative Preferred Stock,$16.65,0.01,0.06%,4932,,United States,,,,/market-activity/stocks/opp^b
OPTU,Optimum Communications Inc. Class A common stock,$1.02,0.0789,8.384%,1917102,464696552.00,United States,2017,Cable & Other Pay Television Services,Telecommunications,/market-activity/stocks/optu
OPY,Oppenheimer Holdings Inc. Class A Common Stock (DE),$117.36,-2.25,-1.881%,71429,1256691467.00,United States,,Investment Bankers/Brokers/Service,Finance,/market-activity/stocks/opy
OR,OR Royalties Inc. Common Shares,$36.81,1.22,3.428%,689033,6901722754.00,Canada,2016,Precious Metals,Basic Materials,/market-activity/stocks/or
ORA,Ormat Technologies Inc. Common Stock,$104.69,-2.60,-2.423%,676075,6438114753.00,United States,2004,Electric Utilities: Central,Utilities,/market-activity/stocks/ora
ORC,Orchid Island Capital Inc. Common Stock,$6.52,-0.02,-0.306%,3907794,1301414416.00,United States,2013,Real Estate Investment Trusts,Real Estate,/market-activity/stocks/orc
ORCL,Oracle Corporation Common Stock,$145.75,4.43,3.135%,21906760,419828648250.00,United States,1986,Computer Software: Prepackaged Software,Technology,/market-activity/stocks/orcl
ORCL^D,Oracle Corporation Depositary Shares each representing a 1/2000th interest in a sh of 6.50% Series D Mandatory Convertible Preferred Stock,$45.96,1.55,3.49%,555020,,United States,,,,/market-activity/stocks/orcl^d
ORI,Old Republic International Corporation Common Stock,$42.09,0.37,0.887%,995770,10161911687.00,United States,,Property-Casualty Insurers,Finance,/market-activity/stocks/ori
ORN,Orion Group Holdings Inc. Common,$9.08,0.03,0.331%,339804,367697233.00,United States,,Military/Government/Technical,Industrials,/market-activity/stocks/orn
OSCR,Oscar Health Inc. Class A Common Stock,$30.33,0.50,1.676%,4580009,9361202850.00,United States,2021,Medical Specialities,Health Care,/market-activity/stocks/oscr
OSG,Octave Specialty Group Inc. Common Stock,$4.49,-0.05,-1.101%,707070,202281172.00,United States,,Property-Casualty Insurers,Finance,/market-activity/stocks/osg
OSK,Oshkosh Corporation (Holding Company)Common Stock,$152.89,5.21,3.528%,510229,9439390225.00,United States,,Auto Manufacturing,Industrials,/market-activity/stocks/osk
OTAI,Starlink AI Acquisition Corporation Ordinary Shares,$10.01,0.01,0.10%,2143,0.00,,2026,,,/market-activity/stocks/otai
OTF,Blue Owl Technology Finance Corp. Common Stock,$11.41,-0.21,-1.807%,1971131,5227895288.00,United States,2025,,,/market-activity/stocks/otf
OTIS,Otis Worldwide Corporation Common Stock ,$70.83,0.23,0.326%,3914205,26962809281.00,United States,2020,Consumer Electronics/Appliances,Technology,/market-activity/stocks/otis
OUT,OUTFRONT Media Inc. Common Stock,$29.55,-0.26,-0.872%,1460155,5204796667.00,United States,2014,Real Estate Investment Trusts,Real Estate,/market-activity/stocks/out
OVV,Ovintiv Inc. (DE),$66.91,0.33,0.496%,2415397,18915457000.00,Canada,,Oil & Gas Production,Energy,/market-activity/stocks/ovv
OWL,Blue Owl Capital Inc. Class A Common Stock,$11.60,-0.08,-0.685%,26803849,18085469787.00,United States,2020,Investment Managers,Finance,/market-activity/stocks/owl
OWLT,Owlet Inc. Class A Common Stock,$5.06,0.18,3.689%,151464,147861686.00,United States,2020,Industrial Machinery/Components,Industrials,/market-activity/stocks/owlt
OXM,Oxford Industries Inc. Common Stock,$37.74,0.00,0.00%,254209,563493374.00,United States,,Garments and Clothing,Industrials,/market-activity/stocks/oxm
OXY,Occidental Petroleum Corporation Common Stock,$60.91,-0.04,-0.066%,5285192,60887912268.00,United States,,Oil & Gas Production,Energy,/market-activity/stocks/oxy
P,Everpure Inc. Class A common stock,$92.43,-1.35,-1.44%,2592784,30724187865.00,United States,2015,Electronic Components,Technology,/market-activity/stocks/p
PAAS,Pan American Silver Corp. Common Stock,$51.54,1.54,3.08%,5617993,21369411720.00,Canada,,Precious Metals,Basic Materials,/market-activity/stocks/paas
PAC,Grupo Aeroportuario Del Pacifico S.A. B. de C.V. Grupo Aeroportuario Del Pacifico S.A. de C.V. (each representing 10 Series B shares),$208.45,5.95,2.938%,86967,12403154379.00,Mexico,2006,Aerospace,Consumer Discretionary,/market-activity/stocks/pac
PACK,Ranpak Holdings Corp Class A Common Stock,$4.42,-0.05,-1.119%,450025,379051637.00,United States,2018,Containers/Packaging,Consumer Discretionary,/market-activity/stocks/pack
PACS,PACS Group Inc. Common Stock,$43.09,0.95,2.254%,651258,6822681521.00,United States,2024,Hospital/Nursing Management,Health Care,/market-activity/stocks/pacs
PAG,Penske Automotive Group Inc. Common Stock,$218.06,1.14,0.526%,168934,14318446086.00,United States,,Retail-Auto Dealers and Gas Stations,Consumer Discretionary,/market-activity/stocks/pag
PAGS,PagSeguro Digital Ltd. Class A Common Shares,$9.84,0.70,7.659%,3961757,2860268657.00,Cayman Islands,2018,EDP Services,Technology,/market-activity/stocks/pags
PAI,Western Asset Investment Grade Income Fund Inc.,$11.84,0.01,0.085%,25366,0.00,United States,,Trusts Except Educational Religious and Charitable,Finance,/market-activity/stocks/pai
PAII,Pyrophyte Acquisition Corp. II Class A Ordinary Shares,$10.29,0.00,0.00%,184077,0.00,,2025,,,/market-activity/stocks/paii
PAM,Pampa Energia S.A.,$86.42,2.34,2.783%,175024,4713417232.00,Argentina,,Electric Utilities: Central,Utilities,/market-activity/stocks/pam
PAR,PAR Technology Corporation Common Stock,$18.75,0.17,0.915%,899312,775550775.00,United States,,Office Equipment/Supplies/Services,Miscellaneous,/market-activity/stocks/par
PARR,Par Pacific Holdings Inc.  Common Stock,$80.16,0.13,0.162%,727031,4015986100.00,United States,,Oil & Gas Production,Energy,/market-activity/stocks/parr
PATH,UiPath Inc. Class A Common Stock,$17.99,-0.15,-0.827%,60560771,9320983585.00,United States,2021,Computer Software: Prepackaged Software,Technology,/market-activity/stocks/path
PAXS,PIMCO Access Income Fund Common Shares of Beneficial Interest,$14.08,0.02,0.142%,251721,0.00,United States,2022,Investment Managers,Finance,/market-activity/stocks/paxs
PAY,Paymentus Holdings Inc. Class A Common Stock,$36.28,1.15,3.274%,1980549,4569090393.00,United States,2021,Business Services,Consumer Discretionary,/market-activity/stocks/pay
PAYC,Paycom Software Inc. Common Stock,$236.25,-1.70,-0.714%,608732,10648169989.00,United States,2014,Computer Software: Prepackaged Software,Technology,/market-activity/stocks/payc
PB,Prosperity Bancshares Inc. Common Stock,$72.09,1.39,1.966%,740804,8663543421.00,United States,,Major Banks,Finance,/market-activity/stocks/pb
PBA,Pembina Pipeline Corp. Ordinary Shares (Canada),$48.59,-0.44,-0.897%,709435,28257757450.00,Canada,,Oil & Gas Production,Energy,/market-activity/stocks/pba
PBF,PBF Energy Inc. Class A Common Stock,$75.48,0.49,0.653%,2788843,8947160532.00,United States,2012,Integrated oil Companies,Energy,/market-activity/stocks/pbf
PBH,Prestige Consumer Healthcare Inc. Common Stock,$52.83,0.19,0.361%,440042,2502795997.00,United States,2005,Biotechnology: Pharmaceutical Preparations,Health Care,/market-activity/stocks/pbh
PBI,Pitney Bowes Inc. Common Stock,$17.40,0.29,1.695%,1446138,2385369689.00,United States,,Office Equipment/Supplies/Services,Miscellaneous,/market-activity/stocks/pbi
PBI^B,Pitney Bowes Inc 6.70% Notes Due 2043,$21.81,0.00,0.00%,6852,,United States,,,,/market-activity/stocks/pbi^b
PBR,Petroleo Brasileiro S.A. Petrobras ADS,$20.86,0.53,2.607%,24311564,134429482708.00,Brazil,,Oil & Gas Production,Energy,/market-activity/stocks/pbr
PBT,Permian Basin Royalty Trust Common Stock,$34.29,0.24,0.705%,123077,1598215615.00,United States,,Oil & Gas Production,Energy,/market-activity/stocks/pbt
PCF,High Income Securities Fund Common Stock,$5.52,0.08,1.471%,156082,0.00,United States,,Trusts Except Educational Religious and Charitable,Finance,/market-activity/stocks/pcf
PCG,Pacific Gas & Electric Co. Common Stock,$13.33,-0.73,-5.192%,118883855,35725872912.00,United States,,Power Generation,Utilities,/market-activity/stocks/pcg
PCG^X,PG&E Corp 6.000% Series A Mandatory Convertible Preferred Stock,$33.83,-1.42,-4.028%,3050839,,United States,,,,/market-activity/stocks/pcg^x
PCM,PCM Fund Inc. Common Stock,$5.35,0.03,0.564%,91501,0.00,United States,1993,Trusts Except Educational Religious and Charitable,Finance,/market-activity/stocks/pcm
PCN,Pimco Corporate & Income Strategy Fund Common Stock,$11.68,-0.03,-0.256%,326385,0.00,United States,2001,Investment Managers,Finance,/market-activity/stocks/pcn
PCOR,Procore Technologies Inc. Common Stock,$59.49,-0.87,-1.441%,2380514,9039823058.00,United States,2021,Computer Software: Prepackaged Software,Technology,/market-activity/stocks/pcor
PCQ,PIMCO California Municipal Income Fund Common Stock,$8.57,-0.03,-0.349%,155636,0.00,United States,2001,Investment Managers,Finance,/market-activity/stocks/pcq
PD,PagerDuty Inc. Common Stock,$13.77,-0.27,-1.923%,1860673,1083008751.00,United States,2019,Computer Software: Prepackaged Software,Technology,/market-activity/stocks/pd
PDCC,Pearl Diver Credit Company Inc. Common Stock,$8.85,0.00,0.00%,281,0.00,,2024,,,/market-activity/stocks/pdcc
PDI,PIMCO Dynamic Income Fund Common Stock,$15.33,0.18,1.188%,4438884,3726569700.00,United States,2012,Trusts Except Educational Religious and Charitable,Finance,/market-activity/stocks/pdi
PDM,Piedmont Realty Trust Inc. Class A Common Stock,$9.70,0.16,1.677%,1761279,1213788403.00,United States,,Building operators,Real Estate,/market-activity/stocks/pdm
PDO,PIMCO Dynamic Income Opportunities Fund Common Shares of Beneficial Interest,$12.45,0.07,0.565%,930120,1818439094.00,United States,2021,Trusts Except Educational Religious and Charitable,Finance,/market-activity/stocks/pdo
PDPA,Pearl Diver Credit Company Inc. 8.00% Series A Preferred Stock Due 2029,$25.17,0.1199,0.479%,8006,0.00,,,,,/market-activity/stocks/pdpa
PDS,Precision Drilling Corporation Common Stock,$93.96,1.64,1.776%,102689,1197657194.00,Canada,,Oil & Gas Production,Energy,/market-activity/stocks/pds
PDT,John Hancock Premium Dividend Fund,$12.54,-0.06,-0.476%,104345,0.00,United States,,Finance Companies,Finance,/market-activity/stocks/pdt
PDX,PIMCO Dynamic Income Strategy Fund Common Shares of Beneficial Interest,$21.95,0.11,0.504%,76166,981318650.00,,2019,Finance/Investors Services,Finance,/market-activity/stocks/pdx
PEB,Pebblebrook Hotel Trust Common Shares of Beneficial Interest,$18.19,0.45,2.537%,2276684,2052609004.00,United States,2009,Real Estate Investment Trusts,Real Estate,/market-activity/stocks/peb
PEB^E,Pebblebrook Hotel Trust 6.375% Series E Cumulative Redeemable Preferred Shares of Beneficial Interest,$19.91,0.03,0.151%,3187,,United States,,,,/market-activity/stocks/peb^e
PEB^F,Pebblebrook Hotel Trust 6.3% Series F Cumulative Redeemable Preferred Shares of Beneficial Interest,$19.80,0.00,0.00%,1623,,United States,,,,/market-activity/stocks/peb^f
PEB^G,Pebblebrook Hotel Trust 6.375% Series G Cumulative Redeemable Preferred Shares of Beneficial Interest,$19.90,0.10,0.505%,6655,,United States,,,,/market-activity/stocks/peb^g
PEB^H,Pebblebrook Hotel Trust 5.700% Series H Cumulative Redeemable Preferred Shares of Beneficial Interest,$18.45,0.00,0.00%,6121,,United States,,,,/market-activity/stocks/peb^h
PEG,Public Service Enterprise Group Incorporated Common Stock,$73.32,-0.16,-0.218%,4116402,36544156600.00,United States,,Power Generation,Utilities,/market-activity/stocks/peg
PEN,Penumbra Inc. Common Stock,$322.80,0.22,0.068%,220299,12714905422.00,United States,2015,Medical/Dental Instruments,Health Care,/market-activity/stocks/pen
PEO,Adams Natural Resources Fund Inc. Common Stock,$29.27,0.18,0.619%,58399,0.00,United States,,Finance/Investors Services,Finance,/market-activity/stocks/peo
PERF,Perfect Corp. Class A Ordinary Share,$1.90,0.00,0.00%,219639,193512475.00,Taiwan,2022,Computer Software: Prepackaged Software,Technology,/market-activity/stocks/perf
PEW,GrabAGun Digital Holdings Inc. Common Stock,$2.27,0.00,0.00%,174845,66995504.00,,2025,Other Specialty Stores,Consumer Discretionary,/market-activity/stocks/pew
PFD,Flaherty & Crumrine Preferred and Income Fund Incorporated,$11.32,-0.05,-0.44%,8227,0.00,United States,1991,Investment Managers,Finance,/market-activity/stocks/pfd
PFE,Pfizer Inc. Common Stock,$29.02,0.47,1.646%,39277955,165404527553.00,United States,,Biotechnology: Pharmaceutical Preparations,Health Care,/market-activity/stocks/pfe
PFGC,Performance Food Group Company Common Stock,$99.32,0.12,0.121%,1366507,15646180738.00,United States,2015,Food Distributors,Consumer Discretionary,/market-activity/stocks/pfgc
PFH,Prudential Financial Inc. 4.125% Junior Subordinated Notes due 2060,$15.25,0.06,0.395%,69513,5444250000.00,United States,2020,Life Insurance,Finance,/market-activity/stocks/pfh
PFL,PIMCO Income Strategy Fund Shares of Beneficial Interest,$7.53,-0.01,-0.133%,178876,0.00,United States,2003,Finance Companies,Finance,/market-activity/stocks/pfl
PFLA,PennantPark Floating Rate Capital Ltd. 7.375% Notes Due 2031,$24.91,-0.08,-0.32%,5500,0.00,United States,2026,Finance: Consumer Services,Finance,/market-activity/stocks/pfla
PFLT,PennantPark Floating Rate Capital Ltd. Common Stock,$7.43,0.04,0.541%,570217,737188967.00,United States,2022,Finance: Consumer Services,Finance,/market-activity/stocks/pflt
PFN,PIMCO Income Strategy Fund II,$6.87,-0.02,-0.29%,340426,0.00,United States,2004,Finance/Investors Services,Finance,/market-activity/stocks/pfn
PFO,Flaherty & Crumrine Preferred and Income Opportunity Fund Incorporated,$9.02,-0.02,-0.221%,9790,0.00,United States,1992,Finance Companies,Finance,/market-activity/stocks/pfo
PFS,Provident Financial Services Inc Common Stock,$23.39,0.39,1.696%,735475,3050585035.00,United States,2003,Savings Institutions,Finance,/market-activity/stocks/pfs
PFSI,PennyMac Financial Services Inc. Common Stock,$72.18,1.40,1.978%,565838,3749864467.00,United States,2013,Finance: Consumer Services,Finance,/market-activity/stocks/pfsi
PG,Procter & Gamble Company (The) Common Stock,$147.64,1.43,0.978%,7431847,343179296978.00,United States,,Package Goods/Cosmetics,Consumer Discretionary,/market-activity/stocks/pg
PGP,Pimco Global StocksPlus & Income Fund Common Shares of Beneficial Interest,$8.79,0.04,0.457%,30733,0.00,United States,2005,Finance Companies,Finance,/market-activity/stocks/pgp
PGR,Progressive Corporation (The) Common Stock,$221.38,0.84,0.381%,1670915,128704082443.00,United States,,Property-Casualty Insurers,Finance,/market-activity/stocks/pgr
PGZ,Principal Real Estate Income Fund Common Shares of Beneficial Interest,$9.7649,-0.0451,-0.46%,10568,0.00,,2013,Investment Managers,Finance,/market-activity/stocks/pgz
PH,Parker-Hannifin Corporation Common Stock,$949.38,-2.71,-0.285%,570899,119666946119.00,United States,,Metal Fabrications,Industrials,/market-activity/stocks/ph
PHG,Koninklijke Philips N.V. NY Registry Shares,$26.37,-0.22,-0.827%,792839,25918671833.00,Netherlands,,Medical Electronics,Health Care,/market-activity/stocks/phg
PHI,PLDT Inc. Sponsored ADR,$18.07,-0.06,-0.331%,119111,3904127854.00,Philippines,,Telecommunications Equipment,Telecommunications,/market-activity/stocks/phi
PHIN,PHINIA Inc. Common Stock,$67.82,1.00,1.497%,244966,2484795128.00,United States,2023,Auto Parts:O.E.M.,Consumer Discretionary,/market-activity/stocks/phin
PHK,Pimco High Income Fund,$4.51,-0.01,-0.221%,608765,0.00,United States,2003,Finance/Investors Services,Finance,/market-activity/stocks/phk
PHM,PulteGroup Inc. Common Stock,$123.70,0.57,0.463%,1139671,23187879198.00,United States,,Homebuilding,Consumer Discretionary,/market-activity/stocks/phm
PHR,Phreesia Inc. Common Stock,$11.85,0.01,0.084%,759169,732470885.00,United States,2019,Business Services,Consumer Discretionary,/market-activity/stocks/phr
PII,Polaris Inc. Common Stock,$61.72,0.34,0.554%,669742,3512085501.00,United States,,Industrial Specialties,Consumer Discretionary,/market-activity/stocks/pii
PIM,Franklin Master Intermediate Income Trust Shares of Beneficial Interest,$3.15,-0.02,-0.631%,34800,158298191.00,United States,1988,Finance Companies,Finance,/market-activity/stocks/pim
PINE,Alpine Income Property Trust Inc. Common Stock,$19.45,-0.09,-0.461%,101449,342722848.00,United States,2019,Real Estate Investment Trusts,Real Estate,/market-activity/stocks/pine
PINE^A,Alpine Income Property Trust Inc. 8.00% Series A Cumulative Redeemable Preferred Stock,$25.23,-0.0528,-0.209%,11321,,United States,,,,/market-activity/stocks/pine^a
PINS,Pinterest Inc. Class A Common Stock,$21.22,-0.03,-0.141%,13273510,12017162433.00,United States,2019,Computer Software: Programming Data Processing,Technology,/market-activity/stocks/pins
PIPR,Piper Sandler Companies Common Stock,$75.19,0.70,0.94%,952700,5313699180.00,United States,2026,Investment Bankers/Brokers/Service,Finance,/market-activity/stocks/pipr
PJT,PJT Partners Inc. Class A Common Stock,$181.15,1.30,0.723%,238925,7429252970.00,United States,2015,Investment Managers,Finance,/market-activity/stocks/pjt
PK,Park Hotels & Resorts Inc. Common Stock ,$15.56,0.34,2.234%,4358290,3132824415.00,United States,2016,Hotels/Resorts,Consumer Discretionary,/market-activity/stocks/pk
PKE,Park Aerospace Corp. Common Stock,$31.31,-0.38,-1.199%,245382,681030416.00,United States,,Military/Government/Technical,Industrials,/market-activity/stocks/pke
PKG,Packaging Corporation of America Common Stock,$233.54,4.42,1.929%,669651,20808016748.00,United States,2000,Containers/Packaging,Consumer Discretionary,/market-activity/stocks/pkg
PKX,POSCO HOLDINGS INC. American Depositary Shares (Each representing 1/4th of a share of Common Stock),$61.43,0.32,0.524%,178100,19886844965.00,South Korea,1994,Steel/Iron Ore,Industrials,/market-activity/stocks/pkx
PL,Planet Labs PBC Class A Common Stock,$19.99,0.73,3.79%,6607487,7124486495.00,United States,2021,Radio And Television Broadcasting And Communications Equipment,Technology,/market-activity/stocks/pl
PLD,Prologis Inc. Common Stock,$136.59,-3.09,-2.212%,3618702,129497700840.00,United States,,Real Estate Investment Trusts,Real Estate,/market-activity/stocks/pld
PLGO,Pelagos Insurance Capital Limited Common Shares,$24.95,0.21,0.849%,406898,2157679618.00,Bermuda,2023,Property-Casualty Insurers,Finance,/market-activity/stocks/plgo
PLNT,Planet Fitness Inc. Common Stock,$51.68,1.21,2.397%,1305247,3887212751.00,United States,2015,Hotels/Resorts,Consumer Discretionary,/market-activity/stocks/plnt
PLOW,Douglas Dynamics Inc. Common Stock,$41.63,0.93,2.285%,203001,960697425.00,United States,2010,Construction/Ag Equipment/Trucks,Industrials,/market-activity/stocks/plow
PLUN,Plutonian Acquisition Corp II Class A Ordinary Shares,$10.05,0.00,0.00%,10,0.00,,2026,,,/market-activity/stocks/plun
PM,Philip Morris International Inc Common Stock,$187.94,0.79,0.422%,2937443,292925809726.00,United States,, Medicinal Chemicals and Botanical Products ,Health Care,/market-activity/stocks/pm
PML,Pimco Municipal Income Fund II Common Shares of Beneficial Interest,$7.21,-0.03,-0.414%,425174,0.00,United States,2002,Investment Managers,Finance,/market-activity/stocks/pml
PMM,Franklin Managed Municipal Income Trust Shares of Beneficial Interest,$6.14,-0.04,-0.647%,75943,299256287.00,United States,1989,Investment Managers,Finance,/market-activity/stocks/pmm
PMO,Franklin Municipal Opportunities Trust Shares of Beneficial Interest,$10.16,-0.015,-0.147%,27354,345252721.00,United States,1993,Finance Companies,Finance,/market-activity/stocks/pmo
PMT,PennyMac Mortgage Investment Trust Common Shares of Beneficial Interest,$9.51,0.27,2.922%,889169,829294463.00,United States,2009,Real Estate Investment Trusts,Real Estate,/market-activity/stocks/pmt
PMT^A,PennyMac Mortgage Investment Trust 8.125% Series A Fixed-to-Floating Rate Cumulative Redeemable Preferred Shares of Beneficial Interest,$22.4501,-0.2099,-0.926%,14222,,United States,,,,/market-activity/stocks/pmt^a
PMT^B,PennyMac Mortgage Investment Trust 8.00% Series B Fixed-to-Floating Rate Cumulative Redeemable Preferred Shares of Beneficial Interest,$22.35,-0.071,-0.317%,5783,,United States,,,,/market-activity/stocks/pmt^b
PMT^C,PennyMac Mortgage Investment Trust 6.75% Series C Cumulative Redeemable Preferred Shares of Beneficial Interest,$17.89,0.02,0.112%,32327,,United States,,,,/market-activity/stocks/pmt^c
PMTU,PennyMac Mortgage Investment Trust 8.50% Senior Notes due 2028,$25.94,0.00,0.00%,516,2262029270.00,United States,2023,Real Estate Investment Trusts,Real Estate,/market-activity/stocks/pmtu
PMTV,PennyMac Mortgage Investment Trust 9.00% Senior Notes due 2030,$25.36,-0.02,-0.079%,7560,0.00,United States,2025,Real Estate Investment Trusts,Real Estate,/market-activity/stocks/pmtv
PMTW,PennyMac Mortgage Investment Trust 9.00% Senior Notes due 2030,$25.19,0.03,0.119%,4981,0.00,United States,2025,Real Estate Investment Trusts,Real Estate,/market-activity/stocks/pmtw
PNC,PNC Financial Services Group Inc. (The) Common Stock,$242.46,4.97,2.093%,1383905,96727881501.00,United States,,Major Banks,Finance,/market-activity/stocks/pnc
PNFP,Pinnacle Financial Partners Inc. Common stock,$100.09,3.06,3.154%,1335772,15124864138.00,United States,,Major Banks,Finance,/market-activity/stocks/pnfp
PNFP^A,Pinnacle Financial Partners Inc. Fixed-to-Floating Rate Non-Cumulative Perpetual Preferred Stock Series A,$25.16,-0.08,-0.317%,1249,,United States,,,,/market-activity/stocks/pnfp^a
PNFP^B,Pinnacle Financial Partners Inc. Fixed-to-Floating Rate Non-Cumulative Perpetual Preferred Stock Series B,$26.23,0.09,0.344%,14569,,United States,,,,/market-activity/stocks/pnfp^b
PNFP^C,Pinnacle Financial Partners Inc. Fixed-to-Floating Rate Non-Cumulative Perpetual Preferred Stock Series C,$24.125,-0.075,-0.31%,8962,,United States,,,,/market-activity/stocks/pnfp^c
PNI,Pimco New York Municipal Income Fund II Common Shares of Beneficial Interest,$6.75,-0.005,-0.074%,145580,0.00,United States,2002,Trusts Except Educational Religious and Charitable,Finance,/market-activity/stocks/pni
PNNT,PennantPark Investment Corporation Common Stock,$3.70,-0.03,-0.804%,543076,241595548.00,United States,2022,Finance: Consumer Services,Finance,/market-activity/stocks/pnnt
PNR,Pentair plc. Ordinary Share,$59.84,-0.61,-1.009%,3257158,9552734928.00,Switzerland,,Industrial Machinery/Components,Industrials,/market-activity/stocks/pnr
PNW,Pinnacle West Capital Corporation Common Stock,$97.38,-0.28,-0.287%,748215,11802186647.00,United States,,Electric Utilities: Central,Utilities,/market-activity/stocks/pnw
POR,Portland General Electric Co Common Stock,$48.69,-0.37,-0.754%,1105146,5726320861.00,United States,,Electric Utilities: Central,Utilities,/market-activity/stocks/por
POST,Post Holdings Inc. Common Stock,$84.32,0.73,0.873%,1338244,3706437798.00,United States,2012,Packaged Foods,Consumer Staples,/market-activity/stocks/post
PPG,PPG Industries Inc. Common Stock,$111.31,1.61,1.468%,1500812,24744213000.00,United States,,Paints/Coatings,Consumer Discretionary,/market-activity/stocks/ppg
PPL,PPL Corporation Common Stock,$34.54,0.07,0.203%,5382148,25992898808.00,United States,,Electric Utilities: Central,Utilities,/market-activity/stocks/ppl
PPLC,PPL Corporation Corporate Units,$46.24,0.31,0.675%,111619,34797673448.00,United States,,Electric Utilities: Central,Utilities,/market-activity/stocks/pplc
PPT,Franklin Premier Income Trust Shares of Beneficial Interest,$3.42,0.00,0.00%,83907,340386659.00,United States,1988,Finance Companies,Finance,/market-activity/stocks/ppt
PR,Permian Resources Corporation Class A Common Stock,$23.82,0.03,0.126%,6597649,19950608431.00,United States,2022,Oil & Gas Production,Energy,/market-activity/stocks/pr
PRG,PROG Holdings Inc. Common Stock,$38.75,1.15,3.059%,374157,1543475779.00,United States,,Diversified Commercial Services,Consumer Discretionary,/market-activity/stocks/prg
PRGO,Perrigo Company plc Ordinary Shares,$14.49,0.06,0.416%,2687082,2010766360.00,United States,,Biotechnology: Pharmaceutical Preparations,Health Care,/market-activity/stocks/prgo
PRH,Prudential Financial Inc. 5.950% Junior Subordinated Notes due 2062,$21.52,0.38,1.798%,67149,7575040000.00,United States,2022,Life Insurance,Finance,/market-activity/stocks/prh
PRI,Primerica Inc. Common Stock,$293.51,3.16,1.088%,130838,9033459999.00,United States,2010,Life Insurance,Finance,/market-activity/stocks/pri
PRIF^D,Priority Income Fund Inc. 7.00% Series D Term Preferred Stock due 2029,$24.72,0.0694,0.282%,349,,,,,,/market-activity/stocks/prif^d
PRIF^K,Priority Income Fund Inc. 7.000% Series K Cumulative Preferred Stock,$21.69,-0.10,-0.459%,7527,,,,,,/market-activity/stocks/prif^k
PRIF^L,Priority Income Fund Inc. 6.375% Series L Term Preferred Stock Due 2029,$24.7799,0.4399,1.807%,2754,,,,,,/market-activity/stocks/prif^l
PRIM,Primoris Services Corporation Common Stock,$74.24,1.99,2.754%,1357244,3996511956.00,United States,,Water Sewer Pipeline Comm & Power Line Construction,Industrials,/market-activity/stocks/prim
PRKS,United Parks & Resorts Inc. Common Stock,$40.86,2.14,5.527%,642288,1852645886.00,United States,2013,Services-Misc. Amusement & Recreation,Consumer Discretionary,/market-activity/stocks/prks
PRLB,Proto Labs Inc. Common stock,$78.59,0.10,0.127%,180525,1880021885.00,United States,2012,Metal Fabrications,Industrials,/market-activity/stocks/prlb
PRM,Perimeter Solutions SA Common Stock,$30.91,0.57,1.879%,866457,5059562790.00,Luxembourg,,Major Chemicals,Industrials,/market-activity/stocks/prm
PRMB,Primo Brands Corporation Class A Common Stock,$22.05,-0.87,-3.796%,9257910,7989906692.00,United States,2024,Beverages (Production/Distribution),Consumer Staples,/market-activity/stocks/prmb
PRS,Prudential Financial Inc. 5.625% Junior Subordinated Notes due 2058,$20.40,0.26,1.291%,78438,7180800000.00,United States,2018,Life Insurance,Finance,/market-activity/stocks/prs
PRSU,Pursuit Attractions and Hospitality Inc. Common Stock,$48.09,0.88,1.864%,180363,1311133214.00,United States,,Services-Misc. Amusement & Recreation,Consumer Discretionary,/market-activity/stocks/prsu
PRT,PermRock Royalty Trust Units of Beneficial Interest,$2.18,-0.01,-0.457%,31452,26521296.00,United States,2018,Oil & Gas Production,Energy,/market-activity/stocks/prt
PRU,Prudential Financial Inc. Common Stock,$119.84,2.70,2.305%,1525771,41344800000.00,United States,2001,Life Insurance,Finance,/market-activity/stocks/pru
PS,Pershing Square Inc. Common Stock,$36.50,-2.02,-5.244%,385642,14600000000.00,,2026,Investment Managers,Finance,/market-activity/stocks/ps
PSA,Public Storage Common Stock,$301.33,-1.53,-0.505%,872429,52919916308.00,United States,,Real Estate Investment Trusts,Real Estate,/market-activity/stocks/psa
PSA^F,Public Storage Depositary Shares Each Representing 1/1000 of a 5.15% Cumulative Preferred Share of Beneficial Interest Series F par value $0.01 per share,$19.25,-0.044,-0.228%,14340,,United States,,,,/market-activity/stocks/psa^f
PSA^G,Public Storage Depositary Shares Each Representing 1/1000 of a 5.05% Cumulative Preferred Share of Beneficial Interest Series G,$18.68,0.04,0.215%,20846,,United States,,,,/market-activity/stocks/psa^g
PSA^H,Public Storage Depositary Shares Each Representing 1/1000 of a  5.60% Cumulative Preferred  Share of Beneficial Interest Series H,$20.56,-0.16,-0.772%,20608,,United States,,,,/market-activity/stocks/psa^h
PSA^I,Public Storage Depositary Shares Each Representing 1/1000 of a 4.875% Cumulative Preferred Share of Beneficial Interest Series I par value $0.01 per share,$17.84,-0.085,-0.474%,41999,,United States,,,,/market-activity/stocks/psa^i
PSA^J,Public Storage Depositary Shares Each Representing 1/1000 of a 4.700% Cumulative Preferred Share of Beneficial Interest Series J par value $0.01 per share,$17.35,0.015,0.087%,15705,,United States,,,,/market-activity/stocks/psa^j
PSA^K,Public Storage Depositary Shares Each Representing 1/1000 of a 4.75% Cumulative Preferred Share of Beneficial Interest Series K,$17.57,-0.13,-0.734%,19301,,United States,,,,/market-activity/stocks/psa^k
PSA^L,Public Storage Depositary Shares Each Representing 1/1000 of a 4.625% Cumulative Preferred Share of Beneficial Interest Series L par value $0.01 per share,$16.99,-0.05,-0.293%,37983,,United States,,,,/market-activity/stocks/psa^l
PSA^M,Public Storage Depositary Shares Each Representing 1/1000 of a 4.125% Cumulative Preferred Share of Beneficial Interest Series M,$15.18,-0.03,-0.197%,20849,,United States,,,,/market-activity/stocks/psa^m
PSA^N,Public Storage Depositary Shares Each Representing 1/1000 of a 3.875% Cumulative Preferred Share of Beneficial Interest Series N,$14.385,0.035,0.244%,14288,,United States,,,,/market-activity/stocks/psa^n
PSA^O,Public Storage Depositary Shares Each Representing 1/1000 of a 3.900% Cumulative Preferred Share of Beneficial Interest Series O,$14.29,-0.09,-0.626%,48773,,United States,,,,/market-activity/stocks/psa^o
PSA^P,Public Storage Depositary Shares Each Representing 1/1000 of a 4.000% Cumulative Preferred Share of Bene cial Interest Series P,$14.69,0.00,0.00%,57205,,United States,,,,/market-activity/stocks/psa^p
PSA^Q,Public Storage Depositary Shares Each Representing 1/1000 of a 3.950% Cumulative Preferred Share of Beneficial Interest Series Q par value $0.01 per share,$14.55,0.00,0.00%,23653,,United States,,,,/market-activity/stocks/psa^q
PSA^R,Public Storage Depositary Shares Each Representing 1/1000 of a 4.00% Cumulative Preferred Share of Bene cial Interest Series R,$14.68,-0.02,-0.136%,56195,,United States,,,,/market-activity/stocks/psa^r
PSA^S,Public Storage Depositary Shares Each Representing 1/1000 of a 4.100% Cumulative Preferred Share of Beneficial Interest Series S,$15.10,-0.1082,-0.711%,4916,,United States,,,,/market-activity/stocks/psa^s
PSA^T,Public Storage 6.000% Cumulative Preferred Shares of beneficial interest Series T,$22.47,0.03,0.134%,16794,,United States,,,,/market-activity/stocks/psa^t
PSA^U,Public Storage 6.000% Cumulative Preferred Shares of Beneficial Interest Series U,$23.60,0.25,1.071%,1664,,United States,,,,/market-activity/stocks/psa^u
PSBD,Palmer Square Capital BDC Inc. Common Stock,$10.33,0.01,0.097%,76384,0.00,,2024,,,/market-activity/stocks/psbd
PSEC^A,Prospect Capital Corporation 5.35% Series A Fixed Rate Cumulative Perpetual Preferred Stock,$16.89,0.57,3.493%,5031,,United States,,,,/market-activity/stocks/psec^a
PSF,Cohen & Steers Select Preferred and Income Fund Inc. Common Stock,$19.32,-0.04,-0.207%,46845,949358293.00,,2010,Investment Managers,Finance,/market-activity/stocks/psf
PSFE,Paysafe Limited Common Shares,$6.62,0.40,6.431%,404252,345666425.00,United Kingdom,2021,Business Services,Consumer Discretionary,/market-activity/stocks/psfe
PSN,Parsons Corporation Common Stock,$45.37,-1.00,-2.157%,1327029,4845760726.00,United States,2019,EDP Services,Technology,/market-activity/stocks/psn
PSO,Pearson Plc Common Stock,$16.12,-0.38,-2.303%,627880,9699724675.00,United Kingdom,,Books,Consumer Discretionary,/market-activity/stocks/pso
PSQH,PSQ Holdings Inc. Class A Common Stock,$5.51,0.51,10.20%,56511,20536696.00,,2021,Advertising,Consumer Discretionary,/market-activity/stocks/psqh
PSTL,Postal Realty Trust Inc. Class A Common Stock,$23.85,0.11,0.463%,364624,721435621.00,United States,2019,Real Estate Investment Trusts,Real Estate,/market-activity/stocks/pstl
PSUS,Pershing Square USA Ltd. Common Shares,$39.21,0.18,0.461%,165871,1025341500.00,,2026,,,/market-activity/stocks/psus
PSX,Phillips 66 Common Stock,$256.09,4.07,1.615%,2890747,102185266378.00,United States,,Integrated oil Companies,Energy,/market-activity/stocks/psx
PTA,Cohen & Steers Tax-Advantaged Preferred Securities and Income Fund Common Shares of Beneficial Interest,$18.46,0.05,0.272%,144548,1020348016.00,United States,2020,Trusts Except Educational Religious and Charitable,Finance,/market-activity/stocks/pta
PTY,Pimco Corporate & Income Opportunity Fund,$11.76,-0.03,-0.254%,781610,0.00,United States,2002,Investment Managers,Finance,/market-activity/stocks/pty
PUK,Prudential Public Limited Company Common Stock,$27.29,0.21,0.775%,881980,34046944617.00,United Kingdom,,Life Insurance,Finance,/market-activity/stocks/puk
PUMP,ProPetro Holding Corp. Common Stock,$11.23,-0.12,-1.057%,2226486,1379312588.00,United States,2017,Oilfield Services/Equipment,Energy,/market-activity/stocks/pump
PVH,PVH Corp. Common Stock,$72.29,-0.58,-0.796%,1525760,3333153971.00,United States,,Garments and Clothing,Industrials,/market-activity/stocks/pvh
PVL,Permianville Royalty Trust Units of Beneficial Interest,$1.85,0.04,2.21%,25289,61050000.00,United States,2011,Oil & Gas Production,Energy,/market-activity/stocks/pvl
PWR,Quanta Services Inc. Common Stock,$610.78,-0.61,-0.10%,807265,89986082418.00,United States,,Engineering & Construction,Industrials,/market-activity/stocks/pwr
PXED,Phoenix Education Partners Inc. Common Stock,$30.00,0.88,3.022%,64226,1081421280.00,,2025,Other Consumer Services,Real Estate,/market-activity/stocks/pxed
PYT,PPlus Tr GSC-2 Tr Ctf Fltg Rate,$23.85,0.10,0.421%,707,0.00,United States,,Finance: Consumer Services,Finance,/market-activity/stocks/pyt
Q,Qnity Electronics Inc. Common Stock,$117.69,2.20,1.905%,2101842,24621753426.00,United States,2025,Semiconductors,Technology,/market-activity/stocks/q
QGEN,Qiagen N.V. Common Shares,$44.20,0.81,1.867%,2198835,9108504083.00,Netherlands,2026,Biotechnology: Biological Products (No Diagnostic Substances),Health Care,/market-activity/stocks/qgen
QLEP,Quantum Leap Acquisition Corp Class A Ordinary Shares,$10.0061,-0.0239,-0.238%,13075,0.00,,2026,,,/market-activity/stocks/qlep
QRED,QuasarEdge Acquisition Corporation Ordinary Shares,$10.05,0.00,0.00%,9676,0.00,,2026,Blank Checks,Finance,/market-activity/stocks/qred
QSR,Restaurant Brands International Inc. Common Shares,$78.87,0.65,0.831%,2179790,35847116391.00,Canada,2014,Restaurants,Consumer Discretionary,/market-activity/stocks/qsr
QTWO,Q2 Holdings Inc. Common Stock,$64.01,0.10,0.156%,408087,3991324027.00,United States,2014,Computer Software: Prepackaged Software,Technology,/market-activity/stocks/qtwo
QUAD,Quad Graphics Inc Class A Common Stock,$10.39,0.31,3.075%,515747,534682928.00,United States,,Publishing,Consumer Discretionary,/market-activity/stocks/quad
QXO,QXO Inc. Common Stock,$13.22,0.34,2.64%,10471346,13715627173.00,United States,,RETAIL: Building Materials,Consumer Discretionary,/market-activity/stocks/qxo
QXO^B,QXO Inc.  Depositary Shares each representing a 1/20th interest in a share of 5.50% Series B Mandatory Convertible Preferred Stock,$40.71,0.77,1.928%,50132,,United States,,,,/market-activity/stocks/qxo^b
R,Ryder System Inc. Common Stock,$243.13,-0.35,-0.144%,293745,9323274017.00,United States,,Rental/Leasing Companies,Consumer Discretionary,/market-activity/stocks/r
RA,Brookfield Real Assets Income Fund Inc. Common Stock,$12.53,0.02,0.16%,117894,0.00,United States,2016,Investment Managers,Finance,/market-activity/stocks/ra
RAC,Rithm Acquisition Corp. Class A Ordinary Shares,$10.55,0.00,0.00%,101,0.00,,2025,,,/market-activity/stocks/rac
RAC/WS,Rithm Acquisition Corp.,$0.5001,0.00,0.00%,1200,,,,,,/market-activity/stocks/rac/ws
RACE,Ferrari N.V. Common Shares,$413.23,3.02,0.736%,280516,96672899785.00,Italy,2015,Auto Manufacturing,Industrials,/market-activity/stocks/race
RAL,Ralliant Corporation Common Stock,$61.65,0.62,1.016%,1217151,6820956493.00,United States,2025,Industrial Machinery/Components,Industrials,/market-activity/stocks/ral
RAMP,LiveRamp Holdings Inc. Common Stock,$37.80,-0.02,-0.053%,929742,2298050320.00,United States,2018,EDP Services,Technology,/market-activity/stocks/ramp
RBA,RB Global Inc. Common Stock,$82.90,0.15,0.181%,1578064,15494010000.00,Canada,,Business Services,Consumer Discretionary,/market-activity/stocks/rba
RBC,RBC Bearings Incorporated Common Stock,$490.89,2.20,0.45%,283342,15541206778.00,United States,2022,Metal Fabrications,Industrials,/market-activity/stocks/rbc
RBLX,Roblox Corporation Class A Common Stock,$41.21,0.54,1.328%,6545877,29439432529.00,United States,2021,Computer Software: Prepackaged Software,Technology,/market-activity/stocks/rblx
RBRK,Rubrik Inc. Class A Common Stock,$87.18,-1.22,-1.38%,3227794,18072800469.00,United States,2024,Computer Software: Prepackaged Software,Technology,/market-activity/stocks/rbrk
RC,Ready Capital Corporation Common Stock,$1.75,0.06,3.55%,861244,289084236.00,United States,2013,Real Estate Investment Trusts,Real Estate,/market-activity/stocks/rc
RC^C,Ready Capital Corporation 6.25% Series C Cumulative Convertible Preferred Stock,$12.37,-0.13,-1.04%,108,,United States,,,,/market-activity/stocks/rc^c
RC^E,Ready Capital Corporation 6.50% Series E Cumulative Redeemable Preferred Stock,$13.26,0.07,0.531%,9321,,United States,,,,/market-activity/stocks/rc^e
RCD,Ready Capital Corporation 9.00% Senior Notes due 2029,$23.23,0.4399,1.93%,1156,0.00,United States,2024,Real Estate Investment Trusts,Real Estate,/market-activity/stocks/rcd
RCI,Rogers Communication Inc. Common Stock,$36.65,0.24,0.659%,945408,19799219789.00,Canada,,Cable & Other Pay Television Services,Telecommunications,/market-activity/stocks/rci
RCL,Royal Caribbean Cruises Ltd. Common Stock,$265.60,-0.10,-0.038%,1763756,71035273510.00,United States,1993,Marine Transportation,Consumer Discretionary,/market-activity/stocks/rcl
RCS,PIMCO Strategic Income Fund Inc.,$5.27,0.02,0.381%,91283,0.00,United States,1994,Investment Managers,Finance,/market-activity/stocks/rcs
RCUS,Arcus Biosciences Inc. Common Stock,$29.85,0.14,0.471%,1233760,3800901274.00,United States,2018,Biotechnology: Pharmaceutical Preparations,Health Care,/market-activity/stocks/rcus
RDDT,Reddit Inc. Class A Common Stock,$158.10,13.46,9.306%,6237720,30417888231.00,United States,2024,EDP Services,Technology,/market-activity/stocks/rddt
RDN,Radian Group Inc. Common Stock,$36.49,0.69,1.927%,781141,4827675094.00,United States,,Property-Casualty Insurers,Finance,/market-activity/stocks/rdn
RDW,Redwire Corporation Common Stock,$10.33,0.07,0.682%,10330135,2582423651.00,United States,2021,Military/Government/Technical,Industrials,/market-activity/stocks/rdw
RDY,Dr. Reddy's Laboratories Ltd Common Stock,$12.17,0.00,0.00%,4010300,10157775325.00,India,,Biotechnology: Pharmaceutical Preparations,Health Care,/market-activity/stocks/rdy
REF,Reformation Inc. Common Stock,$14.13,-0.05,-0.353%,201803,899514203.00,,2026,Apparel,Consumer Discretionary,/market-activity/stocks/ref
RELX,RELX PLC PLC American Depositary Shares (Each representing One Ordinary Share),$35.15,-0.55,-1.541%,1927006,64112808949.00,United Kingdom,2015,Business Services,Consumer Discretionary,/market-activity/stocks/relx
RERE,ATRenew Inc. American Depositary Shares (every three of which representing two Class A ordinary shares),$4.21,0.07,1.691%,934400,923105633.00,Cayman Islands,2021,Other Specialty Stores,Consumer Discretionary,/market-activity/stocks/rere
RES,RPC Inc. Common Stock,$6.57,0.02,0.305%,1567693,1456286569.00,United States,,Oilfield Services/Equipment,Energy,/market-activity/stocks/res
REX,REX American Resources Corporation,$42.80,0.81,1.929%,252337,1409734330.00,United States,,Major Chemicals,Industrials,/market-activity/stocks/rex
REXR,Rexford Industrial Realty Inc. Common Stock,$36.63,-0.43,-1.16%,2248104,8168054982.00,United States,2013,Real Estate Investment Trusts,Real Estate,/market-activity/stocks/rexr
REXR^B,Rexford Industrial Realty Inc. 5.875% Series B Cumulative Redeemable Preferred Stock,$22.2001,-0.2199,-0.981%,4671,,United States,,,,/market-activity/stocks/rexr^b
REXR^C,Rexford Industrial Realty Inc. 5.625% Series C Cumulative Redeemable Preferred Stock par value $0.01 per share,$20.86,-0.31,-1.464%,15505,,United States,,,,/market-activity/stocks/rexr^c
REZI,Resideo Technologies Inc. Common Stock ,$19.39,0.15,0.78%,2226551,2944320659.00,United States,2018,Wholesale Distributors,Industrials,/market-activity/stocks/rezi
RF,Regions Financial Corporation Common Stock,$29.93,0.64,2.185%,7004521,25498250115.00,United States,,Major Banks,Finance,/market-activity/stocks/rf
RF^C,Regions Financial Corporation Depositary Shares each Representing a 1/40th Interest in a  Share of 5.700% Fixed-to-Floating Rate Non-Cumulative  Perpetual Preferred Stock Series C,$24.49,0.01,0.041%,45422,,United States,,,,/market-activity/stocks/rf^c
RF^E,Regions Financial Corporation Depositary Shares Each Representing a 1/40th Interest in a Share of 4.45% Non-Cumulative Perpetual Preferred Stock Series E,$15.95,-0.03,-0.188%,31431,,United States,,,,/market-activity/stocks/rf^e
RF^F,Regions Financial Corporation Depositary Shares Each Representing a 1/40th Interest in a Share of Non-Cumulative Perpetual Preferred Stock Series F,$25.18,-0.02,-0.079%,19742,,United States,,,,/market-activity/stocks/rf^f
RFI,Cohen & Steers Total Return Realty Fund Inc. Common Stock,$11.27,-0.02,-0.177%,45794,553792338.00,United States,1993,Investment Managers,Finance,/market-activity/stocks/rfi
RFL,Rafael Holdings Inc. Class B Common Stock,$2.51,0.07,2.869%,85933,130519990.00,United States,2018,Biotechnology: Pharmaceutical Preparations,Health Care,/market-activity/stocks/rfl
RFM,RiverNorth Flexible Municipal Income Fund Inc. Common Stock,$14.28,-0.06,-0.418%,17072,87317902.00,,2020,Finance/Investors Services,Finance,/market-activity/stocks/rfm
RFMZ,RiverNorth Flexible Municipal Income Fund II Inc. Common Stock,$12.90,-0.05,-0.386%,59514,314137652.00,,2021,Finance/Investors Services,Finance,/market-activity/stocks/rfmz
RGA,Reinsurance Group of America Incorporated Common Stock,$252.37,4.65,1.877%,321931,16480181196.00,United States,,Life Insurance,Finance,/market-activity/stocks/rga
RGR,Sturm Ruger & Company Inc. Common Stock,$37.98,0.01,0.026%,115543,606854163.00,United States,,Ordnance And Accessories,Industrials,/market-activity/stocks/rgr
RGT,Royce Global Trust Inc. Common Stock,$15.19,0.09,0.596%,11535,95194864.00,,2013,Trusts Except Educational Religious and Charitable,Finance,/market-activity/stocks/rgt
RH,RH Common Stock,$147.68,3.20,2.215%,572902,2791295102.00,United States,2012,Other Specialty Stores,Consumer Discretionary,/market-activity/stocks/rh
RHI,Robert Half Inc. Common Stock,$42.90,-0.65,-1.493%,1626806,4391322421.00,United States,,Professional Services,Consumer Discretionary,/market-activity/stocks/rhi
RHLD,Resolute Holdings Management Common Stock ,$131.80,1.02,0.78%,173003,1030622621.00,United States,,Finance: Consumer Services,Finance,/market-activity/stocks/rhld
RHP,Ryman Hospitality Properties Inc. (REIT),$122.64,-0.82,-0.664%,587874,8460118657.00,United States,,Real Estate Investment Trusts,Real Estate,/market-activity/stocks/rhp
RIG,Transocean Ltd (Switzerland) Common Stock,$6.22,0.30,5.068%,53356053,6946994129.00,Switzerland,,Oil & Gas Production,Energy,/market-activity/stocks/rig
RIO,Rio Tinto Plc Common Stock,$102.75,0.89,0.874%,1793706,129057964506.00,Australia,2002,Metal Mining,Basic Materials,/market-activity/stocks/rio
RITM,Rithm Capital Corp. Common Stock,$10.02,0.13,1.314%,4672180,5595238451.00,United States,,Real Estate Investment Trusts,Real Estate,/market-activity/stocks/ritm
RITM^A,Rithm Capital Corp. 7.50% Series A Fixed-to-Floating Rate Cumulative Redeemable Preferred Stock,$25.38,0.00,0.00%,7078,,United States,,,,/market-activity/stocks/ritm^a
RITM^B,Rithm Capital Corp. 7.125% Series B Fixed-to-Floating Rate Cumulative Redeemable Preferred Stock,$25.48,0.055,0.216%,14122,,United States,,,,/market-activity/stocks/ritm^b
RITM^C,Rithm Capital Corp. 6.375% Series C Fixed-to-Floating Rate Cumulative Redeemable Preferred Stock,$24.88,0.005,0.02%,29465,,United States,,,,/market-activity/stocks/ritm^c
RITM^D,Rithm Capital Corp. 7.00% Fixed-Rate Reset Series D Cumulative Redeemable Preferred Stock,$25.07,0.01,0.04%,45734,,United States,,,,/market-activity/stocks/ritm^d
RITM^E,Rithm Capital Corp. 8.75% Series E Fixed-Rate Cumulative Redeemable Preferred Stock,$24.78,0.03,0.121%,31196,,United States,,,,/market-activity/stocks/ritm^e
RITM^F,Rithm Capital Corp. 8.750% Series F Fixed-Rate Reset Cumulative Redeemable Preferred Stock,$24.85,0.04,0.161%,14325,,United States,,,,/market-activity/stocks/ritm^f
RIV,RiverNorth Opportunities Fund Inc. Common Stock,$10.93,-0.03,-0.274%,104999,0.00,United States,2015,Finance Companies,Finance,/market-activity/stocks/riv
RIV^A,RiverNorth Opportunities Fund Inc. 6.00% Series A Perpetual Preferred Stock,$21.58,0.03,0.139%,1863,,United States,,,,/market-activity/stocks/riv^a
RJF,Raymond James Financial Inc. Common Stock,$175.95,2.45,1.412%,1568621,33846043050.00,United States,,Investment Bankers/Brokers/Service,Finance,/market-activity/stocks/rjf
RKT,Rocket Companies Inc. Class A Common Stock,$13.56,0.53,4.068%,25846905,38397071229.00,United States,2020,Finance: Consumer Services,Finance,/market-activity/stocks/rkt
RL,Ralph Lauren Corporation Common Stock,$336.50,-4.32,-1.268%,787868,20049423424.00,United States,1997,Garments and Clothing,Industrials,/market-activity/stocks/rl
RLI,RLI Corp. Common Stock (DE),$63.35,0.00,0.00%,430959,5813817650.00,United States,,Property-Casualty Insurers,Finance,/market-activity/stocks/rli
RLJ,RLJ Lodging Trust Common Shares of Beneficial Interest $0.01 par value,$11.08,0.06,0.544%,1612864,1688324662.00,United States,2011,Real Estate Investment Trusts,Real Estate,/market-activity/stocks/rlj
RLJ^A,RLJ Lodging Trust $1.95 Series A Cumulative Convertible  Preferred Shares,$25.30,-0.03,-0.118%,31631,,United States,,,,/market-activity/stocks/rlj^a
RLTY,Cohen & Steers Real Estate Opportunities and Income Fund Common Shares of Beneficial Interest,$15.32,-0.08,-0.519%,24190,0.00,,2022,Investment Managers,Finance,/market-activity/stocks/rlty
RLX,RLX Technology Inc. American Depositary Shares each representing the right to receive one (1) Class A ordinary share,$1.84,0.05,2.793%,3445757,2248948398.00,Cayman Islands,2021, Medicinal Chemicals and Botanical Products ,Health Care,/market-activity/stocks/rlx
RM,Regional Management Corp. Common Stock,$33.04,1.21,3.801%,107507,304820234.00,United States,2012,Finance: Consumer Services,Finance,/market-activity/stocks/rm
RMD,ResMed Inc. Common Stock,$230.87,-0.49,-0.212%,1156674,33303529886.00,United States,,Medical/Dental Instruments,Health Care,/market-activity/stocks/rmd
RMI,RiverNorth Opportunistic Municipal Income Fund Inc. Common Stock,$15.045,-0.125,-0.824%,2555,95885817.00,,2018,Finance/Investors Services,Finance,/market-activity/stocks/rmi
RMM,RiverNorth Managed Duration Municipal Income Fund Inc. Common Stock,$14.15,-0.09,-0.632%,43715,279315736.00,,2019,Trusts Except Educational Religious and Charitable,Finance,/market-activity/stocks/rmm
RMMZ,RiverNorth Managed Duration Municipal Income Fund II Inc. Common Stock,$14.54,-0.21,-1.424%,9550,287014191.00,,2022,Investment Managers,Finance,/market-activity/stocks/rmmz
RMT,Royce Micro-Cap Trust Inc. Common Stock,$13.77,0.07,0.511%,99632,637125603.00,United States,,Investment Managers,Finance,/market-activity/stocks/rmt
RNG,RingCentral Inc. Class A Common Stock,$72.58,1.81,2.558%,1553751,6060877238.00,United States,2013,EDP Services,Technology,/market-activity/stocks/rng
RNGR,Ranger Energy Services Inc. Class A Common Stock,$17.10,0.15,0.885%,487442,400174593.00,United States,2017,Oilfield Services/Equipment,Energy,/market-activity/stocks/rngr
RNP,Cohen & Steers REIT and Preferred and Income Fund Inc. Common Shares,$20.10,-0.05,-0.248%,79165,987686423.00,United States,2003,Investment Managers,Finance,/market-activity/stocks/rnp
RNR,RenaissanceRe Holdings Ltd. Common Stock,$331.21,1.42,0.431%,219066,13762402481.00,Bermuda,,Property-Casualty Insurers,Finance,/market-activity/stocks/rnr
RNR^F,RenaissanceRe Holdings Ltd. Depositary Shares each Representing a 1/1000th Interest in a 5.750% Series F Preference Share,$19.96,-0.01,-0.05%,27924,,Bermuda,,,,/market-activity/stocks/rnr^f
RNR^G,RenaissanceRe Holdings Ltd. Depositary Shares each representing a 1/1000th interest in a share of 4.20% Series G Preference Shares,$14.53,-0.02,-0.137%,75501,,Bermuda,,,,/market-activity/stocks/rnr^g
RNST,Renasant Corporation Common Stock,$40.65,0.72,1.803%,705596,3715591502.00,United States,2023,Major Banks,Finance,/market-activity/stocks/rnst
ROG,Rogers Corporation Common Stock,$124.06,1.07,0.87%,163199,2216745640.00,United States,1960,Major Chemicals,Industrials,/market-activity/stocks/rog
ROK,Rockwell Automation Inc. Common Stock,$425.36,7.83,1.875%,704483,47331488648.00,United States,,Industrial Machinery/Components,Industrials,/market-activity/stocks/rok
ROL,Rollins Inc. Common Stock,$35.71,-0.48,-1.326%,4936144,17181702377.00,United States,,Diversified Commercial Services,Consumer Discretionary,/market-activity/stocks/rol
RPC,Ridgepost Capital Inc. Class A Common Stock,$8.31,-0.12,-1.423%,533438,916081436.00,United States,2021,Investment Managers,Finance,/market-activity/stocks/rpc
RPM,RPM International Inc. Common Stock,$103.23,1.38,1.355%,1167489,13186745961.00,United States,,Paints/Coatings,Consumer Discretionary,/market-activity/stocks/rpm
RPT,Rithm Property Trust Inc. Common stock,$12.49,-0.10,-0.794%,23830,97079324.00,United States,2015,Real Estate Investment Trusts,Real Estate,/market-activity/stocks/rpt
RPT^C,Rithm Property Trust Inc. 9.875% Series C Fixed-to-Floating Rate Cumulative Redeemable Preferred Stock,$25.125,0.125,0.50%,343,,United States,,,,/market-activity/stocks/rpt^c
RQI,Cohen & Steers Quality Income Realty Fund Inc Common Shares,$12.11,-0.05,-0.411%,460353,1626377941.00,United States,2002,Trusts Except Educational Religious and Charitable,Finance,/market-activity/stocks/rqi
RRC,Range Resources Corporation Common Stock,$42.48,0.08,0.189%,2359294,9926705797.00,United States,,Oil & Gas Production,Energy,/market-activity/stocks/rrc
RRX,Regal Rexnord Corporation Common Stock,$160.77,3.76,2.395%,1024618,10705974458.00,United States,1976,Industrial Machinery/Components,Industrials,/market-activity/stocks/rrx
RS,Reliance Inc. Common Stock,$400.21,10.10,2.589%,317449,20432543457.00,United States,1994,Metal Fabrications,Industrials,/market-activity/stocks/rs
RSF,RiverNorth Capital and Income Fund Common Stock,$14.50,-0.011,-0.076%,10942,48452867.00,,2019,Investment Managers,Finance,/market-activity/stocks/rsf
RSG,Republic Services Inc. Common Stock,$222.52,-0.77,-0.345%,1713581,68138511865.00,United States,1998,Environmental Services,Utilities,/market-activity/stocks/rsg
RSI,Rush Street Interactive Inc. Class A Common Stock,$26.17,0.42,1.631%,3024401,6065508779.00,United States,2020,Services-Misc. Amusement & Recreation,Consumer Discretionary,/market-activity/stocks/rsi
RSKD,Riskified Ltd. Class A Ordinary Shares,$6.65,0.46,7.431%,3961210,904175283.00,,2021,Business Services,Consumer Discretionary,/market-activity/stocks/rskd
RTO,Rentokil Initial plc American Depositary Shares (each representing five (5) Ordinary Shares),$24.13,-0.17,-0.70%,1136492,12171172000.00,United States,2022,Other Consumer Services,Consumer Discretionary,/market-activity/stocks/rto
RTX,RTX Corporation Common Stock,$200.78,-4.38,-2.135%,4694230,270602880152.00,United States,,Aerospace,Industrials,/market-activity/stocks/rtx
RVI,Robinhood Ventures Fund I Common Shares of Beneficial Interest,$26.54,0.01,0.038%,85395,0.00,,2026,,,/market-activity/stocks/rvi
RVII,Robinhood Ventures Fund II Common Shares of Beneficial Interest,$22.75,0.75,3.409%,265036,182000000.00,,2026,,,/market-activity/stocks/rvii
RVLV,Revolve Group Inc. Class A Common Stock,$21.84,-0.37,-1.666%,1065756,1552505573.00,United States,2019,Catalog/Specialty Distribution,Consumer Discretionary,/market-activity/stocks/rvlv
RVT,Royce Small-Cap Trust Inc. Common Stock,$18.32,0.13,0.715%,143896,1977767019.00,United States,1986,Trusts Except Educational Religious and Charitable,Finance,/market-activity/stocks/rvt
RVTY,Revvity Inc. Common Stock,$130.94,4.35,3.436%,2101633,14611123347.00,United States,,Biotechnology: Laboratory Analytical Instruments,Industrials,/market-activity/stocks/rvty
RWT,Redwood Trust Inc. Common Stock,$4.49,0.07,1.584%,1503836,563999820.00,United States,1995,Real Estate Investment Trusts,Real Estate,/market-activity/stocks/rwt
RWT^A,Redwood Trust Inc. 10.00% Series A Fixed-Rate Reset Cumulative Redeemable Preferred Stock,$24.35,0.02,0.082%,4073,,United States,,,,/market-activity/stocks/rwt^a
RWTN,Redwood Trust Inc. 9.125% Senior Notes Due 2029,$24.65,0.025,0.102%,2636,3185358388.00,United States,2024,Real Estate Investment Trusts,Real Estate,/market-activity/stocks/rwtn
RWTO,Redwood Trust Inc. 9.00% Senior Notes Due 2029,$24.20,0.10,0.415%,1672,3127207829.00,United States,2024,Real Estate Investment Trusts,Real Estate,/market-activity/stocks/rwto
RWTP,Redwood Trust Inc. 9.125% Senior Notes Due 2030,$23.4799,0.2299,0.989%,8751,0.00,United States,2025,Real Estate Investment Trusts,Real Estate,/market-activity/stocks/rwtp
RWTQ,Redwood Trust Inc. 9.500% Senior Notes Due 2030,$22.96,0.13,0.569%,46703,0.00,United States,2025,Real Estate Investment Trusts,Real Estate,/market-activity/stocks/rwtq
RWTS,Redwood Trust Inc. 9.75% Senior Notes Due 2031,$23.10,-0.04,-0.173%,49601,0.00,United States,2026,Real Estate Investment Trusts,Real Estate,/market-activity/stocks/rwts
RXO,RXO Inc. Common Stock,$19.79,-0.32,-1.591%,1535666,3263888073.00,United States,2022,Transportation Services,Consumer Discretionary,/market-activity/stocks/rxo
RY,Royal Bank Of Canada Common Stock,$207.86,4.38,2.153%,1010435,287767578020.00,Canada,,Commercial Banks,Finance,/market-activity/stocks/ry
RYAM,Rayonier Advanced Materials Inc. Common Stock,$8.59,0.26,3.121%,612754,581063747.00,United States,2014,Paper,Basic Materials,/market-activity/stocks/ryam
RYAN,Ryan Specialty Holdings Inc. Class A Common Stock,$42.34,0.02,0.047%,1884942,10831197997.00,United States,2021,Specialty Insurers,Finance,/market-activity/stocks/ryan
RYN,Rayonier Inc. REIT Common Stock,$20.23,-0.58,-2.787%,6032223,6019786297.00,United States,,Real Estate Investment Trusts,Real Estate,/market-activity/stocks/ryn
RYZ,Ryerson Holding Corporation Common Stock,$26.29,0.95,3.749%,331627,1364415587.00,United States,2014,Metal Fabrications,Industrials,/market-activity/stocks/ryz
RZC,Reinsurance Group of America Incorporated 7.125% Fixed-Rate Reset Subordinated Debentures due 2052,$25.55,0.04,0.157%,38704,1668457541.00,United States,2022,Life Insurance,Finance,/market-activity/stocks/rzc
S,SentinelOne Inc. Class A Common Stock,$19.68,-0.95,-4.605%,10382979,6849606623.00,United States,2021,Computer Software: Prepackaged Software,Technology,/market-activity/stocks/s
SA,Seabridge Gold Inc. Common Shares New,$31.11,1.19,3.977%,619248,3355873530.00,Canada,2026,Precious Metals,Basic Materials,/market-activity/stocks/sa
SABA,Saba Capital Income & Opportunities Fund II Shares of Beneficial Interest,$8.24,0.01,0.122%,38491,0.00,United States,,,,/market-activity/stocks/saba
SAC,Safeguard Acquisition Corp. Class A Ordinary Shares,$10.10,0.00,0.00%,10,0.00,,2026,Blank Checks,Finance,/market-activity/stocks/sac
SAFE,Safehold Inc. New Common Stock ,$15.29,0.09,0.592%,256672,1082780921.00,United States,2023,Real Estate Investment Trusts,Real Estate,/market-activity/stocks/safe
SAGU,Shreya Acquisition Group Class A Ordinary Shares,$10.04,0.03,0.30%,357,0.00,,2026,Blank Checks,Finance,/market-activity/stocks/sagu
SAH,Sonic Automotive Inc. Common Stock,$77.88,-0.01,-0.013%,189437,2462160780.00,United States,1997,Retail-Auto Dealers and Gas Stations,Consumer Discretionary,/market-activity/stocks/sah
SAJ,Saratoga Investment Corp 8.00% Notes due 2027,$25.08,-0.0301,-0.12%,1151,392956725.00,United States,2022,Investment Managers,Finance,/market-activity/stocks/saj
SAM,Boston Beer Company Inc. (The) Common Stock,$175.43,0.48,0.274%,159026,1805469598.00,United States,,Beverages (Production/Distribution),Consumer Staples,/market-activity/stocks/sam
SAMO,Samos Energy Acquisition Corporation Class A Ordinary Shares,$9.79,-0.01,-0.102%,1778,0.00,,2026,,,/market-activity/stocks/samo
SAN,Banco Santander S.A. Sponsored ADR (Spain),$14.75,0.37,2.573%,8678197,216667462655.00,Spain,,Commercial Banks,Finance,/market-activity/stocks/san
SAP,SAP  SE ADS,$209.69,-2.35,-1.108%,1506830,257605052408.00,Germany,,Computer Software: Prepackaged Software,Technology,/market-activity/stocks/sap
SAR,Saratoga Investment Corp New,$18.34,0.00,0.00%,140160,294923999.00,United States,,Investment Managers,Finance,/market-activity/stocks/sar
SARO,StandardAero Inc. Common Stock,$24.07,-0.14,-0.578%,3202599,7965230704.00,United States,2024,Aerospace,Industrials,/market-activity/stocks/saro
SAT,Saratoga Investment Corp 6.00% Notes due 2027,$25.00,-0.01,-0.04%,2144,391703275.00,United States,2022,Investment Managers,Finance,/market-activity/stocks/sat
SAV,Saratoga Investment Corp 7.50% Notes due 2031,$24.63,-0.02,-0.081%,10927,0.00,United States,2026,Investment Managers,Finance,/market-activity/stocks/sav
SAX,Saratoga Investment Corp 8.00% Notes due 2031,$24.82,0.04,0.161%,27711,0.00,United States,2026,,,/market-activity/stocks/sax
SAY,Saratoga Investment Corp 8.125% Notes due 2027,$25.1099,0.0199,0.079%,9640,393425203.00,United States,2022,Investment Managers,Finance,/market-activity/stocks/say
SAZ,Saratoga Investment Corp 8.50% Notes due 2028,$25.18,-0.04,-0.159%,11266,394523539.00,United States,2023,Investment Managers,Finance,/market-activity/stocks/saz
SB,Safe Bulkers Inc Common Stock ($0.001 par value),$9.09,0.34,3.886%,1237597,929405068.00,Monaco,2008,Marine Transportation,Consumer Discretionary,/market-activity/stocks/sb
SB^C,Safe Bulkers Inc Cumulative Redeemable Perpetual Preferred Series C (Marshall Islands),$26.3818,0.00,0.00%,72,,Monaco,,,,/market-activity/stocks/sb^c
SB^D,Safe Bulkers Inc Perpetual Preferred Series D (Marshall Islands),$26.12,-0.06,-0.229%,8561,,Monaco,,,,/market-activity/stocks/sb^d
SBH,Sally Beauty Holdings Inc. (Name to be changed from Sally Holdings Inc.) Common Stock,$16.33,-0.04,-0.244%,1082924,1528852028.00,United States,,Other Specialty Stores,Consumer Discretionary,/market-activity/stocks/sbh
SBI,Western Asset Intermediate Muni Fund Inc Common Stock,$7.57,0.01,0.132%,33147,0.00,United States,1992,Finance/Investors Services,Finance,/market-activity/stocks/sbi
SBR,Sabine Royalty Trust Common Stock,$75.81,0.13,0.172%,9785,1105260144.00,United States,,Oil & Gas Production,Energy,/market-activity/stocks/sbr
SBS,Companhia de saneamento Basico Do Estado De Sao Paulo - Sabesp American Depositary Shares (Each repstg 250 Common Shares),$5.09,0.22,4.517%,22144421,17939878187.00,Brazil,2002,Water Supply,Utilities,/market-activity/stocks/sbs
SBSI,Southside Bancshares Inc. Common Stock,$32.06,0.64,2.037%,133874,955643839.00,United States,,Major Banks,Finance,/market-activity/stocks/sbsi
SBSW,D/B/A Sibanye-Stillwater Limited ADS,$12.56,0.90,7.719%,7830830,8887981209.00,South Africa,,Precious Metals,Basic Materials,/market-activity/stocks/sbsw
SBXD,SilverBox Corp IV Class A Ordinary Shares,$10.87,0.03,0.277%,545,0.00,,2024,,,/market-activity/stocks/sbxd
SBXE,SilverBox Corp V Class A Ordinary Shares,$10.11,0.00,0.00%,7,0.00,,2026,,,/market-activity/stocks/sbxe
SCCO,Southern Copper Corporation Common Stock,$204.26,2.65,1.314%,790308,170420594268.00,United States,,Metal Mining,Basic Materials,/market-activity/stocks/scco
SCD,LMP Capital and Income Fund Inc. Common Stock,$15.54,-0.01,-0.064%,66809,0.00,United States,2004,Trusts Except Educational Religious and Charitable,Finance,/market-activity/stocks/scd
SCE^G,SCE Trust II Trust Preferred Securities,$17.05,0.05,0.294%,16470,,United States,,,,/market-activity/stocks/sce^g
SCE^L,SCE TRUST VI,$16.78,0.10,0.60%,31206,,United States,,,,/market-activity/stocks/sce^l
SCE^M,SCE Trust VII 7.50% Trust Preference Securities,$23.99,-0.02,-0.083%,198492,,United States,,,,/market-activity/stocks/sce^m
SCE^N,SCE Trust VIII 6.95% Trust Preference Securities,$22.42,-0.14,-0.621%,26076,,United States,,,,/market-activity/stocks/sce^n
SCHW,Charles Schwab Corporation (The) Common Stock,$108.24,-0.04,-0.037%,7159654,187183297683.00,United States,,Investment Bankers/Brokers/Service,Finance,/market-activity/stocks/schw
SCHW^D,The Charles Schwab Corporation Depositary Shares each representing 1/40th interest in a share of 5.95% Non-Cumulative Perpetual Preferred Stock Series D,$23.37,0.21,0.907%,83496,,United States,,,,/market-activity/stocks/schw^d
SCHW^J,The Charles Schwab Corporation Depositary Shares Each Representing a 1/40th Interest in a Share of 4.450% Non-Cumulative Perpetual Preferred Stock Series J,$16.54,-0.0216,-0.13%,154957,,United States,,,,/market-activity/stocks/schw^j
SCI,Service Corporation International Common Stock,$81.09,-0.34,-0.418%,528511,11078473147.00,United States,,Other Consumer Services,Consumer Discretionary,/market-activity/stocks/sci
SCL,Stepan Company Common Stock,$62.16,0.71,1.155%,131897,1413054686.00,United States,,Package Goods/Cosmetics,Consumer Discretionary,/market-activity/stocks/scl
SCM,Stellus Capital Investment Corporation Common Stock,$8.74,0.02,0.229%,177061,248914649.00,United States,2012,Finance/Investors Services,Finance,/market-activity/stocks/scm
SD,SandRidge Energy Inc. Common Stock,$14.47,0.10,0.696%,314532,536479533.00,United States,2016,Oil & Gas Production,Energy,/market-activity/stocks/sd
SDHC,Smith Douglas Homes Corp. Class A Common Stock,$11.10,-0.31,-2.717%,36705,564195029.00,United States,2024,Homebuilding,Consumer Discretionary,/market-activity/stocks/sdhc
SDHY,PGIM Short Duration High Yield Opportunities Fund Common Shares,$15.93,0.09,0.568%,35776,393041782.00,,2020,Finance/Investors Services,Finance,/market-activity/stocks/sdhy
SDRL,Seadrill Limited Common Shares,$50.49,1.36,2.768%,418167,3157717457.00,Bermuda,2022,Oil & Gas Production,Energy,/market-activity/stocks/sdrl
SE,Sea Limited American Depositary Shares each representing one Class A Ordinary Share,$112.81,0.16,0.142%,1562307,69094378927.00,United States,2017,Other Consumer Services,Consumer Discretionary,/market-activity/stocks/se
SEAL^A,Seapeak LLC 9.00% Series A Cumulative Redeemable Perpetual Preferred Units,$25.72,0.115,0.449%,3451,,Bermuda,,,,/market-activity/stocks/seal^a
SEAL^B,Seapeak LLC 8.50% Series B Fixed-to-Floating Rate Cumulative Redeemable Perpetual Preferred Units,$25.88,0.04,0.155%,2993,,Bermuda,,,,/market-activity/stocks/seal^b
SECZ,Securitize Corp. Common Stock,$6.51,0.26,4.16%,868158,1062859609.00,,2026,Finance: Consumer Services,Finance,/market-activity/stocks/secz
SEG,Seaport Entertainment Group Inc. Common Stock,$26.33,0.28,1.075%,30044,337275083.00,United States,2024,Services-Misc. Amusement & Recreation,Consumer Discretionary,/market-activity/stocks/seg
SEI,Solaris Energy Infrastructure Inc. Class A Common Stock,$52.77,3.13,6.305%,3143106,4040408506.00,United States,2017,Oil and Gas Field Machinery,Consumer Discretionary,/market-activity/stocks/sei
SES,SES AI Corporation Class A Common Stock,$0.5001,-0.0229,-4.379%,9445611,185680829.00,United States,2021,Industrial Machinery/Components,Miscellaneous,/market-activity/stocks/ses
SF,Stifel Financial Corporation Common Stock,$80.01,1.17,1.484%,950211,12081648737.00,United States,,Investment Bankers/Brokers/Service,Finance,/market-activity/stocks/sf
SF^B,Stifel Financial Corporation Depositary Shares Each Representing 1/1000th  Interest in a Share of 6.25% Non-Cumulative  Preferred Stock Series B,$22.05,0.20,0.915%,4005,,United States,,,,/market-activity/stocks/sf^b
SF^C,Stifel Financial Corporation Depositary Shares Each Representing 1/1000th Interest in a Share of 6.125% Non Cumulative Preferred Stock Series C,$21.425,-0.505,-2.303%,15316,,United States,,,,/market-activity/stocks/sf^c
SF^D,Stifel Financial Corporation Depositary Shares Each Representing 1/1000th Interest in a Share of 4.50% Non-Cumulative Preferred Stock Series D,$15.44,-0.19,-1.216%,12986,,United States,,,,/market-activity/stocks/sf^d
SFB,Stifel Financial Corporation 5.20% Senior Notes due 2047,$19.71,0.025,0.127%,12037,2013837832.00,United States,2017,Investment Bankers/Brokers/Service,Finance,/market-activity/stocks/sfb
SFBS,ServisFirst Bancshares Inc. Common Stock,$42.30,0.77,1.854%,640693,4625294346.00,United States,,Major Banks,Finance,/market-activity/stocks/sfbs
SFL,SFL Corporation Ltd,$12.47,0.04,0.322%,1554878,1658420016.00,Bermuda,,Marine Transportation,Consumer Discretionary,/market-activity/stocks/sfl
SG,Sweetgreen Inc. Class A Common Stock,$6.73,0.26,4.019%,3822017,801148050.00,United States,2021,Restaurants,Consumer Discretionary,/market-activity/stocks/sg
SGHC,Super Group (SGHC) Limited Ordinary Shares,$13.79,0.33,2.452%,2923975,7006378907.00,,2022,Services-Misc. Amusement & Recreation,Consumer Discretionary,/market-activity/stocks/sghc
SGI,Somnigroup International Inc. Common Stock,$67.82,4.17,6.551%,4759010,15614821866.00,United States,,Home Furnishings,Consumer Discretionary,/market-activity/stocks/sgi
SGU,Star Group L.P. Common Stock,$12.86,0.07,0.547%,29423,421952238.00,United States,,Other Specialty Stores,Consumer Discretionary,/market-activity/stocks/sgu
SHAK,Shake Shack Inc. Class A Common Stock,$67.90,0.28,0.414%,1037233,2906047890.00,United States,2015,Restaurants,Consumer Discretionary,/market-activity/stocks/shak
SHEL,Shell PLC American Depositary Shares (each representing two (2) Ordinary Shares) ,$92.80,-0.71,-0.759%,8167881,264010973488.00,Netherlands,2022,Oil & Gas Production,Energy,/market-activity/stocks/shel
SHG,Shinhan Financial Group Co Ltd American Depositary Shares,$81.41,1.47,1.839%,141432,38641611529.00,South Korea,,Major Banks,Finance,/market-activity/stocks/shg
SHO,Sunstone Hotel Investors Inc. Sunstone Hotel Investors Inc. Common Shares,$11.00,0.04,0.365%,3194804,2045383351.00,United States,2004,Hotels/Resorts,Consumer Discretionary,/market-activity/stocks/sho
SHO^H,Sunstone Hotel Investors Inc. 6.125% Series H Cumulative Redeemable Preferred Stock,$22.33,-0.17,-0.756%,6012,,United States,,,,/market-activity/stocks/sho^h
SHO^I,Sunstone Hotel Investors Inc. 5.70% Series I Cumulative Redeemable Preferred Stock,$21.70,0.00,0.00%,15992,,United States,,,,/market-activity/stocks/sho^i
SHW,Sherwin-Williams Company (The) Common Stock,$331.25,1.30,0.394%,1401857,80413637519.00,United States,,RETAIL: Building Materials,Consumer Discretionary,/market-activity/stocks/shw
SI,Shoulder Innovations Inc. Common Stock,$20.64,0.10,0.487%,92791,429703272.00,United States,2025,Medical/Dental Instruments,Health Care,/market-activity/stocks/si
SID,Companhia Siderurgica Nacional S.A. Common Stock,$1.17,0.04,3.54%,5946503,1551529918.00,Brazil,,Steel/Iron Ore,Industrials,/market-activity/stocks/sid
SIG,Signet Jewelers Limited Common Shares,$81.73,0.47,0.578%,694009,3214423165.00,Bermuda,,Consumer Specialties,Consumer Discretionary,/market-activity/stocks/sig
SII,Sprott Inc. Common Shares,$127.83,0.76,0.598%,142001,3298014000.00,,2020,Finance: Consumer Services,Finance,/market-activity/stocks/sii
SIND,Sinda Ltd. Common Stock,$16.25,0.91,5.932%,88569,2580351881.00,,2026,Precious Metals,Basic Materials,/market-activity/stocks/sind
SITC,SITE Centers Corp. Common Stock,$2.93,0.03,1.034%,635672,153752743.00,United States,,Real Estate Investment Trusts,Real Estate,/market-activity/stocks/sitc
SITE,SiteOne Landscape Supply Inc. Common Stock,$98.29,0.82,0.841%,701896,4290888283.00,United States,2016,Professional and commerical equipment,Consumer Discretionary,/market-activity/stocks/site
SJM,The J.M. Smucker Company Common Stock,$131.44,0.02,0.015%,1149946,14040839174.00,United States,,Packaged Foods,Consumer Staples,/market-activity/stocks/sjm
SJT,San Juan Basin Royalty Trust Common Stock,$2.87,0.02,0.702%,82155,133767245.00,United States,,Oil & Gas Production,Energy,/market-activity/stocks/sjt
SKE,Skeena Resources Limited Common Shares,$31.75,1.43,4.716%,424156,3983440884.00,,2021,Precious Metals,Basic Materials,/market-activity/stocks/ske
SKIL,Skillsoft Corp. Class A Common Stock,$6.60,0.07,1.072%,44403,59185691.00,United States,2019,Computer Software: Prepackaged Software,Technology,/market-activity/stocks/skil
SKM,SK Telecom Co. Ltd. Common Stock,$37.07,-0.69,-1.827%,2698325,14219310600.00,South Korea,,Telecommunications Equipment,Telecommunications,/market-activity/stocks/skm
SKT,Tanger Inc. Common Stock,$37.70,-0.34,-0.894%,995014,4330937885.00,United States,1993,Real Estate Investment Trusts,Real Estate,/market-activity/stocks/skt
SKY,Champion Homes Inc. Common Stock,$86.06,0.38,0.444%,572271,4671348332.00,United States,,Homebuilding,Consumer Discretionary,/market-activity/stocks/sky
SKYH,Sky Harbour Group Corporation Class A Common Stock,$10.35,0.03,0.291%,213613,844865408.00,United States,2022,Real Estate,Finance,/market-activity/stocks/skyh
SLB,SLB Limited Common Shares,$58.13,0.98,1.715%,14008516,86273246018.00,France,,Oilfield Services/Equipment,Energy,/market-activity/stocks/slb
SLF,Sun Life Financial Inc. Common Stock,$79.46,1.47,1.885%,989294,44248477326.00,Canada,,Life Insurance,Finance,/market-activity/stocks/slf
SLG,SL Green Realty Corp Common Stock,$55.17,0.58,1.062%,716524,3908789369.00,United States,1997,Real Estate Investment Trusts,Real Estate,/market-activity/stocks/slg
SLG^I,SL Green Realty Corporation Preferred Series I,$21.35,-0.03,-0.14%,8945,,United States,,,,/market-activity/stocks/slg^i
SLGN,Silgan Holdings Inc. Common Stock,$41.33,-0.08,-0.193%,1370225,4367837887.00,United States,2022,Containers/Packaging,Industrials,/market-activity/stocks/slgn
SLQT,SelectQuote Inc. Common Stock,$0.529,-0.0072,-1.343%,409440,93407187.00,United States,2020,Specialty Insurers,Finance,/market-activity/stocks/slqt
SLVM,Sylvamo Corporation Common Stock,$35.81,1.29,3.737%,240387,1423814302.00,United States,2021,Paper,Basic Materials,/market-activity/stocks/slvm
SM,SM Energy Company Common Stock,$38.29,0.25,0.657%,3181237,9107432264.00,United States,,Oil & Gas Production,Energy,/market-activity/stocks/sm
SMA,SmartStop Self Storage REIT Inc. Common Stock,$32.46,-0.04,-0.123%,1194725,1797274591.00,United States,2025,Real Estate Investment Trusts,Real Estate,/market-activity/stocks/sma
SMBK,SmartFinancial Inc. Common Stock,$50.93,0.93,1.86%,92816,870825230.00,United States,,Major Banks,Finance,/market-activity/stocks/smbk
SMC,Summit Midstream Corporation Common Stock,$34.77,-0.19,-0.543%,53778,706112115.00,United States,2012,Natural Gas Distribution,Utilities,/market-activity/stocks/smc
SMFG,Sumitomo Mitsui Financial Group Inc Unsponsored American Depositary Shares (Japan),$26.72,0.69,2.651%,1638641,121879268580.00,Japan,,Commercial Banks,Finance,/market-activity/stocks/smfg
SMG,Scotts Miracle-Gro Company (The) Common Stock,$59.97,0.87,1.472%,632824,3491469832.00,United States,1992,Agricultural Chemicals,Industrials,/market-activity/stocks/smg
SMHI,SEACOR Marine Holdings Inc. Common Stock ,$9.78,0.00,0.00%,93451,265359038.00,United States,2017,Marine Transportation,Consumer Discretionary,/market-activity/stocks/smhi
SMP,Standard Motor Products Inc. Common Stock,$38.51,0.80,2.121%,137577,860324683.00,United States,,Auto Parts:O.E.M.,Consumer Discretionary,/market-activity/stocks/smp
SMR,NuScale Power Corporation Class A Common Stock,$9.56,0.35,3.80%,27545007,4108154480.00,United States,2022,Metal Fabrications,Industrials,/market-activity/stocks/smr
SMRT,SmartRent Inc. Class A Common Stock,$1.36,0.04,3.03%,816245,260592047.00,United States,,EDP Services,Technology,/market-activity/stocks/smrt
SMWB,Similarweb Ltd. Ordinary Shares,$8.76,-0.02,-0.228%,613613,761826120.00,,2021,Computer Software: Programming Data Processing,Technology,/market-activity/stocks/smwb
SN,SharkNinja Inc. Ordinary Shares,$175.25,0.33,0.189%,1681708,24687739488.00,United States,2023,Consumer Electronics/Appliances,Consumer Discretionary,/market-activity/stocks/sn
SNA,Snap-On Incorporated Common Stock,$380.59,-0.61,-0.16%,231479,19686826123.00,United States,,Industrial Machinery/Components,Consumer Discretionary,/market-activity/stocks/sna
SNAP,Snap Inc. Class A Common Stock,$5.59,0.24,4.486%,30326746,9453795210.00,United States,2017,Computer Software: Programming Data Processing,Technology,/market-activity/stocks/snap
SNDA,Sonida Senior Living Inc. Common Stock,$37.58,-0.22,-0.582%,443162,1805643464.00,United States,,Hospital/Nursing Management,Health Care,/market-activity/stocks/snda
SNDR,Schneider National Inc. Common Stock,$33.58,-0.03,-0.089%,546257,5886604188.00,United States,2017,Trucking Freight/Courier Services,Industrials,/market-activity/stocks/sndr
SNN,Smith & Nephew SNATS Inc. Common Stock,$28.66,-0.31,-1.07%,3379633,12176545207.00,United Kingdom,,Industrial Specialties,Health Care,/market-activity/stocks/snn
SNOW,Snowflake Inc. Common Stock,$305.84,-13.96,-4.365%,11650164,106004144000.00,United States,2020,Computer Software: Prepackaged Software,Technology,/market-activity/stocks/snow
SNUS^H,Santander Holdings USA Inc. Depositary Shares Each Representing a 1/1000th Interest in a Share of Fixed-Rate Reset Non-Cumulative Perpetual Preferred Stock Series H,$20.68,0.07,0.34%,27460,,,,,,/market-activity/stocks/snus^h
SNUS^I,Santander Holdings USA Inc. Depositary Shares Each Representing a 1/40th Interest in a Share of Fixed-Rate Reset Non-Cumulative Perpetual Preferred Stock Series I,$23.80,0.10,0.422%,15568,,,,,,/market-activity/stocks/snus^i
SNX,TD SYNNEX Corporation Common Stock,$253.06,1.67,0.664%,412589,20234361781.00,United States,2003,Retail: Computer Software & Peripheral Equipment,Technology,/market-activity/stocks/snx
SO,Southern Company (The) Common Stock,$88.31,0.22,0.25%,5874024,101588553527.00,United States,,Electric Utilities: Central,Utilities,/market-activity/stocks/so
SOBO,South Bow Corporation Common Shares,$37.39,-0.42,-1.111%,620993,7798979204.00,Canada,2024,Natural Gas Distribution,Energy,/market-activity/stocks/sobo
SOC,Sable Offshore Corp. Common Stock,$4.75,-0.02,-0.419%,8128171,911380467.00,United States,2021,Oil & Gas Production,Energy,/market-activity/stocks/soc
SOJC,Southern Company (The) Series 2017B 5.25% Junior Subordinated Notes due December 1 2077,$19.53,0.07,0.36%,38921,21483925859.00,United States,2017,Electric Utilities: Central,Utilities,/market-activity/stocks/sojc
SOJD,Southern Company (The) Series 2020A 4.95% Junior Subordinated Notes due January 30 2080,$18.32,0.22,1.215%,175408,20152868496.00,United States,2020,Electric Utilities: Central,Utilities,/market-activity/stocks/sojd
SOJE,Southern Company (The) Series 2020C 4.20% Junior Subordinated Notes due October 15 2060,$15.75,0.14,0.897%,73616,17239410358.00,United States,2020,Electric Utilities: Central,Utilities,/market-activity/stocks/soje
SOJF,Southern Company (The) Series 2025A 6.50% Junior Subordinated Notes due March 15 2085,$24.86,-0.02,-0.08%,45439,0.00,United States,2025,Electric Utilities: Central,Utilities,/market-activity/stocks/sojf
SOLV,Solventum Corporation Common Stock,$91.90,0.95,1.045%,826107,15643560695.00,United States,2024,Medical/Dental Instruments,Health Care,/market-activity/stocks/solv
SOMN,Southern Company (The) 2025 Series A Corporate Units,$47.87,0.63,1.334%,393822,55067875182.00,United States,,Electric Utilities: Central,Utilities,/market-activity/stocks/somn
SON,Sonoco Products Company Common Stock,$54.74,0.65,1.202%,606381,5412417664.00,United States,,Containers/Packaging,Consumer Discretionary,/market-activity/stocks/son
SONY,Sony Group Corporation American Depositary Shares ,$24.65,-0.16,-0.645%,3123494,145623960836.00,Japan,,Consumer Electronics/Appliances,Consumer Staples,/market-activity/stocks/sony
SOR,Source Capital Inc. Cmn Shs of BI,$46.42,-0.18,-0.386%,26822,387350901.00,United States,,Investment Managers,Finance,/market-activity/stocks/sor
SOS,SOS Limited Class A Ordinary Shares,$0.7425,-0.0596,-7.43%,226023,13491463.00,China,,Investment Bankers/Brokers/Service,Finance,/market-activity/stocks/sos
SOUL,Soulpower Acquisition Corporation Class A Ordinary Shares,$10.46,-0.02,-0.191%,150069,0.00,,2025,Publishing,Consumer Discretionary,/market-activity/stocks/soul
SPB,Spectrum Brands Holdings Inc. Common Stock,$89.29,3.23,3.753%,366672,2053276767.00,United States,,Industrial Machinery/Components,Miscellaneous,/market-activity/stocks/spb
SPCE,Virgin Galactic Holdings Inc. Common Stock,$2.95,0.04,1.375%,5402527,447207914.00,United States,2017,Transportation Services,Consumer Discretionary,/market-activity/stocks/spce
SPE,Special Opportunities Fund Inc Common Stock,$13.51,0.00,0.00%,18268,0.00,United States,,Finance/Investors Services,Finance,/market-activity/stocks/spe
SPE^C,Special Opportunities Fund Inc. 2.75% Convertible Preferred Stock Series C,$24.8001,-0.0499,-0.201%,5734,,United States,,,,/market-activity/stocks/spe^c
SPG,Simon Property Group Inc. Common Stock,$210.20,-1.67,-0.788%,919286,68010528453.00,United States,,Real Estate Investment Trusts,Real Estate,/market-activity/stocks/spg
SPG^J,Simon Property Group Inc. Simon Property Group 8 3/8% Series J Cumulative Redeemable Preferred Stock,$55.75,0.00,0.00%,80,,United States,,,,/market-activity/stocks/spg^j
SPGI,S&P Global Inc. Common Stock,$431.71,-8.50,-1.931%,2025202,127268108000.00,United States,,Finance: Consumer Services,Finance,/market-activity/stocks/spgi
SPH,Suburban Propane Partners L.P. Common Stock,$17.58,0.00,0.00%,205291,1172803763.00,United States,1996,Other Specialty Stores,Consumer Discretionary,/market-activity/stocks/sph
SPHR,Sphere Entertainment Co. Class A Common Stock,$140.63,7.33,5.499%,601434,5050530552.00,United States,2020,Services-Misc. Amusement & Recreation,Consumer Discretionary,/market-activity/stocks/sphr
SPIR,Spire Global Inc. Class A Common Stock,$11.91,-0.11,-0.915%,857111,483812439.00,United States,2020,Telecommunications Equipment,Consumer Discretionary,/market-activity/stocks/spir
SPMA,Sound Point Meridian Capital Inc. 8.00% Series A Preferred Shares Due 2029,$25.06,0.00,0.00%,2307,0.00,,,,,/market-activity/stocks/spma
SPMC,Sound Point Meridian Capital Inc. Common Stock,$9.76,0.05,0.515%,15525,0.00,,2024,,,/market-activity/stocks/spmc
SPME,Sound Point Meridian Capital Inc. 7.875% Series B Preferred Shares due 2030,$24.95,0.00,0.00%,1446,0.00,,,,,/market-activity/stocks/spme
SPNT,SiriusPoint Ltd. Common Shares,$24.32,-0.09,-0.369%,753830,2825133189.00,Bermuda,2013,Property-Casualty Insurers,Finance,/market-activity/stocks/spnt
SPOT,Spotify Technology S.A. Ordinary Shares,$559.36,15.21,2.795%,1364465,115134482303.00,Luxembourg,2018,Broadcasting,Consumer Discretionary,/market-activity/stocks/spot
SPRU,Spruce Power Holding Corporation Class A Common Stock,$1.74,-0.04,-2.247%,56823,33498804.00,United States,2019,Electric Utilities: Central,Utilities,/market-activity/stocks/spru
SPXC,SPX Technologies Inc. Common Stock,$193.27,1.14,0.593%,409791,9680094162.00,United States,,Industrial Machinery/Components,Industrials,/market-activity/stocks/spxc
SPXX,Nuveen S&P 500 Dynamic Overwrite Fund,$19.06,0.00,0.00%,264458,0.00,United States,,Trusts Except Educational Religious and Charitable,Finance,/market-activity/stocks/spxx
SQM,Sociedad Quimica y Minera S.A. Common Stock,$81.14,0.63,0.783%,749389,23176651741.00,Chile,1993,Mining & Quarrying of Nonmetallic Minerals (No Fuels),Industrials,/market-activity/stocks/sqm
SQNS,Sequans Communications S.A. American Depositary Shares (each representing one hundred (100) Ordinary Shares),$2.75,-0.01,-0.362%,12311,41188579.00,France,,Semiconductors,Technology,/market-activity/stocks/sqns
SR,Spire Inc. Common Stock,$82.77,-0.01,-0.012%,665608,4892767035.00,United States,,Oil/Gas Transmission,Utilities,/market-activity/stocks/sr
SRE,DBA Sempra Common Stock,$83.79,-0.47,-0.558%,6581935,54790310159.00,United States,,Natural Gas Distribution,Utilities,/market-activity/stocks/sre
SREA,DBA Sempra 5.750% Junior Subordinated Notes due 2079,$20.00,0.04,0.20%,74731,12662917500.00,United States,2019,Natural Gas Distribution,Utilities,/market-activity/stocks/srea
SRFM,Surf Air Mobility Inc. Common Stock,$0.6614,-0.007,-1.047%,1136185,81778302.00,United States,2023,Transportation Services,Consumer Discretionary,/market-activity/stocks/srfm
SRG,Seritage Growth Properties Class A Common Stock,$2.06,0.04,1.98%,186452,116028690.00,United States,2015,Real Estate,Finance,/market-activity/stocks/srg
SRG^A,Seritage Growth Properties 7.00% Series A Cumulative Redeemable Preferred Shares of Beneficial Interest,$21.30,-0.50,-2.294%,18973,,United States,,,,/market-activity/stocks/srg^a
SRI,Stoneridge Inc. Common Stock,$7.23,0.13,1.831%,128967,206220379.00,United States,1997,Auto Parts:O.E.M.,Consumer Discretionary,/market-activity/stocks/sri
SRJN,Spire Inc. 6.375% Junior Subordinated Notes due 2086,$21.94,0.02,0.091%,36649,0.00,United States,,Oil/Gas Transmission,Utilities,/market-activity/stocks/srjn
SRL,Scully Royalty Ltd.,$5.82,0.07,1.217%,6632,88617363.00,Canada,,Precious Metals,Industrials,/market-activity/stocks/srl
SRV,NXG Cushing Midstream Energy Fund Common Shares of Beneficial Interest,$45.27,0.17,0.377%,45213,0.00,United States,,Finance Companies,Finance,/market-activity/stocks/srv
SSB,SouthState Bank Corporation Common Stock,$106.29,2.30,2.212%,1072868,10307423219.00,United States,,Major Banks,Finance,/market-activity/stocks/ssb
SSD,Simpson Manufacturing Company Inc. Common Stock,$177.56,0.71,0.401%,234402,7277240136.00,United States,,Industrial Machinery/Components,Consumer Discretionary,/market-activity/stocks/ssd
SSL,Sasol Ltd. American Depositary Shares,$12.68,0.23,1.847%,3648062,8213617976.00,South Africa,,Oil & Gas Production,Energy,/market-activity/stocks/ssl
SSMR,Sunshine Silver Mining & Refining Company Common Stock,$17.82,1.03,6.135%,302756,2561208065.00,,2026,Precious Metals,Basic Materials,/market-activity/stocks/ssmr
SST,System1 Inc. Class A Common Stock,$3.01,0.17,5.986%,1773996,31570833.00,United States,2020,Computer Software: Programming Data Processing,Technology,/market-activity/stocks/sst
SSTK,Shutterstock Inc. Common Stock,$5.75,0.00,0.00%,747220,212449183.00,United States,2012,EDP Services,Technology,/market-activity/stocks/sstk
ST,Sensata Technologies Holding plc Ordinary Shares,$42.04,1.06,2.587%,1638914,6118327638.00,Netherlands,2010,Industrial Machinery/Components,Industrials,/market-activity/stocks/st
STAG,Stag Industrial Inc. Common Stock,$37.43,-0.23,-0.611%,2100664,7216815754.00,United States,2011,Real Estate Investment Trusts,Real Estate,/market-activity/stocks/stag
STC,Stewart Information Services Corporation Common Stock,$68.06,-0.55,-0.802%,344950,2077340864.00,United States,,Specialty Insurers,Finance,/market-activity/stocks/stc
STDN,Standard Nuclear Inc. Class A Common Stock,$14.66,-1.90,-11.473%,1410036,2295034068.00,,2026,Major Chemicals,Basic Materials,/market-activity/stocks/stdn
STE,STERIS plc (Ireland) Ordinary Shares,$230.35,0.70,0.305%,468627,22459150339.00,United States,,Industrial Specialties,Health Care,/market-activity/stocks/ste
STEM,Stem Inc. Class A Common Stock,$5.46,-0.03,-0.546%,68579,52562022.00,United States,1992,EDP Services,Technology,/market-activity/stocks/stem
STEW,SRH Total Return Fund Inc. Common Stock,$18.45,0.00,0.00%,25471,0.00,United States,,Investment Managers,Finance,/market-activity/stocks/stew
STG,Sunlands Technology Group American Depositary Shares representing Class A ordinary shares,$2.90,0.00,0.00%,6487,38839688.00,,2018,Other Consumer Services,Real Estate,/market-activity/stocks/stg
STK,Columbia Seligman Premium Technology Growth Fund Inc,$52.07,0.22,0.424%,38938,0.00,United States,2009,Investment Managers,Finance,/market-activity/stocks/stk
STLA,Stellantis N.V. Common Shares,$5.27,-0.08,-1.495%,20620203,15269736443.00,United Kingdom,2014,Auto Manufacturing,Industrials,/market-activity/stocks/stla
STM,STMicroelectronics N.V. Common Stock,$50.71,1.31,2.652%,6128251,45260967447.00,Switzerland,,Semiconductors,Technology,/market-activity/stocks/stm
STN,Stantec Inc Common Stock,$72.66,0.86,1.198%,291367,8166962420.00,Canada,,Military/Government/Technical,Consumer Discretionary,/market-activity/stocks/stn
STNG,Scorpio Tankers Inc. Common Shares,$81.42,1.81,2.274%,739853,4214526362.00,Monaco,2010,Marine Transportation,Consumer Discretionary,/market-activity/stocks/stng
STT,State Street Corporation Common Stock,$190.04,2.25,1.198%,1126898,52204323421.00,United States,,Major Banks,Finance,/market-activity/stocks/stt
STT^G,State Street Corporation Depositary shares each representing a 1/4000th ownership interest in a share of Fixed-to-Floating Rate Non-Cumulative,$20.25,-0.04,-0.197%,59083,,United States,,,,/market-activity/stocks/stt^g
STUB,StubHub Holdings Inc. Class A Common Stock,$6.18,0.02,0.325%,5725964,2361315990.00,United States,2025,Services-Misc. Amusement & Recreation,Consumer Discretionary,/market-activity/stocks/stub
STVN,Stevanato Group S.p.A. Ordinary Shares,$20.73,0.02,0.097%,217204,5659366577.00,Italy,2021,Medical/Dental Instruments,Health Care,/market-activity/stocks/stvn
STWD,STARWOOD PROPERTY TRUST INC. Starwood Property Trust Inc.,$15.82,0.29,1.867%,4076425,5856072789.00,United States,2009,Real Estate Investment Trusts,Real Estate,/market-activity/stocks/stwd
STZ,Constellation Brands Inc. Common Stock,$129.35,-1.28,-0.98%,2337727,22090190438.00,United States,,Beverages (Production/Distribution),Consumer Staples,/market-activity/stocks/stz
SU,Suncor Energy  Inc. Common Stock,$68.39,-0.60,-0.87%,2986035,79990969165.00,Canada,,Integrated oil Companies,Energy,/market-activity/stocks/su
SUI,Sun Communities Inc. Common Stock,$121.24,-0.20,-0.165%,1280426,14767148027.00,United States,1993,Real Estate Investment Trusts,Real Estate,/market-activity/stocks/sui
SUN,Sunoco LP Common Units representing limited partner interests,$76.41,-0.58,-0.753%,232912,15650649902.00,United States,2012,Integrated oil Companies,Energy,/market-activity/stocks/sun
SUNB,Sunbelt Rentals Holdings Inc. Common Stock,$67.11,0.04,0.06%,6036000,27499032792.00,,2026,Diversified Commercial Services,Consumer Discretionary,/market-activity/stocks/sunb
SUNC,SunocoCorp LLC Common Units representing limited liability company interests,$78.01,-0.62,-0.789%,508128,4018856616.00,,2025,Integrated oil Companies,Energy,/market-activity/stocks/sunc
SUPV,Grupo Supervielle S.A. American Depositary Shares each Representing five Class B shares,$8.86,0.06,0.682%,269121,809311951.00,,2016,Commercial Banks,Finance,/market-activity/stocks/supv
SUZ,Suzano S.A. American Depositary Shares (each representing One Ordinary Share),$9.14,0.28,3.16%,3586319,11554035001.00,Brazil,2018,Paper,Basic Materials,/market-activity/stocks/suz
SVV,Savers Value Village Inc. Common Stock,$10.25,0.10,0.985%,864383,1581125384.00,United States,2023,Other Specialty Stores,Consumer Discretionary,/market-activity/stocks/svv
SW,Smurfit WestRock plc Ordinary Shares,$45.36,-0.07,-0.154%,3695335,23792359107.00,Ireland,2024,Containers/Packaging,Consumer Discretionary,/market-activity/stocks/sw
SWK,Stanley Black & Decker Inc. Common Stock,$96.89,2.38,2.518%,1457040,14632002346.00,United States,,Industrial Machinery/Components,Consumer Discretionary,/market-activity/stocks/swk
SWX,Southwest Gas Holdings Inc. Common Stock (DE),$89.14,-0.21,-0.235%,379559,6457823336.00,United States,,Oil & Gas Production,Utilities,/market-activity/stocks/swx
SWZ,Total Return Securities Fund Common Stock,$6.00,0.0299,0.501%,45709,0.00,United States,,Finance Companies,Finance,/market-activity/stocks/swz
SXC,SunCoke Energy Inc. Common Stock,$10.57,0.36,3.526%,850183,897127165.00,United States,2011,Steel/Iron Ore,Industrials,/market-activity/stocks/sxc
SXI,Standex International Corporation Common Stock,$277.93,-7.19,-2.522%,150764,3368362907.00,United States,,Industrial Machinery/Components,Industrials,/market-activity/stocks/sxi
SXT,Sensient Technologies Corporation Common Stock,$135.89,1.06,0.786%,329395,5783860387.00,United States,,Major Chemicals,Industrials,/market-activity/stocks/sxt
SYF,Synchrony Financial Common Stock,$78.39,1.77,2.31%,2510455,29165591188.00,United States,2014,Finance: Consumer Services,Finance,/market-activity/stocks/syf
SYF^A,Synchrony Financial Depositary Shares each Representing a 1/40th Interest in a Share of 5.625% Fixed Rate Non-Cumulative Perpetual Preferred Stock Series A,$18.46,-0.10,-0.539%,52099,,United States,,,,/market-activity/stocks/syf^a
SYF^B,Synchrony Financial Depositary Shares Each Representing a 1/40th Interest in a Share of 8.250% Fixed Rate Reset Non-Cumulative Perpetual Preferred Stock Series B,$26.06,0.00,0.00%,14413,,United States,,,,/market-activity/stocks/syf^b
SYK,Stryker Corporation Common Stock,$312.19,-5.21,-1.641%,2185663,119747669231.00,United States,,Medical/Dental Instruments,Health Care,/market-activity/stocks/syk
SYY,Sysco Corporation Common Stock,$81.76,-0.35,-0.426%,2933456,39170890268.00,United States,,Food Distributors,Consumer Discretionary,/market-activity/stocks/syy
T,AT&T Inc.,$25.95,-0.05,-0.192%,33809104,177819407618.00,United States,,Telecommunications Equipment,Telecommunications,/market-activity/stocks/t
T^A,AT&T Inc. Depositary Shares each representing a 1/1000th interest in a share of 5.000% Perpetual Preferred Stock Series A,$17.73,0.12,0.681%,231187,,United States,,,,/market-activity/stocks/t^a
T^C,AT&T Inc. Depositary Shares each representing a 1/1000th interest in a share of 4.750% Perpetual Preferred Stock Series C,$16.79,0.04,0.239%,160386,,United States,,,,/market-activity/stocks/t^c
TAC,TransAlta Corporation Ordinary Shares,$11.84,0.07,0.595%,1195131,3741440000.00,Canada,,Electric Utilities: Central,Utilities,/market-activity/stocks/tac
TAK,Takeda Pharmaceutical Company Limited American Depositary Shares (each representing 1/2 of a share of Common Stock),$18.43,0.20,1.097%,1721865,58235936125.00,Japan,2018,Biotechnology: Pharmaceutical Preparations,Health Care,/market-activity/stocks/tak
TAL,TAL Education Group American Depositary Shares,$12.13,-0.10,-0.818%,7739956,6728526211.00,China,,Other Consumer Services,Real Estate,/market-activity/stocks/tal
TALO,Talos Energy Inc. Common Stock,$17.23,-0.04,-0.232%,2034872,2876815014.00,United States,2018,Oil & Gas Production,Energy,/market-activity/stocks/talo
TAP,Molson Coors Beverage Company Class B Common Stock,$40.54,0.78,1.962%,2748420,7558842444.00,Canada,,Beverages (Production/Distribution),Consumer Staples,/market-activity/stocks/tap
TBB,AT&T Inc. 5.350% Global Notes due 2066,$19.38,0.07,0.363%,110491,138574470602.00,United States,2017,Telecommunications Equipment,Telecommunications,/market-activity/stocks/tbb
TBBB,BBB Foods Inc. Class A Common Shares,$49.35,-0.55,-1.102%,457928,5816250303.00,Mexico,2024,Food Chains,Consumer Staples,/market-activity/stocks/tbbb
TBI,TrueBlue Inc. Common Stock,$10.20,0.14,1.392%,388239,310532309.00,United States,,Professional Services,Consumer Discretionary,/market-activity/stocks/tbi
TBN,Tamboran Resources Corporation Common stock,$38.55,-1.28,-3.214%,102674,1343714683.00,,2024,Oil & Gas Production,Energy,/market-activity/stocks/tbn
TCBX,Third Coast Bancshares Inc. Common Stock,$44.83,0.95,2.165%,133835,746642305.00,United States,,Banks,Finance,/market-activity/stocks/tcbx
TCI,Transcontinental Realty Investors Inc. Common Stock,$37.27,0.66,1.803%,112494,327005676.00,United States,,Real Estate Investment Trusts,Real Estate,/market-activity/stocks/tci
TCPA,TransCanada PipeLines Limited 6.250% Junior Subordinated Notes due 2085,$22.03,0.18,0.824%,24032,0.00,Canada,2025,Natural Gas Distribution,Utilities,/market-activity/stocks/tcpa
TD,Toronto Dominion Bank (The) Common Stock,$121.47,1.97,1.649%,2379450,199016083590.00,Canada,,Commercial Banks,Finance,/market-activity/stocks/td
TDAY,USA TODAY Co. Inc. Common Stock,$6.30,0.12,1.942%,2040820,924953028.00,United States,2014,Newspapers/Magazines,Consumer Discretionary,/market-activity/stocks/tday
TDC,Teradata Corporation Common Stock,$28.26,-0.39,-1.361%,2006146,2628180000.00,United States,,Computer Software: Prepackaged Software,Technology,/market-activity/stocks/tdc
TDF,Templeton Dragon Fund Inc. Common Stock,$10.57,-0.13,-1.215%,88059,0.00,United States,,Finance/Investors Services,Finance,/market-activity/stocks/tdf
TDG,Transdigm Group Incorporated Common Stock,$1153.75,-2.01,-0.174%,333518,63775290719.00,United States,2006,Military/Government/Technical,Industrials,/market-activity/stocks/tdg
TDOC,Teladoc Health Inc. Common Stock,$6.46,0.20,3.195%,3898330,1173678776.00,United States,2015,Medical/Nursing Services,Health Care,/market-activity/stocks/tdoc
TDS,Telephone and Data Systems Inc. Common Shares,$35.87,2.25,6.692%,1895297,4128637000.00,United States,,Telecommunications Equipment,Telecommunications,/market-activity/stocks/tds
TDS^U,Telephone and Data Systems Inc. Depositary Shares Each Representing a 1/1000th Interest in a 6.625% Series UU Cumulative Redeemable Perpetual Preferred Stock,$20.87,0.01,0.048%,11922,,United States,,,,/market-activity/stocks/tds^u
TDS^V,Telephone and Data Systems Inc. Depositary Shares Each Representing a 1/1000th Interest in a 6.000% Series VV Cumulative Redeemable Perpetual Preferred Stock,$18.98,-0.13,-0.68%,21790,,United States,,,,/market-activity/stocks/tds^v
TDW,Tidewater Inc. Common Stock,$100.61,4.50,4.682%,730384,5005974401.00,United States,2017,Marine Transportation,Consumer Discretionary,/market-activity/stocks/tdw
TDY,Teledyne Technologies Incorporated Common Stock,$606.36,-4.15,-0.68%,214833,28108225880.00,United States,,Industrial Machinery/Components,Industrials,/market-activity/stocks/tdy
TE,T1 Energy Inc. Common Stock,$4.27,-0.01,-0.234%,24588253,1257414762.00,Luxembourg,2021,Semiconductors,Technology,/market-activity/stocks/te
TECK,Teck Resources Ltd Ordinary Shares,$67.07,0.28,0.419%,2049652,32833637608.00,Canada,,Mining & Quarrying of Nonmetallic Minerals (No Fuels),Industrials,/market-activity/stocks/teck
TEI,Templeton Emerging Markets Income Fund Inc. Common Stock,$6.65,0.01,0.151%,197083,0.00,United States,1993,Finance Companies,Finance,/market-activity/stocks/tei
TEL,TE Connectivity plc Ordinary Shares,$202.21,-5.79,-2.784%,2446467,58542469834.00,Ireland,,Electronic Components,Technology,/market-activity/stocks/tel
TEN,Tsakos Energy Navigation Ltd Common Shares,$43.25,0.43,1.004%,270832,1303018830.00,Greece,,Marine Transportation,Consumer Discretionary,/market-activity/stocks/ten
TEN^E,Tsakos Energy Navigation Ltd Series E Fixed-to-Floating Rate Cumulative Redeemable Perpetual Preferred Shares par value $1.00,$25.91,0.00,0.00%,3468,,Greece,,,,/market-activity/stocks/ten^e
TEN^F,Tsakos Energy Navigation Ltd Series F Fixed-to-Floating Rate Cumulative Redeemable Perpetual Preferred Shares par value $1.00,$26.8002,-0.1998,-0.74%,7110,,Greece,,,,/market-activity/stocks/ten^f
TEO,Telecom Argentina SA,$13.31,0.21,1.603%,165131,5733117483.00,Argentina,,Telecommunications Equipment,Telecommunications,/market-activity/stocks/teo
TEVA,Teva Pharmaceutical Industries Limited American Depositary Shares,$37.49,1.30,3.592%,7690284,43686950189.00,Israel,,Biotechnology: Pharmaceutical Preparations,Health Care,/market-activity/stocks/teva
TEX,Terex Corporation Common Stock,$61.81,2.52,4.25%,1086790,7064883000.00,United States,,Construction/Ag Equipment/Trucks,Industrials,/market-activity/stocks/tex
TFC,Truist Financial Corporation Common Stock,$50.81,1.37,2.771%,6430934,62070826612.00,United States,,Major Banks,Finance,/market-activity/stocks/tfc
TFC^I,Truist Financial Corporation Depositary Shares,$17.80,0.12,0.679%,47521,,United States,,,,/market-activity/stocks/tfc^i
TFC^O,Truist Financial Corporation Depositary Shares Each Representing a 1/1000th Interest in a Share of Series O Non-Cumulative Perpetual Preferred Stock,$19.46,0.20,1.038%,63217,,United States,,,,/market-activity/stocks/tfc^o
TFC^R,Truist Financial Corporation Depositary Shares each representing 1/1000th interest in a share of Series R Non-Cumulative Perpetual Preferred Stock,$17.49,0.12,0.691%,129429,,United States,,,,/market-activity/stocks/tfc^r
TFII,TFI International Inc. Common Shares,$128.97,1.14,0.892%,196074,10600048298.00,Canada,,Trucking Freight/Courier Services,Industrials,/market-activity/stocks/tfii
TFIN,Triumph Financial Inc. Common Stock,$68.94,-0.56,-0.806%,287892,1647289381.00,United States,,Major Banks,Finance,/market-activity/stocks/tfin
TFIN^,Triumph Financial Inc. Depositary Shares Each Representing a 1/40th Interest in a Share of 7.125% Series C Fixed-Rate Non-Cumulative Perpetual Preferred Stock,$22.3001,-0.0599,-0.268%,4829,,United States,,,,/market-activity/stocks/tfin^
TFPM,Triple Flag Precious Metals Corp. Common Shares,$34.10,1.45,4.441%,501718,7045193399.00,Canada,2022,Precious Metals,Industrials,/market-activity/stocks/tfpm
TFX,Teleflex Incorporated Common Stock,$140.97,0.49,0.349%,728120,5973236805.00,United States,,Medical/Dental Instruments,Health Care,/market-activity/stocks/tfx
TG,Tredegar Corporation Common Stock,$7.66,-0.05,-0.649%,88091,267672296.00,United States,,Metal Fabrications,Industrials,/market-activity/stocks/tg
TGE,The Generation Essentials Group Class A Ordinary Shares,$0.8996,-0.0214,-2.324%,27298,43595579.00,,2025,Newspapers/Magazines,Consumer Discretionary,/market-activity/stocks/tge
TGLS,Tecnoglass Holdings Inc. Common Stock,$38.52,0.80,2.121%,293166,1708925008.00,Colombia,2022,Electronic Components,Consumer Discretionary,/market-activity/stocks/tgls
TGS,Transportadora de Gas del Sur SA TGS Common Stock,$29.67,0.44,1.505%,133447,4466884130.00,Argentina,,Natural Gas Distribution,Utilities,/market-activity/stocks/tgs
TGT,Target Corporation Common Stock,$163.36,-0.39,-0.238%,2805259,74213914793.00,United States,,Department/Specialty Retail Stores,Consumer Discretionary,/market-activity/stocks/tgt
THC,Tenet Healthcare Corporation Common Stock,$258.53,-7.31,-2.75%,1047040,20816577070.00,United States,,Hospital/Nursing Management,Health Care,/market-activity/stocks/thc
THG,Hanover Insurance Group Inc,$227.12,1.20,0.531%,238700,7908368594.00,United States,,Property-Casualty Insurers,Finance,/market-activity/stocks/thg
THO,Thor Industries Inc. Common Stock,$75.71,1.32,1.774%,431623,3941263710.00,United States,,Homebuilding,Industrials,/market-activity/stocks/tho
THQ,abrdn Healthcare Opportunities Fund Shares of Beneficial Interest,$19.81,0.19,0.968%,98642,0.00,United States,2014,Finance Companies,Finance,/market-activity/stocks/thq
THW,abrdn World Healthcare Fund Shares of Beneficial Interest,$14.06,0.10,0.716%,60629,0.00,United States,2015,Finance Companies,Finance,/market-activity/stocks/thw
TIC,TIC Solutions Inc. Common Stock,$9.36,0.06,0.645%,1271309,2042542532.00,United States,2025,Business Services,Consumer Discretionary,/market-activity/stocks/tic
TIMB,TIM S.A. American Depositary Shares (Each representing 5 Common Shares) ,$18.40,0.26,1.433%,407126,8803023275.00,Brazil,2020,Telecommunications Equipment,Telecommunications,/market-activity/stocks/timb
TISI,Team Inc. Common Stock,$26.52,1.77,7.152%,54140,121546703.00,United States,,Other Consumer Services,Consumer Discretionary,/market-activity/stocks/tisi
TJX,TJX Companies Inc. (The) Common Stock,$131.31,-1.96,-1.471%,7000090,144437593950.00,United States,,Clothing/Shoe/Accessory Stores,Consumer Discretionary,/market-activity/stocks/tjx
TK,Teekay Corporation Ltd. Common Stock,$13.36,0.36,2.769%,481062,1159361188.00,Bermuda,,Marine Transportation,Consumer Discretionary,/market-activity/stocks/tk
TKC,Turkcell Iletisim Hizmetleri AS Common Stock,$5.08,0.06,1.195%,1827379,4470400000.00,Turkey,,Telecommunications Equipment,Telecommunications,/market-activity/stocks/tkc
TKO,TKO Group Holdings Inc. Class A Common Stock,$189.79,7.52,4.126%,869166,35921498830.00,United States,2023,Services-Misc. Amusement & Recreation,Consumer Discretionary,/market-activity/stocks/tko
TKR,Timken Company (The) Common Stock,$120.23,1.14,0.957%,839407,8331558953.00,United States,,Metal Fabrications,Industrials,/market-activity/stocks/tkr
TLK,PT Telekomunikasi Indonesia Tbk,$14.73,-0.01,-0.068%,563912,14591864505.00,Indonesia,,Telecommunications Equipment,Telecommunications,/market-activity/stocks/tlk
TLYS,Tilly's Inc. Common Stock,$3.81,-0.15,-3.788%,4544645,116160880.00,United States,2012,Clothing/Shoe/Accessory Stores,Consumer Discretionary,/market-activity/stocks/tlys
TM,Toyota Motor Corporation Common Stock,$198.30,0.25,0.126%,256091,258462870965.00,Japan,,Auto Manufacturing,Industrials,/market-activity/stocks/tm
TME,Tencent Music Entertainment Group American Depositary Shares each representing two Class A Ordinary Shares,$8.39,0.10,1.206%,6057467,13205058755.00,United States,2018,Broadcasting,Consumer Discretionary,/market-activity/stocks/tme
TMO,Thermo Fisher Scientific Inc Common Stock,$608.54,8.04,1.339%,1617011,225006013422.00,United States,,Industrial Machinery/Components,Industrials,/market-activity/stocks/tmo
TNC,Tennant Company Common Stock,$70.23,1.01,1.459%,195763,1197372550.00,United States,,Industrial Machinery/Components,Industrials,/market-activity/stocks/tnc
TNET,TriNet Group Inc. Common Stock,$67.35,0.41,0.612%,384262,3091684104.00,United States,2014,Business Services,Consumer Discretionary,/market-activity/stocks/tnet
TNK,Teekay Tankers Ltd.,$90.75,2.45,2.775%,510290,3143930114.00,Bermuda,2007,Marine Transportation,Consumer Discretionary,/market-activity/stocks/tnk
TNL,Travel   Leisure Co. Common  Stock,$67.22,1.06,1.602%,509282,4114148475.00,United States,,Hotels/Resorts,Consumer Discretionary,/market-activity/stocks/tnl
TOL,Toll Brothers Inc. Common Stock,$140.70,0.49,0.349%,707255,12965082900.00,United States,,Homebuilding,Consumer Discretionary,/market-activity/stocks/tol
TOST,Toast Inc. Class A Common Stock,$34.04,0.45,1.34%,7000713,19675120000.00,United States,2021,EDP Services,Technology,/market-activity/stocks/tost
TPB,Turning Point Brands Inc. Common Stock,$76.84,-0.88,-1.132%,337773,1540559166.00,United States,2016,Tobacco,Consumer Discretionary,/market-activity/stocks/tpb
TPC,Tutor Perini Corporation Common Stock,$87.78,1.24,1.433%,394103,4614517090.00,United States,1970,General Bldg Contractors - Nonresidential Bldgs,Consumer Discretionary,/market-activity/stocks/tpc
TPL,Texas Pacific Land Corporation Common Stock,$367.32,-2.61,-0.706%,279517,25335780560.00,United States,,Oil & Gas Production,Energy,/market-activity/stocks/tpl
TPR,Tapestry Inc. Common Stock,$123.14,1.00,0.819%,2939581,24553091229.00,United States,,Apparel,Consumer Discretionary,/market-activity/stocks/tpr
TPTS,Terra Property Trust Inc. 7.00% Senior Secured Notes due 2029,$15.90,0.0045,0.028%,1460,0.00,,2026,Real Estate Investment Trusts,Real Estate,/market-activity/stocks/tpts
TPVG,TriplePoint Venture Growth BDC Corp. Common Stock,$5.34,0.04,0.755%,174944,217389921.00,United States,2014,Other Consumer Services,Consumer Discretionary,/market-activity/stocks/tpvg
TR,Tootsie Roll Industries Inc. Common Stock,$39.94,-0.37,-0.918%,163116,2998361621.00,United States,,Specialty Foods,Consumer Staples,/market-activity/stocks/tr
TRAD,APEX Tech Acquisition Inc. Ordinary Shares,$10.05,0.00,0.00%,11,0.00,,2026,Investment Bankers/Brokers/Service,Finance,/market-activity/stocks/trad
TRAK,ReposiTrak Inc. Common Stock,$7.90,-0.03,-0.378%,55065,143571164.00,United States,,EDP Services,Technology,/market-activity/stocks/trak
TRC,Tejon Ranch Co Common Stock,$16.11,0.03,0.187%,149488,435315463.00,United States,2000,Real Estate,Finance,/market-activity/stocks/trc
TREX,Trex Company Inc. Common Stock,$43.73,0.39,0.90%,1368437,4454564759.00,United States,,Forest Products,Basic Materials,/market-activity/stocks/trex
TRGP,Targa Resources Inc. Common Stock,$293.46,-2.60,-0.878%,1081884,62926927423.00,United States,2010,Natural Gas Distribution,Utilities,/market-activity/stocks/trgp
TRIN,Trinity Capital Inc. Common Stock,$18.43,0.09,0.491%,728490,1745202569.00,United States,,Finance: Consumer Services,Finance,/market-activity/stocks/trin
TRLV,Trulieve Cannabis Corp. Subordinate Voting Shares,$11.69,-0.05,-0.426%,1972697,2251088380.00,,, Medicinal Chemicals and Botanical Products ,Health Care,/market-activity/stocks/trlv
TRN,Trinity Industries Inc. Common Stock,$28.00,0.14,0.503%,543944,2230745608.00,United States,,Railroads,Industrials,/market-activity/stocks/trn
TRNI,Trinity Capital Inc. 7.875% Notes Due 2029,$25.35,0.00,0.00%,8511,1782463956.00,United States,,Finance: Consumer Services,Finance,/market-activity/stocks/trni
TRNO,Terreno Realty Corporation Common Stock,$65.74,-0.71,-1.068%,807366,7163708179.00,United States,2010,Real Estate,Finance,/market-activity/stocks/trno
TRNZ,Trinity Capital Inc. 7.875% Notes due 2029,$25.37,-0.01,-0.039%,8724,1783870239.00,United States,,Finance: Consumer Services,Finance,/market-activity/stocks/trnz
TROX,Tronox Holdings plc Ordinary Shares (UK),$5.12,0.08,1.587%,2663979,817664148.00,United States,,Major Chemicals,Basic Materials,/market-activity/stocks/trox
TRP,TC Energy Corporation Common Stock,$62.49,-0.65,-1.029%,1700096,62490000000.00,Canada,,Natural Gas Distribution,Utilities,/market-activity/stocks/trp
TRTN^A,Triton International Limited 8.50% Series A Cumulative Redeemable Perpetual  Preference Shares,$26.27,-0.02,-0.076%,2417,,United States,,,,/market-activity/stocks/trtn^a
TRTN^B,Triton International Limited 8.00% Series B Cumulative Redeemable Perpetual Preference Shares,$25.55,0.06,0.235%,1711,,United States,,,,/market-activity/stocks/trtn^b
TRTN^C,Triton International Limited 7.375% Series C Cumulative Redeemable Perpetual Preference Shares,$24.99,-0.05,-0.20%,3538,,United States,,,,/market-activity/stocks/trtn^c
TRTN^D,Triton International Limited 6.875% Series D Cumulative Redeemable Perpetual Preference Shares,$22.60,-0.1794,-0.788%,5197,,United States,,,,/market-activity/stocks/trtn^d
TRTN^E,Triton International Limited 5.75% Series E Cumulative Redeemable Perpetual Preference Shares,$18.8058,0.0444,0.237%,10271,,United States,,,,/market-activity/stocks/trtn^e
TRTN^F,Triton International Limited 7.625% Series F Cumulative Redeemable Perpetual Preference Shares,$24.54,-0.03,-0.122%,2197,,United States,,,,/market-activity/stocks/trtn^f
TRTN^G,Triton International Limited 7.500% Series G Cumulative Redeemable Perpetual Preference Shares,$23.69,0.11,0.466%,9098,,United States,,,,/market-activity/stocks/trtn^g
TRTX,TPG RE Finance Trust Inc. Common Stock,$7.80,0.12,1.563%,533575,598798270.00,United States,2017,Real Estate Investment Trusts,Real Estate,/market-activity/stocks/trtx
TRTX^C,TPG RE Finance Trust Inc. 6.25% Series C Cumulative Redeemable Preferred Stock $0.001 par value per share,$18.46,-0.045,-0.243%,4249,,United States,,,,/market-activity/stocks/trtx^c
TRU,TransUnion Common Stock,$82.39,-1.28,-1.53%,2316638,15785924000.00,United States,2015,Finance: Consumer Services,Finance,/market-activity/stocks/tru
TRV,The Travelers Companies Inc. Common Stock,$366.18,2.26,0.621%,1187609,76376001556.00,United States,,Property-Casualty Insurers,Finance,/market-activity/stocks/trv
TS,Tenaris S.A. American Depositary Shares,$55.98,-0.62,-1.095%,1871375,29638629529.00,Luxembourg,,Steel/Iron Ore,Industrials,/market-activity/stocks/ts
TSI,TCW Strategic Income Fund Inc. Common Stock,$4.36,0.00,0.00%,82564,0.00,United States,,Investment Managers,Finance,/market-activity/stocks/tsi
TSLX,Sixth Street Specialty Lending Inc. Common Stock,$18.20,-0.25,-1.355%,369655,1735245130.00,,2014,Investment Managers,Finance,/market-activity/stocks/tslx
TSM,Taiwan Semiconductor Manufacturing Company Ltd.,$415.50,1.50,0.362%,6301058,2154992787612.00,Taiwan,1997,Semiconductors,Technology,/market-activity/stocks/tsm
TSN,Tyson Foods Inc. Common Stock,$55.81,0.75,1.362%,2965257,19634042385.00,United States,,Meat/Poultry/Fish,Consumer Staples,/market-activity/stocks/tsn
TSQ,Townsquare Media Inc. Class A Common Stock,$5.69,0.03,0.53%,45650,103738026.00,United States,2014,Broadcasting,Consumer Discretionary,/market-activity/stocks/tsq
TT,Trane Technologies plc,$439.02,-1.13,-0.257%,820940,96594575167.00,Ireland,,Auto Parts:O.E.M.,Industrials,/market-activity/stocks/tt
TTAM,Titan America SA Common Shares,$14.88,0.23,1.57%,219567,2743313479.00,United States,2025,Mining & Quarrying of Nonmetallic Minerals (No Fuels),Industrials,/market-activity/stocks/ttam
TTC,Toro Company (The) Common Stock,$99.15,1.19,1.215%,941216,9442008296.00,United States,,Tools/Hardware,Consumer Discretionary,/market-activity/stocks/ttc
TTE,TotalEnergies SE Ordinary Shares,$90.22,-0.13,-0.144%,2249863,196847571957.00,France,,Oil & Gas Production,Energy,/market-activity/stocks/tte
TTI,Tetra Technologies Inc. Common Stock,$6.63,0.10,1.531%,3049161,981722525.00,United States,,Oil & Gas Production,Energy,/market-activity/stocks/tti
TU,Telus Corporation Ordinary Shares,$9.57,-0.08,-0.829%,4587429,15206730000.00,Canada,,Telecommunications Equipment,Telecommunications,/market-activity/stocks/tu
TUYA,Tuya Inc. American Depositary Shares each representing one Class A Ordinary Share,$1.86,0.03,1.639%,301266,1140712153.00,China,2021,Computer Software: Prepackaged Software,Technology,/market-activity/stocks/tuya
TV,Grupo Televisa S.A.B. Common Stock,$2.66,0.02,0.758%,457670,1641655176.00,Mexico,1993,Broadcasting,Industrials,/market-activity/stocks/tv
TVC,Tennessee Valley Authority Common Stock,$23.92,0.00,0.00%,16809,0.00,United States,,Electric Utilities: Central,Utilities,/market-activity/stocks/tvc
TVE,Tennessee Valley Authority,$23.44,-0.09,-0.382%,6139,0.00,United States,,Electric Utilities: Central,Utilities,/market-activity/stocks/tve
TWI,Titan International Inc. (DE) Common Stock,$7.61,0.20,2.699%,784119,491167299.00,United States,,Steel/Iron Ore,Industrials,/market-activity/stocks/twi
TWLO,Twilio Inc. Class A Common Stock,$226.75,-1.90,-0.831%,1293175,34823181135.00,United States,2016,Computer Software: Prepackaged Software,Technology,/market-activity/stocks/twlo
TWN,Taiwan Fund Inc. (The) Common Stock,$104.46,0.89,0.859%,48779,0.00,United States,1986,Trusts Except Educational Religious and Charitable,Finance,/market-activity/stocks/twn
TWO^A,Two Harbors Investments Corp 8.125% Series A Fixed-to-Floating Rate Cumulative Redeemable Preferred Stock ($25.00 liquidation preference per share),$25.24,0.0099,0.039%,8562,,United States,,,,/market-activity/stocks/two^a
TWO^B,Two Harbors Investments Corp 7.625% Series B Fixed-to-Floating Rate Cumulative Redeemable Preferred Stock,$25.22,0.00,0.00%,48831,,United States,,,,/market-activity/stocks/two^b
TWO^C,Two Harbors Investments Corp 7.25% Series C Fixed-to-Floating Rate Cumulative Redeemable Preferred Stock,$25.295,0.02,0.079%,44142,,United States,,,,/market-activity/stocks/two^c
TWOD,Two Harbors Investments Corp 9.375% Senior Notes due 2030,$26.0808,-0.0092,-0.035%,71253,0.00,United States,2025,Real Estate Investment Trusts,Real Estate,/market-activity/stocks/twod
TX,Ternium S.A. Ternium S.A. American Depositary Shares (each representing ten shares USD1.00 par value),$56.87,1.20,2.156%,714530,11164017648.00,Luxembourg,,Steel/Iron Ore,Industrials,/market-activity/stocks/tx
TXNM,TXNM Energy Inc. Common Stock,$58.07,0.22,0.38%,3191345,5983887666.00,United States,,Electric Utilities: Central,Utilities,/market-activity/stocks/txnm
TXO,TXO Partners L.P. Common Units Representing Limited Partner Interests,$14.84,-0.35,-2.304%,150286,822824680.00,United States,2023,Oil & Gas Production,Energy,/market-activity/stocks/txo
TXT,Textron Inc. Common Stock,$79.24,-0.47,-0.59%,1744800,13628243303.00,United States,,Aerospace,Industrials,/market-activity/stocks/txt
TY,Tri Continental Corporation Common Stock,$35.48,0.16,0.453%,20317,1928371174.00,United States,,Finance Companies,Finance,/market-activity/stocks/ty
TY^,Tri Continental Corporation Preferred Stock,$41.65,-0.25,-0.597%,3237,,United States,,,,/market-activity/stocks/ty^
TYG,Tortoise Energy Infrastructure Corporation Common Stock,$43.19,-0.51,-1.167%,123564,515166131.00,United States,2004,Investment Managers,Finance,/market-activity/stocks/tyg
TYL,Tyler Technologies Inc. Common Stock,$374.88,-1.55,-0.412%,823834,15352188477.00,United States,,Computer Software: Prepackaged Software,Technology,/market-activity/stocks/tyl
U,Unity Software Inc. Common Stock,$40.76,-0.16,-0.391%,7434039,17938024909.00,United States,2020,Computer Software: Prepackaged Software,Technology,/market-activity/stocks/u
UA,Under Armour Inc. Class C Common Stock,$5.03,0.23,4.792%,2531591,2160614071.00,United States,2016,Apparel,Consumer Discretionary,/market-activity/stocks/ua
UAA,Under Armour Inc. Class A Common Stock,$5.15,0.23,4.675%,6062805,2212159536.00,United States,,Apparel,Consumer Discretionary,/market-activity/stocks/uaa
UAMY,United States Antimony Corporation Common Stock,$5.29,0.61,13.034%,9670660,791751041.00,United States,,Metal Fabrications,Industrials,/market-activity/stocks/uamy
UAN,CVR Partners LP Common Units representing Limited Partner Interests,$133.93,3.68,2.825%,38649,1415591483.00,United States,2011,Agricultural Chemicals,Industrials,/market-activity/stocks/uan
UBER,Uber Technologies Inc. Common Stock,$76.45,1.21,1.608%,13014730,156153721250.00,United States,2019,Business Services,Consumer Discretionary,/market-activity/stocks/uber
UBS,UBS Group AG Registered Ordinary Shares,$54.90,0.76,1.404%,1692690,170378595719.00,Switzerland,2014,Major Banks,Finance,/market-activity/stocks/ubs
UCB,United Community Banks Inc. Common Stock,$34.97,0.86,2.521%,856430,4216525340.00,United States,2024,Major Banks,Finance,/market-activity/stocks/ucb
UDR,UDR Inc. Common Stock,$36.59,-0.28,-0.759%,2329399,11755057883.00,United States,,Real Estate Investment Trusts,Real Estate,/market-activity/stocks/udr
UE,Urban Edge Properties Common Shares of Beneficial Interest,$21.31,-0.07,-0.327%,1080713,2690269570.00,United States,2015,Real Estate,Finance,/market-activity/stocks/ue
UFI,Unifi Inc. New Common Stock,$7.29,-0.10,-1.353%,65951,135512622.00,United States,,Textiles,Consumer Discretionary,/market-activity/stocks/ufi
UGI,UGI Corporation Common Stock,$37.90,-0.54,-1.405%,1348398,8129359249.00,United States,,Natural Gas Distribution,Utilities,/market-activity/stocks/ugi
UGP,Ultrapar Participacoes S.A. (New) American Depositary Shares (Each representing one Common Share),$7.13,0.26,3.785%,3463058,7934336669.00,Brazil,,Oil/Gas Transmission,Utilities,/market-activity/stocks/ugp
UHAL,U-Haul Holding Company Common Stock,$66.56,-0.94,-1.393%,156438,12938831027.00,United States,2022,Rental/Leasing Companies,Consumer Discretionary,/market-activity/stocks/uhal
UHS,Universal Health Services Inc. Common Stock,$167.49,-3.26,-1.909%,809121,9871276897.00,United States,,Hospital/Nursing Management,Health Care,/market-activity/stocks/uhs
UHT,Universal Health Realty Income Trust Common Stock,$41.32,0.21,0.511%,78707,574293623.00,United States,,Real Estate Investment Trusts,Real Estate,/market-activity/stocks/uht
UI,Ubiquiti Inc. Common Stock,$598.37,11.59,1.975%,171997,36218367339.00,United States,,Radio And Television Broadcasting And Communications Equipment,Technology,/market-activity/stocks/ui
UIS,Unisys Corporation New Common Stock,$2.61,0.02,0.772%,449849,190310643.00,United States,,EDP Services,Technology,/market-activity/stocks/uis
UL,Unilever PLC American Depositary Shares (each representing One Ordinary Share),$64.57,0.19,0.295%,3673291,141098702799.00,United Kingdom,2025,Package Goods/Cosmetics,Consumer Discretionary,/market-activity/stocks/ul
ULS,UL Solutions Inc. Class A Common Stock,$74.12,0.66,0.898%,413589,14964692583.00,United States,2024,Precision Instruments,Health Care,/market-activity/stocks/uls
UMC,United Microelectronics Corporation (NEW) Common Stock,$19.97,-0.50,-2.443%,8757682,50277096442.00,Taiwan,,Semiconductors,Technology,/market-activity/stocks/umc
UMH,UMH Properties Inc. Common Stock,$16.06,-0.14,-0.864%,707068,1371292736.00,United States,1994,Real Estate Investment Trusts,Real Estate,/market-activity/stocks/umh
UMH^D,UMH Properties Inc. 6.375% Series D Cumulative Redeemable Preferred Stock Liquidation Preference $25 per share,$21.4099,0.0099,0.046%,12962,,United States,,,,/market-activity/stocks/umh^d
UNF,Unifirst Corporation Common Stock,$275.26,-2.22,-0.80%,262980,4977849460.00,United States,,Other Consumer Services,Consumer Discretionary,/market-activity/stocks/unf
UNFI,United Natural Foods Inc. Common Stock,$44.41,-0.23,-0.515%,537624,2687655007.00,United States,2019,Food Distributors,Consumer Discretionary,/market-activity/stocks/unfi
UNH,UnitedHealth Group Incorporated Common Stock (DE),$399.66,3.36,0.848%,3266761,358732756552.00,United States,,Medical Specialities,Health Care,/market-activity/stocks/unh
UNM,Unum Group Common Stock,$92.80,1.11,1.211%,1040509,14690870854.00,United States,,Accident &Health Insurance,Finance,/market-activity/stocks/unm
UNMA,Unum Group 6.250% Junior Subordinated Notes due 2058,$21.38,0.20,0.944%,36807,3641297071.00,United States,2018,Accident &Health Insurance,Finance,/market-activity/stocks/unma
UNP,Union Pacific Corporation Common Stock,$289.73,-0.89,-0.306%,1892676,172121494036.00,United States,,Railroads,Industrials,/market-activity/stocks/unp
UP,Wheels Up Experience Inc. Class A Common Stock,$4.32,-0.02,-0.461%,94361,156711633.00,Singapore,2020,Transportation Services,Consumer Discretionary,/market-activity/stocks/up
UPS,United Parcel Service Inc. Common Stock,$103.01,0.35,0.341%,3132823,87639010762.00,United States,1999,Trucking Freight/Courier Services,Industrials,/market-activity/stocks/ups
URI,United Rentals Inc. Common Stock,$979.82,-10.33,-1.043%,380525,60986435572.00,United States,1997,Diversified Commercial Services,Consumer Discretionary,/market-activity/stocks/uri
USA,Liberty All-Star Equity Fund Common Stock,$5.93,0.01,0.169%,1137524,0.00,United States,1986,Finance Companies,Finance,/market-activity/stocks/usa
USAC,USA Compression Partners LP Common Units Representing Limited Partner Interests,$27.47,0.27,0.993%,369674,3981593687.00,United States,2013,Natural Gas Distribution,Utilities,/market-activity/stocks/usac
USB,U.S. Bancorp Common Stock,$62.77,1.56,2.549%,7335484,97798889265.00,United States,,Major Banks,Finance,/market-activity/stocks/usb
USB^A,U.S. Bancorp Depositary Shares Each representing a 1/100th interest in a share of Series A Non-CumulativePerpetual Pfd Stock,$762.65,-1.35,-0.177%,233,,United States,,,,/market-activity/stocks/usb^a
USB^H,U.S. Bancorp Depositary Shares repstg 1/1000th Pfd Ser B,$18.22,-0.02,-0.11%,57403,,United States,,,,/market-activity/stocks/usb^h
USB^P,U.S. Bancorp Depositary Shares each representing a 1/1000th interest in a share of Series K Non-Cumulative Perpetual Preferred Stock,$20.52,-0.23,-1.108%,48413,,United States,,,,/market-activity/stocks/usb^p
USB^Q,U.S. Bancorp Depositary Shares Each Representing a 1/1000th Interest in a Share of Series L Non-Cumulative Perpetual Preferred Stock,$14.04,0.04,0.286%,76318,,United States,,,,/market-activity/stocks/usb^q
USB^R,U.S. Bancorp Depositary Shares Each Representing a 1/1000th Interest in a Share of Series M Non-Cumulative Perpetual Preferred Stock,$15.02,0.02,0.133%,83887,,United States,,,,/market-activity/stocks/usb^r
USB^S,U.S. Bancorp Depositary Shares each representing a 1/1000th interest in a share of Series O Non-Cumulative Perpetual Preferred Stock,$16.60,-0.22,-1.308%,148664,,United States,,,,/market-activity/stocks/usb^s
USFD,US Foods Holding Corp. Common Stock,$104.79,-1.87,-1.753%,2022376,22669296463.00,United States,2016,Food Distributors,Consumer Discretionary,/market-activity/stocks/usfd
USNA,USANA Health Sciences Inc. Common Stock,$14.56,0.60,4.298%,289893,269018335.00,United States,, Medicinal Chemicals and Botanical Products ,Health Care,/market-activity/stocks/usna
USPH,U.S. Physical Therapy Inc. Common Stock,$78.24,0.49,0.63%,100085,1167551892.00,United States,1992,Medical/Nursing Services,Health Care,/market-activity/stocks/usph
UTF,Cohen & Steers Infrastructure Fund Inc Common Stock,$26.90,-0.05,-0.186%,253082,0.00,United States,2004,Finance Companies,Finance,/market-activity/stocks/utf
UTI,Universal Technical Institute Inc Common Stock,$20.92,0.07,0.336%,1304369,1152592233.00,United States,2003,Other Consumer Services,Real Estate,/market-activity/stocks/uti
UTL,UNITIL Corporation Common Stock,$53.53,-0.08,-0.149%,163531,976209159.00,United States,1985,Power Generation,Utilities,/market-activity/stocks/utl
UTZ,Utz Brands Inc Class A Common Stock ,$14.20,-0.01,-0.07%,2290544,2044263425.00,United States,2018,Packaged Foods,Consumer Staples,/market-activity/stocks/utz
UVE,UNIVERSAL INSURANCE HOLDINGS INC Common Stock,$43.92,0.21,0.48%,108700,1222309192.00,United States,,Property-Casualty Insurers,Finance,/market-activity/stocks/uve
UVV,Universal Corporation Common Stock,$46.30,0.17,0.369%,444151,1152835599.00,United States,,Farming/Seeds/Milling,Industrials,/market-activity/stocks/uvv
UWMC,UWM Holdings Corporation Class A Common Stock,$1.45,0.08,5.839%,11500140,2326107977.00,United States,,Finance: Consumer Services,Finance,/market-activity/stocks/uwmc
UZD,Array Digital Infrastructure Inc. 6.250% Senior Notes due 2069,$18.9501,0.0101,0.053%,7763,1629708600.00,United States,2020,Telecommunications Equipment,Telecommunications,/market-activity/stocks/uzd
UZE,Array Digital Infrastructure Inc. 5.500% Senior Notes due 2070,$16.78,0.07,0.419%,3711,1443080000.00,United States,2020,Telecommunications Equipment,Telecommunications,/market-activity/stocks/uze
UZF,Array Digital Infrastructure Inc. 5.500% Senior Notes due 2070,$16.77,-0.0496,-0.295%,12941,1442220000.00,United States,2021,Telecommunications Equipment,Telecommunications,/market-activity/stocks/uzf
V,Visa Inc.,$378.40,5.73,1.538%,5600400,676108177140.00,United States,,Business Services,Consumer Discretionary,/market-activity/stocks/v
VAC,Marriott Vacations Worldwide Corporation Common Stock,$100.02,0.94,0.949%,893624,3440219906.00,United States,,Real Estate,Finance,/market-activity/stocks/vac
VACI,Viking Acquisition Corp. I Class A Ordinary Shares,$9.84,-0.706,-6.694%,17276,0.00,,2025,Telecommunications Equipment,Telecommunications,/market-activity/stocks/vaci
VAL,Valaris Limited Common Shares,$92.52,4.48,5.089%,1493145,6424200864.00,United States,2021,Oil & Gas Production,Energy,/market-activity/stocks/val
VALE,VALE S.A.  American Depositary Shares Each Representing one common share,$15.73,0.61,4.034%,28030251,67159460773.00,Brazil,,Metal Mining,Basic Materials,/market-activity/stocks/vale
VATE,INNOVATE Corp. Common Stock,$7.38,0.19,2.643%,43973,100676971.00,United States,,Metal Fabrications,Industrials,/market-activity/stocks/vate
VBF,Invesco Bond Fund Common Stock,$14.60,-0.03,-0.205%,48066,0.00,United States,,Trusts Except Educational Religious and Charitable,Finance,/market-activity/stocks/vbf
VCV,Invesco California Value Municipal Income Trust Common Stock,$10.29,-0.01,-0.097%,105985,492793502.00,United States,,Trusts Except Educational Religious and Charitable,Finance,/market-activity/stocks/vcv
VCX,Fundrise Innovation Fund LLC Common Shares of Limited Liability Company Interests,$35.37,1.13,3.30%,456351,0.00,,2026,,,/market-activity/stocks/vcx
VECA,Vernal Capital Acquisition Corp. Ordinary Shares,$10.02,0.00,0.00%,6,0.00,,2026,Blank Checks,Finance,/market-activity/stocks/veca
VEEV,Veeva Systems Inc. Class A Common Stock,$280.72,1.49,0.534%,1491126,45451052372.00,United States,2013,Computer Software: Prepackaged Software,Technology,/market-activity/stocks/veev
VEL,Velocity Financial Inc. Common Stock,$18.13,0.20,1.115%,84842,715798815.00,United States,2020,Finance: Consumer Services,Finance,/market-activity/stocks/vel
VET,Vermilion Energy Inc. Common (Canada),$13.17,-0.01,-0.076%,1007335,2017644000.00,Canada,,Oil & Gas Production,Energy,/market-activity/stocks/vet
VFC,V.F. Corporation Common Stock,$13.22,0.13,0.993%,5214990,5197239015.00,United States,,Garments and Clothing,Industrials,/market-activity/stocks/vfc
VG,Venture Global Inc. Class A common stock,$14.73,-0.38,-2.515%,13988285,36826367695.00,United States,2025,Oil/Gas Transmission,Utilities,/market-activity/stocks/vg
VGI,Virtus Global Multi-Sector Income Fund Common Shares of Beneficial Interest,$7.34,0.03,0.41%,48562,0.00,United States,2012,Investment Managers,Finance,/market-activity/stocks/vgi
VGM,Invesco Trust for Investment Grade Municipals Common Stock (DE),$10.08,-0.05,-0.494%,143260,546658237.00,United States,,Trusts Except Educational Religious and Charitable,Finance,/market-activity/stocks/vgm
VGNT,Versigent PLC Ordinary Shares,$46.81,0.62,1.342%,509331,3315798755.00,United Kingdom,2026,Auto Parts:O.E.M.,Consumer Discretionary,/market-activity/stocks/vgnt
VHI,Valhi Inc. Common Stock,$18.13,0.05,0.277%,24879,513463229.00,United States,,Major Chemicals,Basic Materials,/market-activity/stocks/vhi
VIA,Via Transportation Inc. Class A Common Stock,$27.47,-0.03,-0.109%,572419,2238959189.00,United States,2025,Computer Software: Prepackaged Software,Technology,/market-activity/stocks/via
VICI,VICI Properties Inc. Common Stock,$25.61,0.07,0.274%,7997747,28198596363.00,United States,2018,Real Estate Investment Trusts,Real Estate,/market-activity/stocks/vici
VII,Viking Acquisition Corp. II Class A Ordinary Shares,$9.84,0.00,0.00%,1164,0.00,,2026,,,/market-activity/stocks/vii
VIK,Viking Holdings Ltd Ordinary Shares,$85.76,0.73,0.859%,3160436,38230610705.00,United States,2024,Marine Transportation,Consumer Discretionary,/market-activity/stocks/vik
VIPS,Vipshop Holdings Limited American Depositary Shares each representing two ordinary shares,$13.02,-0.08,-0.611%,3344007,6253122431.00,China,2012,Catalog/Specialty Distribution,Consumer Discretionary,/market-activity/stocks/vips
VIRT,Virtu Financial Inc. Class A Common Stock,$62.69,-2.63,-4.026%,1155338,9729502231.00,United States,,Investment Bankers/Brokers/Service,Finance,/market-activity/stocks/virt
VIST,Vista Energy S.A.B. de C.V. American Depositary Shares each representing one series A share with no par value,$77.03,2.32,3.105%,1503913,8574779476.00,Mexico,2019,Oil & Gas Production,Energy,/market-activity/stocks/vist
VIV,Telefonica Brasil S.A. American Depositary Shares (Each representing One Common Share),$11.82,0.23,1.984%,996395,18886033540.00,Brazil,2020,Telecommunications Equipment,Telecommunications,/market-activity/stocks/viv
VKQ,Invesco Municipal Trust Common Stock,$9.56,-0.05,-0.52%,153134,529007523.00,United States,,Trusts Except Educational Religious and Charitable,Finance,/market-activity/stocks/vkq
VLN,Valens Semiconductor Ltd. Ordinary Shares,$1.73,0.01,0.581%,454482,182156371.00,,,Semiconductors,Technology,/market-activity/stocks/vln
VLO,Valero Energy Corporation Common Stock,$366.09,4.10,1.133%,2851436,105407364197.00,United States,,Integrated oil Companies,Energy,/market-activity/stocks/vlo
VLRS,Controladora Vuela Compania de Aviacion S.A.B. de C.V. American Depositary Shares each representing ten (10) Ordinary Participation Certificates,$6.60,0.21,3.286%,479906,766893079.00,,2013,Air Freight/Delivery Services,Consumer Discretionary,/market-activity/stocks/vlrs
VLT,Invesco High Income Trust II,$9.855,0.00,0.00%,13395,0.00,United States,1989,Trusts Except Educational Religious and Charitable,Finance,/market-activity/stocks/vlt
VLTO,Veralto Corp Common Stock ,$97.21,0.16,0.165%,1762899,23699150970.00,United States,2023,Electrical Products,Industrials,/market-activity/stocks/vlto
VMC,Vulcan Materials Company (Holding Company) Common Stock,$263.93,4.24,1.633%,1254696,34199716584.00,United States,,Mining & Quarrying of Nonmetallic Minerals (No Fuels),Industrials,/market-activity/stocks/vmc
VMI,Valmont Industries Inc. Common Stock,$463.92,-4.04,-0.863%,292750,8955909723.00,United States,,Metal Fabrications,Industrials,/market-activity/stocks/vmi
VMO,Invesco Municipal Opportunity Trust Common Stock,$9.47,-0.06,-0.63%,257151,638663287.00,United States,,Trusts Except Educational Religious and Charitable,Finance,/market-activity/stocks/vmo
VMRK,Vivmark Residential Common Shares of Beneficial Interest,$64.91,-0.37,-0.567%,4378728,51116625000.00,United States,,Real Estate Investment Trusts,Real Estate,/market-activity/stocks/vmrk
VNO,Vornado Realty Trust Common Stock,$36.57,-0.08,-0.218%,1214612,6828369819.00,United States,,Real Estate Investment Trusts,Real Estate,/market-activity/stocks/vno
VNO^L,Vornado Realty Trust Pfd Ser L %,$17.34,-0.03,-0.173%,8790,,United States,,,,/market-activity/stocks/vno^l
VNO^M,Vornado Realty Trust 5.25% Series M Cumulative Redeemable Preferred Shares of Beneficial Interest liquidation preference $25.00 per share no par value per share,$17.40,-0.10,-0.571%,15945,,United States,,,,/market-activity/stocks/vno^m
VNO^N,Vornado Realty Trust 5.25% Series N Cumulative Redeemable Preferred Shares of Beneficial Interest liquidation preference $25.00 per share,$17.21,-0.01,-0.058%,3130,,United States,,,,/market-activity/stocks/vno^n
VNO^O,Vornado Realty Trust 4.45% Series O Cumulative Redeemable Preferred Shares Liquidation Preference $25.00 Per Share,$14.35,0.02,0.14%,22419,,United States,,,,/market-activity/stocks/vno^o
VNT,Vontier Corporation Common Stock ,$32.48,0.64,2.01%,1199432,4391296000.00,United States,2020,Industrial Machinery/Components,Industrials,/market-activity/stocks/vnt
VOC,VOC Energy Trust Units of Beneficial Interest,$3.39,-0.01,-0.294%,60597,57630000.00,United States,2011,Oil & Gas Production,Energy,/market-activity/stocks/voc
VOYA,Voya Financial Inc. Common Stock,$102.39,1.34,1.326%,685943,9276160174.00,United States,2013,Life Insurance,Finance,/market-activity/stocks/voya
VOYA^B,Voya Financial Inc. Depositary Shares each representing a 1/40th interest in a share of 5.35% Fixed-Rate Reset Non-Cumulative Preferred Stock Series B,$23.39,-0.05,-0.213%,10099,,United States,,,,/market-activity/stocks/voya^b
VOYG,Voyager Technologies Inc. Class A Common Stock,$33.27,0.31,0.941%,823618,2061667309.00,United States,2025,Military/Government/Technical,Industrials,/market-activity/stocks/voyg
VPG,Vishay Precision Group Inc. Common Stock,$61.35,0.90,1.489%,274758,817208381.00,United States,,Electrical Products,Technology,/market-activity/stocks/vpg
VPV,Invesco Pennsylvania Value Municipal Income Trust Common Stock (DE),$11.13,-0.03,-0.269%,34282,265222825.00,United States,,Trusts Except Educational Religious and Charitable,Finance,/market-activity/stocks/vpv
VRT,Vertiv Holdings LLC Class A Common Stock,$256.70,0.73,0.285%,3014448,98826464009.00,United States,2018,Industrial Machinery/Components,Technology,/market-activity/stocks/vrt
VRTS,Virtus Investment Partners Inc. Common Stock,$156.77,-3.23,-2.019%,95337,1038239111.00,United States,,Investment Managers,Finance,/market-activity/stocks/vrts
VSH,Vishay Intertechnology Inc. Common Stock,$30.61,0.98,3.307%,3182757,4694936302.00,United States,,Electrical Products,Technology,/market-activity/stocks/vsh
VST,Vistra Corp. Common Stock,$143.46,5.38,3.896%,4766155,48150225075.00,United States,,Electric Utilities: Central,Utilities,/market-activity/stocks/vst
VSTS,Vestis Corporation Common Stock,$12.17,0.04,0.33%,1209348,1608388478.00,United States,2023,Consumer Specialties,Consumer Discretionary,/market-activity/stocks/vsts
VSXY,Victorias Secret & Co. Common Stock ,$84.81,0.64,0.76%,2725817,6741692773.00,United States,2021,Clothing/Shoe/Accessory Stores,Consumer Discretionary,/market-activity/stocks/vsxy
VTEX,VTEX Class A Common Shares,$3.60,-0.01,-0.277%,694614,622776524.00,United Kingdom,2021,Computer Software: Prepackaged Software,Technology,/market-activity/stocks/vtex
VTMX,Corporacion Inmobiliaria Vesta S.A.B de C.V. American Depositary Shares each representing ten (10) Common Shares,$34.50,0.28,0.818%,26044,3051478218.00,,2023,Real Estate,Finance,/market-activity/stocks/vtmx
VTN,Invesco Trust for Investment Grade New York Municipals Common Stock,$10.54,-0.0528,-0.498%,16906,205382219.00,United States,,Finance Companies,Finance,/market-activity/stocks/vtn
VTOL,Bristow Group Inc. Common Stock,$45.19,-0.16,-0.353%,308161,1339521980.00,United States,,Transportation Services,Consumer Discretionary,/market-activity/stocks/vtol
VTR,Ventas Inc. Common Stock,$92.06,-0.01,-0.011%,2792329,47221841810.00,United States,,Real Estate Investment Trusts,Real Estate,/market-activity/stocks/vtr
VTS,Vitesse Energy Inc. Common Stock,$17.62,-0.02,-0.113%,642463,741878066.00,United States,2023,Oil & Gas Production,Energy,/market-activity/stocks/vts
VVR,Invesco Senior Income Trust Common Stock (DE),$2.91,-0.01,-0.342%,877255,0.00,United States,1998,Trusts Except Educational Religious and Charitable,Finance,/market-activity/stocks/vvr
VVV,Valvoline Inc. Common Stock,$31.83,-0.01,-0.031%,1351564,4061075685.00,United States,2016,Major Chemicals,Industrials,/market-activity/stocks/vvv
VVX,V2X Inc. Common Stock,$74.99,-2.46,-3.176%,526626,2350588396.00,United States,2014,Diversified Commercial Services,Consumer Discretionary,/market-activity/stocks/vvx
VYX,NCR Voyix Corporation Common Stock,$8.98,0.24,2.746%,3192776,1239867684.00,United States,,Office Equipment/Supplies/Services,Miscellaneous,/market-activity/stocks/vyx
VZ,Verizon Communications Inc. Common Stock,$50.22,-0.08,-0.159%,18677322,208652810644.00,United States,,Telecommunications Equipment,Telecommunications,/market-activity/stocks/vz
W,Wayfair Inc. Class A Common Stock,$94.54,0.66,0.703%,1836997,12948961338.00,United States,2014,Catalog/Specialty Distribution,Consumer Discretionary,/market-activity/stocks/w
WAB,Westinghouse Air Brake Technologies Corporation Common Stock,$279.81,0.01,0.004%,886947,47262945218.00,United States,,Railroads,Industrials,/market-activity/stocks/wab
WAL,Western Alliance Bancorporation Common Stock (DE),$79.12,1.86,2.407%,1245355,8632060360.00,United States,2005,Major Banks,Finance,/market-activity/stocks/wal
WAL^A,Western Alliance Bancorporation Depositary Shares Each Representing a 1/400th Interest in a Share of 4.250% Fixed-Rate Non-Cumulative Perpetual Preferred Stock Series A,$24.84,0.04,0.161%,21273,,United States,,,,/market-activity/stocks/wal^a
WAT,Waters Corporation Common Stock,$412.20,6.36,1.567%,621644,40497871354.00,United States,1995,Biotechnology: Laboratory Analytical Instruments,Industrials,/market-activity/stocks/wat
WBI,WaterBridge Infrastructure LLC Class A Shares Representing Limited Liability Company Interests,$32.26,-0.37,-1.134%,365516,3982697302.00,,2025,Oilfield Services/Equipment,Energy,/market-activity/stocks/wbi
WBX,Wallbox N.V. Class A Ordinary Shares,$2.93,-0.01,-0.34%,7529,70000920.00,Spain,,Industrial Specialties,Consumer Discretionary,/market-activity/stocks/wbx
WCC,WESCO International Inc. Common Stock,$332.86,0.86,0.259%,521398,16221217782.00,United States,1999,Telecommunications Equipment,Consumer Discretionary,/market-activity/stocks/wcc
WCN,Waste Connections Inc. Common Shares,$164.09,0.20,0.122%,1120671,41879874845.00,Canada,,Environmental Services,Utilities,/market-activity/stocks/wcn
WD,Walker & Dunlop Inc Common Stock,$40.07,-0.20,-0.497%,460791,1375432602.00,United States,2010,Finance: Consumer Services,Finance,/market-activity/stocks/wd
WDH,Waterdrop Inc. American Depositary Shares (each representing the right to receive 10 Class A Ordinary Shares),$0.9734,-0.0025,-0.256%,172710,349744521.00,Cayman Islands,2021,Specialty Insurers,Finance,/market-activity/stocks/wdh
WDI,Western Asset Diversified Income Fund Common Shares of Beneficial Interest,$12.77,0.02,0.157%,278197,0.00,United States,2021,Trusts Except Educational Religious and Charitable,Finance,/market-activity/stocks/wdi
WDS,Woodside Energy Group Limited American Depositary Shares each representing one Ordinary Share,$23.83,-0.07,-0.293%,791958,45303216408.00,Australia,2022,Oil & Gas Production,Energy,/market-activity/stocks/wds
WEA,Western Asset Bond Fund Share of Beneficial Interest,$10.41,0.01,0.096%,23233,0.00,United States,2002,Trusts Except Educational Religious and Charitable,Finance,/market-activity/stocks/wea
WEAV,Weave Communications Inc. Common Stock,$7.31,0.01,0.137%,5181131,584793560.00,United States,2021,Computer Software: Prepackaged Software,Technology,/market-activity/stocks/weav
WEC,WEC Energy Group Inc. Common Stock,$105.73,-0.47,-0.443%,1778437,34452055265.00,United States,,Power Generation,Utilities,/market-activity/stocks/wec
WELL,Welltower Inc. Common Stock,$238.59,-1.83,-0.761%,2516701,171962537859.00,United States,,Real Estate Investment Trusts,Real Estate,/market-activity/stocks/well
WENC,West Enclave Merger Corp. Ordinary Shares,$9.995,-0.015,-0.15%,8438,0.00,,2026,Blank Checks,Finance,/market-activity/stocks/wenc
WES,Western Midstream Partners LP Common Units Representing Limited Partner Interests,$48.96,-0.03,-0.061%,1199002,20229028073.00,United States,2012,Natural Gas Distribution,Utilities,/market-activity/stocks/wes
WEX,WEX Inc. common stock,$192.84,4.14,2.194%,433749,6572297865.00,United States,,Business Services,Consumer Discretionary,/market-activity/stocks/wex
WF,Woori Financial Group Inc. American Depositary Shares (each representing three (3) shares of Common Stock),$75.72,1.37,1.843%,62090,18451420524.00,South Korea,,Commercial Banks,Finance,/market-activity/stocks/wf
WFC,Wells Fargo & Company Common Stock,$89.27,2.23,2.562%,20604066,269952420725.00,United States,,Major Banks,Finance,/market-activity/stocks/wfc
WFC^A,Wells Fargo & Company Depositary Shares each representing a 1/1000th interest in a share of Non-Cumulative Perpetual Class A Preferred Stock Series AA,$17.45,0.08,0.461%,431367,,United States,,,,/market-activity/stocks/wfc^a
WFC^C,Wells Fargo & Company Depositary Shares each representing a 1/1000th interest in a share of Non-Cumulative Perpetual Class A Preferred Stock Series CC,$16.28,0.08,0.494%,339765,,United States,,,,/market-activity/stocks/wfc^c
WFC^D,Wells Fargo & Company Depositary Shares each representing a 1/1000th interest in  a share of Non-Cumulative Perpetual Class A Preferred Stock Series DD,$16.67,0.79,4.975%,237488,,United States,,,,/market-activity/stocks/wfc^d
WFC^L,Wells Fargo & Company 7.50% Non-Cumulative Perpetual Convertible Class A Preferred Stock Series L,$1139.00,-5.11,-0.447%,8779,,United States,,,,/market-activity/stocks/wfc^l
WFC^Y,Wells Fargo & Company Depositary Shares each representing a 1/1000th interest in a share of Non-Cumulative Perpetual Class A Preferred Stock Series Y,$21.82,-0.21,-0.953%,91898,,United States,,,,/market-activity/stocks/wfc^y
WFC^Z,Wells Fargo & Company Depositary Shares each representing a 1/1000th interest in a share of Non-Cumulative Perpetual Class A Preferred Stock Series Z,$17.78,0.14,0.794%,315989,,United States,,,,/market-activity/stocks/wfc^z
WFG,West Fraser Timber Co. Ltd Common stock,$66.90,0.56,0.844%,231252,5238525692.00,Canada,2021,Forest Products,Basic Materials,/market-activity/stocks/wfg
WGO,Winnebago Industries Inc. Common Stock,$30.33,1.00,3.409%,371883,857395525.00,United States,,Homebuilding,Industrials,/market-activity/stocks/wgo
WH,Wyndham Hotels & Resorts Inc. Common Stock ,$71.28,0.27,0.38%,990056,5289768776.00,United States,2018,Hotels/Resorts,Consumer Discretionary,/market-activity/stocks/wh
WHD,Cactus Inc. Class A Common Stock,$72.14,1.45,2.051%,713510,5784143142.00,United States,2018,Oil and Gas Field Machinery,Consumer Discretionary,/market-activity/stocks/whd
WHG,Westwood Holdings Group Inc Common Stock,$19.01,-0.25,-1.298%,46984,181415320.00,United States,,Investment Managers,Finance,/market-activity/stocks/whg
WHK,WhiteHawk Minerals Corp Class A Common Stock,$27.83,0.28,1.016%,145874,766589874.00,,2026,Oil & Gas Production,Energy,/market-activity/stocks/whk
WHR,Whirlpool Corporation Common Stock,$38.92,0.98,2.583%,2681739,2537559792.00,United States,,Consumer Electronics/Appliances,Consumer Discretionary,/market-activity/stocks/whr
WHR^A,Whirlpool Corporation Depositary Shares each representing a 1/20th interest in a share of 8.50% Series A Mandatory Convertible Preferred Stock,$33.47,0.37,1.118%,60272,,United States,,,,/market-activity/stocks/whr^a
WIA,Western Asset Inflation-Linked Income Fund,$7.899,-0.011,-0.139%,20280,0.00,United States,2003,Trusts Except Educational Religious and Charitable,Finance,/market-activity/stocks/wia
WIT,Wipro Limited Common Stock,$1.80,-0.03,-1.639%,7375457,17826389635.00,India,,EDP Services,Technology,/market-activity/stocks/wit
WIW,Western Asset Inflation-Linked Opportunities & Income Fund,$8.28,-0.01,-0.121%,217375,0.00,United States,2004,Finance Companies,Finance,/market-activity/stocks/wiw
WK,Workiva Inc. Class A Common Stock,$75.75,-0.95,-1.239%,727973,4122048966.00,United States,2014,Computer Software: Prepackaged Software,Technology,/market-activity/stocks/wk
WKC,World Kinect Corporation Common Stock,$35.13,-0.15,-0.425%,725316,1796956411.00,United States,,Oil Refining/Marketing,Energy,/market-activity/stocks/wkc
WLK,Westlake Corporation Common Stock,$76.27,2.04,2.748%,737307,9747042716.00,United States,2004,Major Chemicals,Industrials,/market-activity/stocks/wlk
WLKP,Westlake Chemical Partners LP Common Units representing limited partner interests,$22.11,0.38,1.749%,26216,779286385.00,United States,2014,Major Chemicals,Industrials,/market-activity/stocks/wlkp
WLY,John Wiley & Sons Inc. Common Stock,$51.05,-1.34,-2.558%,1229534,2591481270.00,United States,,Books,Consumer Discretionary,/market-activity/stocks/wly
WLYB,John Wiley & Sons Inc. Common Stock,$52.94,0.00,0.00%,272,2687424455.00,United States,,Books,Consumer Discretionary,/market-activity/stocks/wlyb
WM,Waste Management Inc. Common Stock,$219.04,-0.73,-0.332%,2354477,87553613903.00,United States,,Environmental Services,Utilities,/market-activity/stocks/wm
WMB,Williams Companies Inc. (The) Common Stock,$75.16,-0.07,-0.093%,8805387,91933267196.00,United States,,Natural Gas Distribution,Utilities,/market-activity/stocks/wmb
WMK,Weis Markets Inc. Common Stock,$70.39,0.41,0.586%,186753,1741772183.00,United States,,Food Chains,Consumer Staples,/market-activity/stocks/wmk
WMS,Advanced Drainage Systems Inc. Common Stock,$132.64,1.89,1.446%,1168634,10001764563.00,United States,2014,Containers/Packaging,Consumer Discretionary,/market-activity/stocks/wms
WNC,Wabash National Corporation Common Stock,$14.22,1.45,11.355%,1036826,579282600.00,United States,1991,Construction/Ag Equipment/Trucks,Industrials,/market-activity/stocks/wnc
WOLF,Wolfspeed Inc. Common Stock New,$26.65,0.34,1.292%,2215396,1412327303.00,United States,2025,Semiconductors,Technology,/market-activity/stocks/wolf
WOR,Worthington Enterprises Inc. Common Shares,$59.54,2.80,4.935%,471923,2913100719.00,United States,,Steel/Iron Ore,Industrials,/market-activity/stocks/wor
WPAC,White Pearl Acquisition Corp. Class A Ordinary Shares,$10.05,0.00,0.00%,5008,0.00,,2026,Blank Checks,Finance,/market-activity/stocks/wpac
WPC,W. P. Carey Inc. REIT,$70.58,0.42,0.599%,1341915,16079315320.00,United States,,Real Estate Investment Trusts,Real Estate,/market-activity/stocks/wpc
WPM,Wheaton Precious Metals Corp Common Shares (Canada),$150.91,5.98,4.126%,1594526,68537280771.00,Canada,,Precious Metals,Basic Materials,/market-activity/stocks/wpm
WPP,WPP plc American Depositary Shares,$24.07,-0.70,-2.826%,446731,5193354561.00,Ireland,,Advertising,Consumer Discretionary,/market-activity/stocks/wpp
WRB,W.R. Berkley Corporation Common Stock,$68.12,0.40,0.591%,1788181,25288019275.00,United States,,Property-Casualty Insurers,Finance,/market-activity/stocks/wrb
WRB^E,W.R. Berkley Corporation 5.70% Subordinated Debentures due 2058,$20.55,-0.14,-0.677%,13293,,United States,,,,/market-activity/stocks/wrb^e
WRB^F,W.R. Berkley Corporation 5.10% Subordinated Debentures due 2059,$17.9148,-0.0652,-0.363%,35527,,United States,,,,/market-activity/stocks/wrb^f
WRB^G,W.R. Berkley Corporation 4.25% Subordinated Debentures due 2060,$15.679,0.0016,0.01%,12268,,United States,,,,/market-activity/stocks/wrb^g
WRB^H,W.R. Berkley Corporation 4.125% Subordinated Debentures due 2061,$15.11,-0.04,-0.264%,36749,,United States,,,,/market-activity/stocks/wrb^h
WRBY,Warby Parker Inc. Class A Common Stock,$23.91,-0.28,-1.158%,1975518,2955468571.00,United States,2021,Ophthalmic Goods,Health Care,/market-activity/stocks/wrby
WS,Worthington Steel Inc. Common Shares,$36.02,2.01,5.91%,514752,1835097216.00,United States,2023,Steel/Iron Ore,Industrials,/market-activity/stocks/ws
WSM,Williams-Sonoma Inc. Common Stock (DE),$221.72,-0.40,-0.18%,1366855,26113998238.00,United States,,Home Furnishings,Consumer Discretionary,/market-activity/stocks/wsm
WSO,Watsco Inc. Common Stock,$308.92,-6.06,-1.924%,550267,12743627770.00,United States,,Industrial Machinery/Components,Consumer Discretionary,/market-activity/stocks/wso
WSO/B,Watsco Inc.,$316.05,0.00,0.00%,17,,United States,,,,/market-activity/stocks/wso/b
WST,West Pharmaceutical Services Inc. Common Stock,$342.63,3.98,1.175%,323737,24112847334.00,United States,,Medical/Dental Instruments,Health Care,/market-activity/stocks/wst
WT,WisdomTree Inc. Common Stock,$23.74,-0.72,-2.944%,2559904,3596897515.00,United States,2022,Investment Bankers/Brokers/Service,Finance,/market-activity/stocks/wt
WTI,W&T Offshore Inc. Common Stock,$3.84,-0.01,-0.26%,2535354,579620936.00,United States,2005,Oil & Gas Production,Energy,/market-activity/stocks/wti
WTM,White Mountains Insurance Group Ltd. Common Stock,$2104.75,5.79,0.276%,20118,5023451025.00,United States,,Property-Casualty Insurers,Finance,/market-activity/stocks/wtm
WTRG,Essential Utilities Inc. Common Stock,$41.55,0.44,1.07%,2737609,11791001038.00,United States,,Water Supply,Utilities,/market-activity/stocks/wtrg
WTS,Watts Water Technologies Inc. Class A Common Stock,$351.84,-3.90,-1.096%,247183,11745492312.00,United States,1986,Metal Fabrications,Industrials,/market-activity/stocks/wts
WTTR,Select Water Solutions Inc. Class A common stock,$19.77,-0.30,-1.495%,1472621,2737766068.00,United States,2017,Oilfield Services/Equipment,Energy,/market-activity/stocks/wttr
WU,Western Union Company (The) Common Stock,$7.30,0.24,3.399%,7942446,2276716561.00,United States,,Business Services,Consumer Discretionary,/market-activity/stocks/wu
WWW,Wolverine World Wide Inc. Common Stock,$19.28,-0.05,-0.259%,744186,1582239016.00,United States,,Shoe Manufacturing,Consumer Discretionary,/market-activity/stocks/www
WY,Weyerhaeuser Company Common Stock,$23.19,-0.19,-0.813%,5023252,16713867840.00,United States,,Real Estate Investment Trusts,Real Estate,/market-activity/stocks/wy
XFLH,XFLH Capital Corporation Ordinary Shares,$10.0478,-0.0022,-0.022%,19939,0.00,,2026,Blank Checks,Finance,/market-activity/stocks/xflh
XFLT,XAI Floating Rate & Alternative Income Trust Common Shares of Beneficial Interest,$18.93,0.02,0.106%,34467,671419311.00,United States,2017,Investment Managers,Finance,/market-activity/stocks/xflt
XHR,Xenia Hotels & Resorts Inc. Common Stock,$18.44,0.15,0.82%,733315,1701013197.00,United States,2015,Hotels/Resorts,Consumer Discretionary,/market-activity/stocks/xhr
XIFR,XPLR Infrastructure LP Common Units representing limited partner interests,$11.90,0.17,1.449%,561679,1121846261.00,United States,2014,Electric Utilities: Central,Utilities,/market-activity/stocks/xifr
XOM,ExxonMobil Holdings Corporation Common Stock,$164.15,-0.40,-0.243%,11289278,674970348234.00,United States,,Integrated oil Companies,Energy,/market-activity/stocks/xom
XPER,Xperi Inc. Common Stock ,$5.84,0.04,0.69%,294337,284827440.00,United States,2022,Computer Software: Prepackaged Software,Technology,/market-activity/stocks/xper
XPEV,XPeng Inc. American depositary shares each representing two Class A ordinary shares,$11.08,-0.09,-0.806%,5461846,10590588644.00,China,2020,Auto Manufacturing,Industrials,/market-activity/stocks/xpev
XPO,XPO Inc. Common Stock,$185.98,0.89,0.481%,936402,21775740761.00,United States,,Transportation Services,Consumer Discretionary,/market-activity/stocks/xpo
XPOF,Xponential Fitness Inc. Class A Common Stock,$5.07,0.04,0.795%,365460,250072680.00,United States,2021,Services-Misc. Amusement & Recreation,Consumer Discretionary,/market-activity/stocks/xpof
XPRO,Expro Ltd Ordinary Shares,$18.45,0.83,4.711%,1322151,2092142971.00,Cayman Islands,,Oilfield Services/Equipment,Energy,/market-activity/stocks/xpro
XRN,Chiron Real Estate Inc. Common Stock,$36.90,-0.04,-0.108%,85679,488475927.00,United States,2016,Real Estate Investment Trusts,Real Estate,/market-activity/stocks/xrn
XRN^A,Chiron Real Estate Inc. Series A Cumulative Redeemable Preferred Stock,$24.62,-0.195,-0.786%,1702,,United States,,,,/market-activity/stocks/xrn^a
XRN^B,Chiron Real Estate Inc. 8.00% Series B Cumulative Redeemable Preferred Stock $0.001 par value per share,$25.53,0.0336,0.132%,4716,,United States,,,,/market-activity/stocks/xrn^b
XXI,Twenty One Capital Inc. Class A Common Stock,$5.74,-0.05,-0.864%,1220128,3228016554.00,,2025,Finance: Consumer Services,Finance,/market-activity/stocks/xxi
XYF,X Financial American Depositary Shares each representing six Class A Ordinary Shares,$5.53,-0.01,-0.181%,31104,302949105.00,Cayman Islands,2018,Finance: Consumer Services,Finance,/market-activity/stocks/xyf
XYL,Xylem Inc. Common Stock New,$106.74,-0.15,-0.14%,1983695,24922382313.00,United States,2011,Fluid Controls,Industrials,/market-activity/stocks/xyl
XYZ,Block Inc. Class A Common Stock,$82.46,4.58,5.881%,5978879,49541555700.00,United States,2015,Computer Software: Prepackaged Software,Technology,/market-activity/stocks/xyz
XZO,Exzeo Group Inc. Common Stock,$16.48,-0.07,-0.423%,179314,1484615929.00,,2025,Computer Software: Prepackaged Software,Technology,/market-activity/stocks/xzo
YALA,Yalla Group Limited American Depositary Shares each representing one Class A Ordinary Share,$5.50,0.06,1.103%,416444,835059429.00,United Arab Emirates,2020,Computer Software: Programming Data Processing,Technology,/market-activity/stocks/yala
YCY,AA Mission Acquisition Corp. II Class A Ordinary Shares,$10.27,0.00,0.00%,2424,0.00,,2025,,,/market-activity/stocks/ycy
YELP,Yelp Inc. Common Stock,$22.42,0.07,0.313%,1239710,1216590383.00,United States,2012,Other Consumer Services,Consumer Discretionary,/market-activity/stocks/yelp
YETI,YETI Holdings Inc. Common Stock,$41.45,1.29,3.212%,1689779,3025385594.00,United States,2018,Recreational Games/Products/Toys,Consumer Discretionary,/market-activity/stocks/yeti
YEXT,Yext Inc. Common Stock,$6.55,0.02,0.306%,2239963,656625160.00,United States,2017,EDP Services,Technology,/market-activity/stocks/yext
YMM,Full Truck Alliance Co. Ltd. American Depositary Shares (each representing 20 Class A Ordinary Shares),$8.63,0.12,1.41%,6028166,8954007559.00,China,2021,Computer Software: Prepackaged Software,Technology,/market-activity/stocks/ymm
YOU,Clear Secure Inc. Class A Common Stock,$44.03,1.06,2.467%,2017636,5956734250.00,United States,2021,Computer Software: Prepackaged Software,Technology,/market-activity/stocks/you
YPF,YPF Sociedad Anonima American Depositary Shares,$53.91,1.45,2.764%,978596,21203492671.00,Argentina,1993,Integrated oil Companies,Energy,/market-activity/stocks/ypf
YRD,Yiren Digital Ltd. American Depositary Shares each representing two ordinary shares,$1.01,0.026,2.642%,50366,88363346.00,China,2015,Finance: Consumer Services,Finance,/market-activity/stocks/yrd
YSG,Yatsen Holding Limited American Depositary Shares each representing twenty (20) Class A Ordinary Shares,$2.53,-0.13,-4.887%,103533,237479467.00,China,,Package Goods/Cosmetics,Consumer Discretionary,/market-activity/stocks/ysg
YSS,York Space Systems Inc. Common Stock,$8.67,-0.15,-1.701%,2997878,1190890435.00,,2026,Military/Government/Technical,Industrials,/market-activity/stocks/yss
YUM,Yum! Brands Inc.,$151.27,-0.76,-0.50%,1462130,41281747128.00,United States,,Restaurants,Consumer Discretionary,/market-activity/stocks/yum
YUMC,Yum China Holdings Inc. Common Stock,$44.75,-0.13,-0.29%,1202378,15325001586.00,United States,2016,Restaurants,Consumer Discretionary,/market-activity/stocks/yumc
ZBH,Zimmer Biomet Holdings Inc. Common Stock,$99.50,0.10,0.101%,1392110,18978400056.00,United States,,Industrial Specialties,Health Care,/market-activity/stocks/zbh
ZEPP,Zepp Health Corporation American depositary shares each representing sixteen Class A ordinary shares,$4.86,0.36,8.00%,74466,71271808.00,China,,Computer Manufacturing,Technology,/market-activity/stocks/zepp
ZETA,Zeta Global Holdings Corp. Class A Common Stock,$30.44,-1.12,-3.549%,8668248,7640854136.00,United States,2021,Computer Software: Prepackaged Software,Technology,/market-activity/stocks/zeta
ZGN,Ermenegildo Zegna N.V. Ordinary Shares,$12.56,-0.48,-3.681%,1496230,3369999348.00,,2021,Apparel,Consumer Discretionary,/market-activity/stocks/zgn
ZH,Zhihu Inc. American Depositary Shares each representing three (3) Class A Ordinary Shares,$2.58,-0.03,-1.149%,357555,229064691.00,China,,Business Services,Consumer Discretionary,/market-activity/stocks/zh
ZIM,ZIM Integrated Shipping Services Ltd. Ordinary Shares,$28.02,1.01,3.739%,1332088,3375454742.00,,2021,Marine Transportation,Consumer Discretionary,/market-activity/stocks/zim
ZIP,ZipRecruiter Inc. Class A Common Stock,$4.27,0.14,3.39%,941063,351105716.00,United States,2021,Computer Software: Programming Data Processing,Technology,/market-activity/stocks/zip
ZKH,ZKH Group Limited American Depositary Shares each representing thirty-five (35) Class A Ordinary Shares,$2.92,-0.01,-0.341%,34862,464044406.00,Cayman Islands,2023,RETAIL: Building Materials,Consumer Discretionary,/market-activity/stocks/zkh
ZTO,ZTO Express (Cayman) Inc. American Depositary Shares each representing one Class A ordinary share.,$20.96,-0.10,-0.475%,1733327,16137118525.00,China,2016,Trucking Freight/Courier Services,Industrials,/market-activity/stocks/zto
ZTR,Virtus Total Return Fund Inc.,$6.75,-0.02,-0.295%,89310,0.00,United States,1988,Investment Managers,Finance,/market-activity/stocks/ztr
ZTS,Zoetis Inc. Class A Common Stock,$76.17,-1.08,-1.398%,4475245,31475241764.00,United States,2013,Biotechnology: Pharmaceutical Preparations,Health Care,/market-activity/stocks/zts
ZVIA,Zevia PBC Class A Common Stock,$1.37,-0.01,-0.725%,169069,105963199.00,United States,2021,Beverages (Production/Distribution),Consumer Staples,/market-activity/stocks/zvia
ZWS,Zurn Elkay Water Solutions Corporation Common Stock,$46.90,0.26,0.557%,823334,7779026149.00,United States,2012,Industrial Machinery/Components,Industrials,/market-activity/stocks/zws
