Symbol,Name,Last Sale,Net Change,% Change,Volume,Market Cap,Country,IPO Year,Industry,Sector,url
AACG,ATA Creativity Global American Depositary Shares,$0.8789,-0.0316,-3.471%,5874,60173027.00,China,2008,Other Consumer Services,Real Estate,/market-activity/stocks/aacg
AACI,Armada Acquisition Corp. III Class A Ordinary Share,$10.0499,0.00,0.00%,83,0.00,United States,2026,Blank Checks,Finance,/market-activity/stocks/aaci
AACIW,Armada Acquisition Corp. III Warrant,$0.2884,0.0384,15.36%,100,0.00,United States,2026,Blank Checks,Finance,/market-activity/stocks/aaciw
AACO,Abony Acquisition Corp. I Class A Ordinary Share,$9.97,0.00,0.00%,71,0.00,United States,2026,,,/market-activity/stocks/aaco
AACP,Apogee Acquisition Corp Class A Ordinary Shares,$10.06,-0.01,-0.099%,188,0.00,United States,2026,Blank Checks,Finance,/market-activity/stocks/aacp
AACPR,Apogee Acquisition Corp Rights,$0.1881,0.00,0.00%,82,0.00,United States,2026,Blank Checks,Finance,/market-activity/stocks/aacpr
AACPW,Apogee Acquisition Corp Warrant,$0.1075,0.00,0.00%,8,0.00,United States,2026,Blank Checks,Finance,/market-activity/stocks/aacpw
AAL,American Airlines Group Inc. Common Stock,$13.11,0.16,1.236%,53011858,8678426058.00,United States,,Air Freight/Delivery Services,Consumer Discretionary,/market-activity/stocks/aal
AAME,Atlantic American Corporation Common Stock,$1.34,-0.015,-1.107%,27151,27332286.00,United States,,Life Insurance,Finance,/market-activity/stocks/aame
AAOI,Applied Optoelectronics Inc. Common Stock,$103.13,-0.26,-0.251%,4094023,8756385585.00,United States,2013,Semiconductors,Technology,/market-activity/stocks/aaoi
AAON,AAON Inc. Common Stock,$74.62,-0.73,-0.969%,996677,6152690542.00,United States,,Industrial Machinery/Components,Industrials,/market-activity/stocks/aaon
AAPG,Ascentage Pharma Group International American Depository Shares,$16.81,0.58,3.574%,2492,1568886512.00,China,2025,Biotechnology: Pharmaceutical Preparations,Health Care,/market-activity/stocks/aapg
AAPL,Apple Inc. Common Stock,$324.96,-0.17,-0.052%,33776603,4742524732800.00,United States,1980,Computer Manufacturing,Technology,/market-activity/stocks/aapl
AARD,Aardvark Therapeutics Inc. Common Stock,$5.95,0.03,0.507%,59416,130214834.00,United States,2025,Biotechnology: Pharmaceutical Preparations,Health Care,/market-activity/stocks/aard
ABAT,American Battery Technology Company Common Stock,$2.79,0.20,7.722%,3874419,380596201.00,United States,,Mining & Quarrying of Nonmetallic Minerals (No Fuels),Industrials,/market-activity/stocks/abat
ABCL,AbCellera Biologics Inc. Common Shares,$11.36,0.08,0.709%,3726525,3347400444.00,Canada,2020,Biotechnology: Pharmaceutical Preparations,Health Care,/market-activity/stocks/abcl
ABEO,Abeona Therapeutics Inc. Common Stock,$5.95,-0.03,-0.502%,1088638,340244901.00,United States,,Biotechnology: Pharmaceutical Preparations,Health Care,/market-activity/stocks/abeo
ABLV,Able View Global Inc. Class B Ordinary Shares,$1.099,0.059,5.673%,22949,54279524.00,China,,Other Consumer Services,Consumer Discretionary,/market-activity/stocks/ablv
ABLVW,Able View Global Inc. Warrant,$0.0153,0.00,0.00%,7,755666.00,China,,Other Consumer Services,Consumer Discretionary,/market-activity/stocks/ablvw
ABNB,Airbnb Inc. Class A Common Stock,$183.26,0.715,0.392%,3412346,109733464083.00,United States,2020,Diversified Commercial Services,Consumer Discretionary,/market-activity/stocks/abnb
ABOS,Acumen Pharmaceuticals Inc. Common Stock,$3.10,0.18,6.164%,247833,224183584.00,United States,2021,Biotechnology: Biological Products (No Diagnostic Substances),Health Care,/market-activity/stocks/abos
ABSI,Absci Corporation Common Stock,$8.80,-0.04,-0.452%,2951640,1510203288.00,United States,2021,Biotechnology: Commercial Physical & Biological Resarch,Health Care,/market-activity/stocks/absi
ABTC,American Bitcoin Corp. Class A Common Stock,$7.87,0.16,2.075%,852501,573091141.00,United States,2018,Finance: Consumer Services,Finance,/market-activity/stocks/abtc
ABTS,Abits Group Inc Ordinary Shares,$1.48,-0.01,-0.671%,31304,4757379.00,China,,Finance: Consumer Services,Finance,/market-activity/stocks/abts
ABUS,Arbutus Biopharma Corporation Common Stock,$5.10,0.01,0.196%,2975827,1009023959.00,Canada,,Biotechnology: Pharmaceutical Preparations,Health Care,/market-activity/stocks/abus
ABVC,ABVC BioPharma Inc. Common Stock,$0.8645,0.0391,4.737%,138166,23042699.00,United States,,Biotechnology: Pharmaceutical Preparations,Health Care,/market-activity/stocks/abvc
ABVX,Abivax SA American Depositary Shares,$111.08,-2.59,-2.279%,868307,9563380948.00,France,2023,Biotechnology: Pharmaceutical Preparations,Health Care,/market-activity/stocks/abvx
ACAA,Averin Capital Acquisition Corp. Class A Ordinary Shares,$9.96,-0.01,-0.10%,7297,0.00,United States,2026,Blank Checks,Finance,/market-activity/stocks/acaa
ACAD,ACADIA Pharmaceuticals Inc. Common Stock,$28.93,0.04,0.138%,1556042,4984798636.00,United States,1985,Biotechnology: Pharmaceutical Preparations,Health Care,/market-activity/stocks/acad
ACB,Aurora Cannabis Inc. Common Shares,$4.03,-0.02,-0.494%,1471188,249686404.00,Canada,, Medicinal Chemicals and Botanical Products ,Health Care,/market-activity/stocks/acb
ACCL,Acco Group Holdings Limited Class A Ordinary Shares,$2.74,-0.22,-7.432%,2300,38086000.00,Hong Kong,2025,Professional Services,Consumer Discretionary,/market-activity/stocks/accl
ACDC,ProFrac Holding Corp. Class A Common Stock,$5.05,0.06,1.202%,1534568,919719948.00,United States,2022,Oilfield Services/Equipment,Energy,/market-activity/stocks/acdc
ACET,Adicet Bio Inc. Common Stock,$9.26,0.00,0.00%,60974,86687397.00,United States,2018,Biotechnology: Pharmaceutical Preparations,Health Care,/market-activity/stocks/acet
ACFN,Acorn Energy Inc. Common Stock,$19.53,0.36,1.878%,110885,49012840.00,United States,,Military/Government/Technical,Consumer Discretionary,/market-activity/stocks/acfn
ACGC,ACP Holdings Acquisition Corp. Class A Ordinary Shares,$10.0046,0.00,0.00%,68,0.00,United States,2026,Blank Checks,Finance,/market-activity/stocks/acgc
ACGL,Arch Capital Group Ltd. Common Stock,$98.21,-0.40,-0.406%,3983571,33512112464.00,Bermuda,,Property-Casualty Insurers,Finance,/market-activity/stocks/acgl
ACGLN,Arch Capital Group Ltd. Depositary Shares each Representing a 1/1000th Interest in a 4.550% Non-Cumulative Preferred Share Series G,$15.66,-0.03,-0.191%,87448,5343648113.00,Bermuda,,Property-Casualty Insurers,Finance,/market-activity/stocks/acgln
ACGLO,Arch Capital Group Ltd. Depositary Shares Each Representing 1/1000th Interest in a Share of 5.45% Non-Cumulative Preferred Shares Series F,$18.925,0.025,0.132%,39164,6457761210.00,Bermuda,,Property-Casualty Insurers,Finance,/market-activity/stocks/acglo
ACHC,Acadia Healthcare Company Inc. Common Stock,$27.75,-0.50,-1.77%,1138454,2583532631.00,United States,,Medical Specialities,Health Care,/market-activity/stocks/achc
ACHV,Achieve Life Sciences Inc. Common Shares,$8.48,0.23,2.788%,1044406,872613115.00,United States,,Biotechnology: In Vitro & In Vivo Diagnostic Substances,Health Care,/market-activity/stocks/achv
ACIC,American Coastal Insurance Corporation Common Stock,$9.40,0.04,0.427%,210900,444355183.00,United States,,Property-Casualty Insurers,Finance,/market-activity/stocks/acic
ACIU,AC Immune SA Common Stock,$2.84,0.16,5.97%,257186,289036947.00,Switzerland,2016,Biotechnology: Pharmaceutical Preparations,Health Care,/market-activity/stocks/aciu
ACIW,ACI Worldwide Inc. Common Stock,$52.46,1.23,2.401%,602322,5296111943.00,United States,,Computer Software: Prepackaged Software,Technology,/market-activity/stocks/aciw
ACLS,Axcelis Technologies Inc. Common Stock,$110.77,0.68,0.618%,443322,3420742537.00,United States,2000,Industrial Machinery/Components,Technology,/market-activity/stocks/acls
ACMR,ACM Research Inc. Class A Common Stock,$69.90,-0.14,-0.20%,785033,4868478800.00,United States,2017,Industrial Machinery/Components,Technology,/market-activity/stocks/acmr
ACNB,ACNB Corporation Common Stock,$65.20,1.22,1.907%,112894,663079436.00,United States,,Major Banks,Finance,/market-activity/stocks/acnb
ACNT,Ascent Industries Co. Common Stock,$15.31,0.21,1.391%,30484,137934725.00,United States,,Major Chemicals,Industrials,/market-activity/stocks/acnt
ACOG,Alpha Cognition Inc. Common Stock,$9.315,0.145,1.581%,55613,202825779.00,Canada,,,,/market-activity/stocks/acog
ACON,Aclarion Inc. Common Stock,$2.31,-0.02,-0.858%,63716,6658277.00,United States,2022,Medical Specialities,Health Care,/market-activity/stocks/acon
ACONW,Aclarion Inc. Warrant,$0.04,0.0092,29.87%,4092,115295.00,United States,2022,Medical Specialities,Health Care,/market-activity/stocks/aconw
ACRS,Aclaris Therapeutics Inc. Common Stock,$6.18,0.16,2.658%,1550437,909689159.00,United States,2015,Biotechnology: Pharmaceutical Preparations,Health Care,/market-activity/stocks/acrs
ACRV,Acrivon Therapeutics Inc. Common Stock,$2.15,0.08,3.865%,131327,92134728.00,United States,2022,Biotechnology: Pharmaceutical Preparations,Health Care,/market-activity/stocks/acrv
ACT,Enact Holdings Inc. Common Stock,$48.72,0.29,0.599%,379585,6698204451.00,United States,2021,Specialty Insurers,Finance,/market-activity/stocks/act
ACTG,Acacia Research Corporation (Acacia Tech) Common Stock,$4.63,0.11,2.434%,192378,451826907.00,United States,,Multi-Sector Companies,Miscellaneous,/market-activity/stocks/actg
ACTU,Actuate Therapeutics Inc. Common stock,$1.30,-0.24,-15.584%,335559,31218463.00,United States,2024,Biotechnology: Pharmaceutical Preparations,Health Care,/market-activity/stocks/actu
ACXP,Acurx Pharmaceuticals Inc. Common Stock,$1.43,0.03,2.143%,82537,7535987.00,United States,2021,Biotechnology: Pharmaceutical Preparations,Health Care,/market-activity/stocks/acxp
ADAC,American Drive Acquisition Company Class A Ordinary Shares,$10.09,0.00,0.00%,87,0.00,United States,2026,,,/market-activity/stocks/adac
ADAG,Adagene Inc. American Depositary Shares,$3.69,0.05,1.374%,102675,243730382.00,China,2021,Biotechnology: Pharmaceutical Preparations,Health Care,/market-activity/stocks/adag
ADAM,Adamas Trust Inc. Common Stock,$9.61,0.00,0.00%,580794,863744743.00,United States,,Real Estate Investment Trusts,Real Estate,/market-activity/stocks/adam
ADAMG,Adamas Trust Inc. 9.125% Senior Notes Due 2030,$25.3499,0.0799,0.316%,2498,0.00,United States,,Real Estate Investment Trusts,Real Estate,/market-activity/stocks/adamg
ADAMH,Adamas Trust Inc. 9.875% Senior Notes Due 2030,$25.64,0.09,0.352%,9192,0.00,United States,,Real Estate Investment Trusts,Real Estate,/market-activity/stocks/adamh
ADAMI,Adamas Trust Inc. 9.125% Senior Notes Due 2029,$25.36,0.01,0.039%,993,2297094827.00,United States,,Real Estate Investment Trusts,Real Estate,/market-activity/stocks/adami
ADAMK,Adamas Trust Inc. 9.600% Senior Notes Due 2031 ,$25.20,0.04,0.159%,39848,0.00,United States,,Real Estate Investment Trusts,Real Estate,/market-activity/stocks/adamk
ADAML,Adamas Trust Inc. 6.875% Series F Fixed-to-Floating Rate Cumulative Redeemable Preferred Stock $0.01 par value per share,$24.945,0.045,0.181%,21875,2242051262.00,United States,,Real Estate Investment Trusts,Real Estate,/market-activity/stocks/adaml
ADAMM,Adamas Trust Inc. 7.875% Series E Fixed-to-Floating Rate Cumulative Redeemable Preferred Stock,$25.66,-0.01,-0.039%,15126,2306315309.00,United States,,Real Estate Investment Trusts,Real Estate,/market-activity/stocks/adamm
ADAMN,Adamas Trust Inc. 8.00% Series D Fixed-to-Floating Rate Cumulative Redeemable Preferred Stock,$25.05,0.035,0.14%,7259,2251488639.00,United States,,Real Estate Investment Trusts,Real Estate,/market-activity/stocks/adamn
ADAMO,Adamas Trust Inc. 9.250% Senior Notes Due 2031,$25.26,0.0249,0.099%,611,0.00,United States,,Real Estate Investment Trusts,Real Estate,/market-activity/stocks/adamo
ADAMZ,Adamas Trust Inc. 7.000% Series G Cumulative Redeemable Preferred Stock $0.01 par value per share,$17.99,-0.01,-0.056%,10461,1616937350.00,United States,,Real Estate Investment Trusts,Real Estate,/market-activity/stocks/adamz
ADBE,Adobe Inc. Common Stock,$279.79,-6.29,-2.199%,3857221,111216525000.00,United States,1986,Computer Software: Prepackaged Software,Technology,/market-activity/stocks/adbe
ADBT,Advasa Holdings Inc. Common Stock,$1.72,-1.96,-53.261%,3566873,837753007.00,Japan,,Computer Software: Prepackaged Software,Technology,/market-activity/stocks/adbt
ADEA,Adeia Inc. Common Stock,$24.98,0.61,2.503%,681302,2754798147.00,United States,2003,Cable & Other Pay Television Services,Telecommunications,/market-activity/stocks/adea
ADGM,Adagio Medical Holdings Inc Common Stock,$0.5299,0.0175,3.415%,233168,11769322.00,United States,,Medical/Dental Instruments,Health Care,/market-activity/stocks/adgm
ADI,Analog Devices Inc. Common Stock,$355.71,1.19,0.336%,3338916,172364781555.00,United States,,Semiconductors,Technology,/market-activity/stocks/adi
ADIL,Adial Pharmaceuticals Inc Common Stock,$6.32,0.37,6.218%,53803,16595625.00,United States,2018,Biotechnology: Pharmaceutical Preparations,Health Care,/market-activity/stocks/adil
ADMA,ADMA Biologics Inc Common Stock,$9.51,0.18,1.929%,1989680,2130094307.00,United States,,Biotechnology: Biological Products (No Diagnostic Substances),Health Care,/market-activity/stocks/adma
ADP,Automatic Data Processing Inc. Common Stock,$281.16,-2.33,-0.822%,1829173,111694391135.00,United States,,EDP Services,Technology,/market-activity/stocks/adp
ADPT,Adaptive Biotechnologies Corporation Common Stock,$24.66,0.32,1.315%,1623205,3935633464.00,United States,2019,Biotechnology: Biological Products (No Diagnostic Substances),Health Care,/market-activity/stocks/adpt
ADSE,ADS-TEC ENERGY PLC Ordinary Shares,$11.60,0.00,0.00%,18065,871504868.00,Ireland,,Industrial Specialties,Consumer Discretionary,/market-activity/stocks/adse
ADSEW,ADS-TEC ENERGY PLC Warrant,$0.54,0.0065,1.218%,216,40570054.00,Ireland,,Industrial Specialties,Consumer Discretionary,/market-activity/stocks/adsew
ADSK,Autodesk Inc. Common Stock,$241.73,-5.96,-2.406%,1530159,50521570000.00,United States,,Computer Software: Prepackaged Software,Technology,/market-activity/stocks/adsk
ADTN,ADTRAN Holdings Inc. Common Stock,$7.52,0.05,0.669%,1180569,612740181.00,United States,1994,Telecommunications Equipment,Utilities,/market-activity/stocks/adtn
ADUR,Aduro Clean Technologies Inc. Common Stock,$13.80,0.46,3.448%,342989,492725522.00,Canada,,Major Chemicals,Industrials,/market-activity/stocks/adur
ADUS,Addus HomeCare Corporation Common Stock,$118.17,3.62,3.16%,292101,2206742031.00,United States,2009,Medical/Nursing Services,Health Care,/market-activity/stocks/adus
ADV,Advantage Solutions Inc. Class A Common Stock,$31.92,-0.71,-2.176%,49530,409285582.00,United States,2019,Business Services,Consumer Discretionary,/market-activity/stocks/adv
ADVB,Advanced Biomed Inc. Common Stock,$9.77,-0.67,-6.418%,86479,16141339.00,Taiwan,2025,Medical Specialities,Health Care,/market-activity/stocks/advb
ADXN,Addex Therapeutics Ltd American Depositary Shares,$3.52,-0.13,-3.562%,23428,5997070.00,Switzerland,,Biotechnology: Pharmaceutical Preparations,Health Care,/market-activity/stocks/adxn
AEAQ,Activate Energy Acquisition Corp. Class A Ordinary Share,$10.10,0.00,0.00%,88,0.00,Cayman Islands,2026,,,/market-activity/stocks/aeaq
AEAQU,Activate Energy Acquisition Corp. Unit,$10.19,0.00,0.00%,1,0.00,Cayman Islands,2025,,,/market-activity/stocks/aeaqu
AEAQW,Activate Energy Acquisition Corp. Warrant,$0.30,0.0104,3.591%,26113,0.00,Cayman Islands,2026,,,/market-activity/stocks/aeaqw
AEBI,Aebi Schmidt Holding AG Common Stock ,$12.80,0.75,6.224%,491997,993272115.00,Switzerland,,Auto Manufacturing,Industrials,/market-activity/stocks/aebi
AEC,Anfield Energy Inc. Common Shares,$4.32,0.1296,3.093%,28196,86183896.00,Canada,,Metal Mining,Basic Materials,/market-activity/stocks/aec
AEHL,Antelope Enterprise Holdings Limited Class A Ordinary Shares,$5.43,0.43,8.60%,399114,7976208.00,China,,Telecommunications Equipment,Consumer Discretionary,/market-activity/stocks/aehl
AEHR,Aehr Test Systems Common Stock,$80.24,3.65,4.766%,3815711,2617464908.00,United States,1997,Electrical Products,Industrials,/market-activity/stocks/aehr
AEI,Alset Inc. Common Stock (TX),$1.35,-0.05,-3.571%,10348,52509371.00,United States,2020,Real Estate,Finance,/market-activity/stocks/aei
AEIS,Advanced Energy Industries Inc. Common Stock,$268.19,1.19,0.446%,422451,10741128040.00,United States,1995,Industrial Machinery/Components,Technology,/market-activity/stocks/aeis
AEMD,Aethlon Medical Inc. Common Stock,$1.82,-0.02,-1.087%,234508,2919453.00,United States,,Medical/Dental Instruments,Health Care,/market-activity/stocks/aemd
AENT,Alliance Entertainment Holding Corporation Class A Common Stock,$5.00,-0.0255,-0.507%,13554,254898150.00,United States,,Durable Goods,Consumer Discretionary,/market-activity/stocks/aent
AEP,American Electric Power Company Inc. Common Stock,$123.57,0.61,0.496%,2835416,67271180787.00,United States,,Electric Utilities: Central,Utilities,/market-activity/stocks/aep
AERT,Aeries Technology Inc. Class A Ordinary Share,$7.23,-0.05,-0.687%,9481,37941970.00,United States,2021,Professional Services,Consumer Discretionary,/market-activity/stocks/aert
AESP,Aeon Acquisition I Corp. Class A Ordinary Shares,$9.97,-0.001,-0.01%,113158,0.00,United States,2026,Blank Checks,Finance,/market-activity/stocks/aesp
AESPR,Aeon Acquisition I Corp. Rights,$0.1992,-0.0049,-2.401%,11700,0.00,United States,2026,Blank Checks,Finance,/market-activity/stocks/aespr
AESPU,Aeon Acquisition I Corp. Units,$10.19,0.00,0.00%,1460,0.00,United States,2026,,,/market-activity/stocks/aespu
AESPW,Aeon Acquisition I Corp. Warrants,$0.0697,0.0097,16.167%,213,0.00,United States,2026,Blank Checks,Finance,/market-activity/stocks/aespw
AEVA,Aeva Technologies Inc. Common Stock,$15.17,0.39,2.639%,1319495,1057436349.00,United States,,Auto Parts:O.E.M.,Consumer Discretionary,/market-activity/stocks/aeva
AEYE,AudioEye Inc. Common Stock,$7.20,0.19,2.71%,121423,90501653.00,United States,,Computer Software: Prepackaged Software,Technology,/market-activity/stocks/aeye
AFCG,Advanced Flower Capital Inc. Common Stock,$3.57,0.08,2.292%,65828,80938751.00,United States,2021,Real Estate,Finance,/market-activity/stocks/afcg
AFJK,Aimei Health Technology Co. Ltd Ordinary Share,$12.21,0.20,1.665%,3786,0.00,United States,2024,,,/market-activity/stocks/afjk
AFRI,Forafric Global PLC Ordinary Shares,$11.10,-0.20,-1.77%,40702,299298347.00,Gibraltar,,Packaged Foods,Consumer Staples,/market-activity/stocks/afri
AFRM,Affirm Holdings Inc. Class A Common Stock,$74.09,4.15,5.934%,5924066,24999540857.00,United States,2021,Finance: Consumer Services,Finance,/market-activity/stocks/afrm
AFYA,Afya Limited Class A Common Shares,$14.91,0.33,2.263%,95766,1397407410.00,Brazil,2019,Other Consumer Services,Real Estate,/market-activity/stocks/afya
AGCC,Agencia Comercial Spirits Ltd Class A Ordinary Shares,$14.71,0.195,1.343%,4379,548484415.00,Taiwan,2025,Beverages (Production/Distribution),Consumer Staples,/market-activity/stocks/agcc
AGEN,Agenus Inc. Common Stock,$8.09,0.10,1.252%,664096,364215093.00,United States,2000,Biotechnology: Biological Products (No Diagnostic Substances),Health Care,/market-activity/stocks/agen
AGIO,Agios Pharmaceuticals Inc. Common Stock,$34.13,-0.08,-0.234%,771715,2037625233.00,United States,2013,Biotechnology: Pharmaceutical Preparations,Health Care,/market-activity/stocks/agio
AGMB,AgomAb Therapeutics NV American Depositary Shares,$13.66,0.12,0.886%,158860,672727339.00,Belgium,2026,Biotechnology: Biological Products (No Diagnostic Substances),Health Care,/market-activity/stocks/agmb
AGMH,AGM Group Holdings Inc. Class A Ordinary Shares,$0.9144,0.0144,1.60%,15293,4385805.00,Hong Kong,2018,EDP Services,Technology,/market-activity/stocks/agmh
AGNC,AGNC Investment Corp. Common Stock,$10.62,0.02,0.189%,18853875,12589812967.00,United States,2008,Real Estate Investment Trusts,Real Estate,/market-activity/stocks/agnc
AGNCL,AGNC Investment Corp. Depositary Shares Each Representing a 1/1000th Interest in a Share of 7.75% Series G Fixed-Rate Reset Cumulative Redeemable Preferred Stock,$25.2667,-0.0011,-0.004%,4350,29953204077.00,United States,,Real Estate Investment Trusts,Real Estate,/market-activity/stocks/agncl
AGNCM,AGNC Investment Corp. Depositary Shares rep 6.875% Series D Fixed-to-Floating Cumulative Redeemable Preferred Stock,$25.24,0.05,0.198%,21427,29921551722.00,United States,,Real Estate Investment Trusts,Real Estate,/market-activity/stocks/agncm
AGNCN,AGNC Investment Corp. Depositary Shares Each Representing a 1/1000th Interest in a Share of 7.00% Series C Fixed-To-Floating Rate Cumulative Redeemable Preferred Stock,$25.92,0.02,0.077%,2731,30727679106.00,United States,,Real Estate Investment Trusts,Real Estate,/market-activity/stocks/agncn
AGNCO,AGNC Investment Corp. Depositary Shares each representing a 1/1000th interest in a share of 6.50% Series E Fixed-to-Floating Cumulative Redeemable Preferred Stock,$25.70,0.04,0.156%,7659,30466873188.00,United States,,Real Estate Investment Trusts,Real Estate,/market-activity/stocks/agnco
AGNCP,AGNC Investment Corp. Depositary Shares Each Representing a 1/1000th Interest in a Share of 6.125% Series F Fixed-to-Floating Rate Cumulative Redeemable Preferred Stock,$25.475,-0.005,-0.02%,30955,30200139862.00,United States,,Real Estate Investment Trusts,Real Estate,/market-activity/stocks/agncp
AGNCZ,AGNC Investment Corp. Depositary Shares Each Representing a 1/1000th Interest in a Share of 8.75% Series H Fixed-Rate Cumulative Redeemable Preferred Stock,$25.53,0.00,0.00%,16800,30265341342.00,United States,,Real Estate Investment Trusts,Real Estate,/market-activity/stocks/agncz
AGNT,AGNT Inc. Common Stock,$3.99,0.07,1.786%,1500782,666800569.00,United States,,Real Estate,Finance,/market-activity/stocks/agnt
AGPU,Axe Compute Inc. Common Stock,$9.79,0.34,3.598%,142066,113477104.00,United States,,Industrial Specialties,Health Care,/market-activity/stocks/agpu
AGRZ,Agroz Inc. Class A Ordinary Shares,$0.2207,0.0153,7.449%,1273382,4507463.00,Malaysia,2025,Farming/Seeds/Milling,Consumer Staples,/market-activity/stocks/agrz
AGYS,Agilysys Inc. Common Stock (DE),$113.51,1.02,0.907%,239481,3201638996.00,United States,,EDP Services,Technology,/market-activity/stocks/agys
AHCO,AdaptHealth Corp. Common Stock,$6.04,0.53,9.619%,3666607,823518944.00,United States,2018,Medical/Nursing Services,Health Care,/market-activity/stocks/ahco
AHG,Akso Health Group ADS,$0.85,-0.05,-5.556%,12450,728198550.00,China,2017,Business Services,Consumer Discretionary,/market-activity/stocks/ahg
AHMA,Ambitions Enterprise Management Co. L.L.C Class A Ordinary Shares,$1.37,0.00,0.00%,18786,40723250.00,United Arab Emirates,2025,Services-Misc. Amusement & Recreation,Consumer Discretionary,/market-activity/stocks/ahma
AIAI,AIAI Holdings Corporation Class A Common Stock,$3.70,0.22,6.322%,354575,261452216.00,United States,,EDP Services,Technology,/market-activity/stocks/aiai
AIBZ,Bitzero Holdings Inc. Common Shares,$4.50,-0.50,-10.00%,489255,253717425.00,Canada,,Services-Misc. Amusement & Recreation,Consumer Discretionary,/market-activity/stocks/aibz
AIDX,20/20 Biolabs Inc. Common Stock,$0.6304,0.0148,2.404%,122498,8050399.00,United States,,Precision Instruments,Health Care,/market-activity/stocks/aidx
AIFA,All In FutureTech Alliance Inc. Common Stock,$2.93,-0.03,-1.014%,30823,18811526.00,United States,2017,Services-Misc. Amusement & Recreation,Consumer Discretionary,/market-activity/stocks/aifa
AIFC,AI Financial Corporation Common Stock,$0.5261,-0.0154,-2.844%,536994,73567988.00,United States,,Investment Bankers/Brokers/Service,Finance,/market-activity/stocks/aifc
AIFF,Firefly Neuroscience Inc. Common Stock,$1.08,0.01,0.935%,78598,16945541.00,United States,,Computer Software: Prepackaged Software,Technology,/market-activity/stocks/aiff
AIFU,AIFU Inc. Class A Ordinary Share,$21.70,-0.37,-1.676%,23654,134012820.00,China,2007,Specialty Insurers,Finance,/market-activity/stocks/aifu
AIIO,Robo.ai Inc. Class B Ordinary Shares,$1.70,-0.35,-17.073%,1874146,287410910.00,United Arab Emirates,,Auto Manufacturing,Industrials,/market-activity/stocks/aiio
AIIOW,Robo.ai Inc. Warrant,$0.0265,0.0028,11.814%,14938,4480229.00,United Arab Emirates,,Auto Manufacturing,Industrials,/market-activity/stocks/aiiow
AIIR,Air Global PLC Ordinary Shares,$7.40,-0.07,-0.937%,7683,1186860855.00,United Arab Emirates,,Tobacco,Consumer Discretionary,/market-activity/stocks/aiir
AIMD,Ainos Inc. Common Stock,$1.58,0.19,13.669%,89482,13499635.00,United States,,Computer peripheral equipment,Technology,/market-activity/stocks/aimd
AIMDW,Ainos Inc. Warrants,$0.074,-0.0092,-11.058%,2064,632261.00,United States,,Computer peripheral equipment,Technology,/market-activity/stocks/aimdw
AIOS,AIOS Tech Inc. Class A Common Shares,$12.83,0.01,0.078%,36107,41687942.00,China,2016,Metal Fabrications,Industrials,/market-activity/stocks/aios
AIOT,PowerFleet Inc. Common Stock,$3.00,0.07,2.389%,897083,402677754.00,United States,,Telecommunications Equipment,Telecommunications,/market-activity/stocks/aiot
AIP,Arteris Inc. Common Stock,$20.84,0.10,0.482%,1039512,1024329806.00,United States,2021,Semiconductors,Technology,/market-activity/stocks/aip
AIRE,reAlpha Tech Corp. Common Stock,$1.52,0.00,0.00%,23115,8944098.00,United States,,Real Estate,Finance,/market-activity/stocks/aire
AIRG,Airgain Inc. Common Stock,$5.02,0.00,0.00%,25881,65763175.00,United States,2016,Radio And Television Broadcasting And Communications Equipment,Technology,/market-activity/stocks/airg
AIRJ,AirJoule Technologies Corporation Class A Common Stock,$4.43,0.07,1.606%,825254,324928955.00,United States,2022,Industrial Machinery/Components,Industrials,/market-activity/stocks/airj
AIRJW,AirJoule Technologies Corporation Warrant,$1.17,0.04,3.54%,10154,85816451.00,United States,2022,Industrial Machinery/Components,Industrials,/market-activity/stocks/airjw
AIRO,AIRO Group Holdings Inc. Common Stock,$6.88,-0.42,-5.753%,486300,217104709.00,United States,2025,Aerospace,Industrials,/market-activity/stocks/airo
AIRS,AirSculpt Technologies Inc. Common Stock,$2.46,0.035,1.443%,657854,177354214.00,United States,2021,Medical/Nursing Services,Health Care,/market-activity/stocks/airs
AIRT,Air T Inc. Common Stock,$32.56,0.58,1.814%,55153,87317715.00,United States,,Air Freight/Delivery Services,Consumer Discretionary,/market-activity/stocks/airt
AIRTP,Air T Inc. Air T Funding Alpha Income Trust Preferred Securities,$18.74,-0.05,-0.266%,2533,50255958.00,United States,,Air Freight/Delivery Services,Consumer Discretionary,/market-activity/stocks/airtp
AISP,Airship AI Holdings Inc. Class A Common Stock,$2.13,0.08,3.902%,228961,73356267.00,United States,2021,Computer Software: Prepackaged Software,Technology,/market-activity/stocks/aisp
AISPW,Airship AI Holdings Inc. Warrants,$0.51,0.05,10.87%,14196,17564177.00,United States,2021,Computer Software: Prepackaged Software,Technology,/market-activity/stocks/aispw
AIXC,AIxCrypto Holdings Inc. Common Stock,$0.771,-0.009,-1.154%,89867,15601180.00,United States,2015,Finance: Consumer Services,Finance,/market-activity/stocks/aixc
AIXI,XIAO-I Corporation American Depositary Shares,$0.4711,-0.0119,-2.464%,1036136,1289526.00,China,2023,Computer Software: Prepackaged Software,Technology,/market-activity/stocks/aixi
AKAM,Akamai Technologies Inc. Common Stock,$105.09,-1.37,-1.287%,2172429,15103178440.00,United States,1999,Business Services,Consumer Discretionary,/market-activity/stocks/akam
AKAN,Akanda Corp. Common Shares,$3.74,0.04,1.081%,87507,2022745.00,United Kingdom,2022, Medicinal Chemicals and Botanical Products ,Health Care,/market-activity/stocks/akan
AKBA,Akebia Therapeutics Inc. Common Stock,$0.9803,0.0356,3.768%,12862385,271647252.00,United States,2014,Biotechnology: Pharmaceutical Preparations,Health Care,/market-activity/stocks/akba
AKTS,Aktis Oncology Inc. Common stock,$26.92,0.93,3.578%,253460,1497276913.00,United States,2026,Biotechnology: Pharmaceutical Preparations,Health Care,/market-activity/stocks/akts
AKTX,Akari Therapeutics plc ADS,$10.15,-0.22,-2.122%,46501,19761867.00,United Kingdom,,Biotechnology: Pharmaceutical Preparations,Health Care,/market-activity/stocks/aktx
ALAB,Astera Labs Inc. Common Stock,$274.13,-5.78,-2.065%,2853095,47557471560.00,United States,2024,Semiconductors,Technology,/market-activity/stocks/alab
ALAR,Alarum Technologies Ltd. American Depositary Share,$1.18,-0.35,-22.876%,325666,8555556.00,Israel,2018,Computer Software: Prepackaged Software,Technology,/market-activity/stocks/alar
ALCO,Alico Inc. Common Stock,$40.26,0.30,0.751%,21835,298671266.00,United States,,Farming/Seeds/Milling,Consumer Staples,/market-activity/stocks/alco
ALDF,Aldel Financial II Inc. Class A Ordinary Shares,$10.805,0.005,0.046%,376072,0.00,United States,2024,,,/market-activity/stocks/aldf
ALDX,Aldeyra Therapeutics Inc. Common Stock,$1.49,0.00,0.00%,498463,89886367.00,United States,2014,Biotechnology: Pharmaceutical Preparations,Health Care,/market-activity/stocks/aldx
ALEC,Alector Inc. Common Stock,$2.72,0.32,13.333%,1672797,303706820.00,United States,2019,Biotechnology: Biological Products (No Diagnostic Substances),Health Care,/market-activity/stocks/alec
ALF,Centurion Acquisition Corp. Class A Ordinary Shares,$10.89,0.00,0.00%,148,0.00,United States,2024,,,/market-activity/stocks/alf
ALFUU,Centurion Acquisition Corp. Unit,$10.91,0.00,0.00%,1,0.00,United States,2024,Blank Checks,Finance,/market-activity/stocks/alfuu
ALGM,Allegro MicroSystems Inc. Common Stock,$35.47,0.00,0.00%,1607551,6611680572.00,United States,2020,Semiconductors,Technology,/market-activity/stocks/algm
ALGN,Align Technology Inc. Common Stock,$159.15,4.19,2.704%,687218,11305992446.00,United States,2001,Industrial Specialties,Health Care,/market-activity/stocks/algn
ALGS,Aligos Therapeutics Inc. Common Stock,$6.21,0.12,1.97%,55418,38778705.00,United States,2020,Biotechnology: Biological Products (No Diagnostic Substances),Health Care,/market-activity/stocks/algs
ALGT,Allegiant Travel Company Common Stock,$74.78,2.37,3.273%,470849,2044317319.00,United States,2006,Air Freight/Delivery Services,Consumer Discretionary,/market-activity/stocks/algt
ALHC,Alignment Healthcare Inc. Common Stock,$13.59,0.00,0.00%,3631074,2819043675.00,United States,2021,Medical Specialities,Health Care,/market-activity/stocks/alhc
ALIS,Calisa Acquisition Corp Ordinary shares,$10.25,0.05,0.49%,188427,0.00,United States,2025,,,/market-activity/stocks/alis
ALISR,Calisa Acquisition Corp Right,$0.65,0.00,0.00%,2,0.00,United States,2025,Blank Checks,Finance,/market-activity/stocks/alisr
ALISU,Calisa Acquisition Corp Units,$10.79,0.00,0.00%,10,0.00,United States,2025,,,/market-activity/stocks/alisu
ALKS,Alkermes plc Ordinary Shares,$47.72,0.52,1.102%,1566454,8005663340.00,Ireland,1991,Biotechnology: Pharmaceutical Preparations,Health Care,/market-activity/stocks/alks
ALKT,Alkami Technology Inc. Common Stock,$19.88,0.44,2.263%,1029369,2126006562.00,United States,2021,Computer Software: Prepackaged Software,Technology,/market-activity/stocks/alkt
ALLO,Allogene Therapeutics Inc. Common Stock,$1.98,-0.005,-0.252%,5393776,684071944.00,United States,2018,Biotechnology: Biological Products (No Diagnostic Substances),Health Care,/market-activity/stocks/allo
ALLR,Allarity Therapeutics Inc. Common Stock,$1.41,-0.01,-0.704%,124376,22434121.00,United States,,Biotechnology: Pharmaceutical Preparations,Health Care,/market-activity/stocks/allr
ALLT,Allot Ltd. Ordinary Shares,$7.46,-0.10,-1.323%,177890,364966319.00,Israel,2006,Computer Communications Equipment,Telecommunications,/market-activity/stocks/allt
ALM,Almonty Industries Inc. Common Shares,$17.69,0.055,0.312%,9800928,5103224468.00,Canada,,Other Metals and Minerals,Basic Materials,/market-activity/stocks/alm
ALMR,Alamar Biosciences Inc. Common Stock,$30.49,1.13,3.849%,241157,2115785435.00,United States,2026,Biotechnology: Laboratory Analytical Instruments,Industrials,/market-activity/stocks/almr
ALMS,Alumis Inc. Common Stock,$10.35,0.88,9.293%,10383203,1339654724.00,United States,2024,Biotechnology: Pharmaceutical Preparations,Health Care,/market-activity/stocks/alms
ALMU,Aeluma Inc. Common Stock,$12.85,0.39,3.13%,369415,235223555.00,United States,,Semiconductors,Technology,/market-activity/stocks/almu
ALNT,Allient Inc. Common Stock,$88.69,2.24,2.591%,201892,1507952701.00,United States,,Electrical Products,Industrials,/market-activity/stocks/alnt
ALNY,Alnylam Pharmaceuticals Inc. Common Stock,$267.40,21.29,8.651%,3286333,35780558153.00,United States,2004,Biotechnology: Pharmaceutical Preparations,Health Care,/market-activity/stocks/alny
ALOV,Aldabra 4 Liquidity Opportunity Vehicle Inc. Class A Ordinary Shares,$9.99,-0.005,-0.05%,75408,0.00,United States,2026,,,/market-activity/stocks/alov
ALOY,REalloys Inc. Common Stock,$10.21,0.23,2.305%,1778852,704363825.00,United States,,Metal Mining,Basic Materials,/market-activity/stocks/aloy
ALP,Alpha Compute Corp Common Stock,$0.179,0.0045,2.579%,2215774,13871138.00,Canada,,Finance: Consumer Services,Finance,/market-activity/stocks/alp
ALPS,ALPS Group Inc Ordinary Share,$0.38,-0.0095,-2.439%,66837,63232119.00,Malaysia,,Medical/Nursing Services,Health Care,/market-activity/stocks/alps
ALPX,Alpex Acquisition Corporation Class A Ordinary Shares,$9.95,0.01,0.101%,714,0.00,United States,2026,Blank Checks,Finance,/market-activity/stocks/alpx
ALPXU,Alpex Acquisition Corporation Unit,$10.165,0.00,0.00%,3,0.00,United States,2026,Blank Checks,Finance,/market-activity/stocks/alpxu
ALRM,Alarm.com Holdings Inc. Common Stock,$56.55,0.94,1.69%,361511,2776052393.00,United States,2015,Computer Software: Prepackaged Software,Technology,/market-activity/stocks/alrm
ALRS,Alerus Financial Corporation Common Stock,$33.31,0.70,2.147%,152404,829526858.00,United States,2019,Major Banks,Finance,/market-activity/stocks/alrs
ALT,Altimmune Inc. Common Stock,$3.28,0.19,6.149%,7472213,638018059.00,United States,,Biotechnology: Pharmaceutical Preparations,Health Care,/market-activity/stocks/alt
ALTI,AlTi Global Inc. Class A Common Stock,$3.89,0.06,1.567%,79334,606619950.00,United States,2021,Investment Managers,Finance,/market-activity/stocks/alti
ALTO,Alto Ingredients Inc. Common Stock,$4.11,0.09,2.239%,2087328,318802688.00,United States,,Major Chemicals,Industrials,/market-activity/stocks/alto
ALVO,Alvotech Ordinary Shares,$5.34,0.10,1.908%,700309,2084904103.00,Luxembourg,,Biotechnology: Biological Products (No Diagnostic Substances),Health Care,/market-activity/stocks/alvo
ALXO,ALX Oncology Holdings Inc. Common Stock,$2.08,0.10,5.051%,855116,287616154.00,United States,2020,Biotechnology: Pharmaceutical Preparations,Health Care,/market-activity/stocks/alxo
ALZN,Alzamend Neuro Inc. Common Stock,$1.70,0.0632,3.861%,101102,8203729.00,United States,2021,Biotechnology: Pharmaceutical Preparations,Health Care,/market-activity/stocks/alzn
AMACU,AMR Resources Acquisition Corp Units,$9.96,0.01,0.101%,100000,0.00,Cayman Islands,2026,,,/market-activity/stocks/amacu
AMAL,Amalgamated Financial Corp. Common Stock (DE),$48.14,0.80,1.69%,193143,1439393077.00,United States,2018,Major Banks,Finance,/market-activity/stocks/amal
AMAN,Amanat Acquisition Corp Class A Ordinary Shares,$10.65,-0.02,-0.187%,5304,0.00,United States,2026,Blank Checks,Finance,/market-activity/stocks/aman
AMAT,Applied Materials Inc. Common Stock,$438.46,-3.39,-0.767%,6523078,347960734858.00,United States,1972,Semiconductors,Technology,/market-activity/stocks/amat
AMBA,Ambarella Inc. Ordinary Shares,$67.14,-0.69,-1.017%,1303151,2945309941.00,United States,2012,Semiconductors,Technology,/market-activity/stocks/amba
AMBR,Amber International Holding Limited American Depositary Shares,$1.02,0.1399,15.896%,4831951,96160756.00,Hong Kong,2017,Finance: Consumer Services,Finance,/market-activity/stocks/ambr
AMCI,AMC Robotics Corporation Common Stock,$3.87,-0.07,-1.777%,50214,89808857.00,United States,2023,Home Furnishings,Consumer Discretionary,/market-activity/stocks/amci
AMCX,AMC Global Media Inc. Class A Common Stock,$12.65,0.29,2.346%,574727,521812133.00,United States,,Cable & Other Pay Television Services,Telecommunications,/market-activity/stocks/amcx
AMD,Advanced Micro Devices Inc. Common Stock,$457.06,-2.55,-0.555%,11939250,746139042697.00,United States,,Semiconductors,Technology,/market-activity/stocks/amd
AMGN,Amgen Inc. Common Stock,$442.84,4.72,1.077%,2286296,239413477094.00,United States,1983,Biotechnology: Biological Products (No Diagnostic Substances),Health Care,/market-activity/stocks/amgn
AMIX,Autonomix Medical Inc. Common Stock,$4.50,-0.24,-5.063%,108479,8228273.00,United States,2024,Medical/Dental Instruments,Health Care,/market-activity/stocks/amix
AMKR,Amkor Technology Inc. Common Stock,$47.17,1.5235,3.338%,4060511,11719503104.00,United States,1998,Semiconductors,Technology,/market-activity/stocks/amkr
AMLX,Amylyx Pharmaceuticals Inc. Common Stock,$34.49,0.68,2.011%,1938561,4327056181.00,United States,2022,Biotechnology: Pharmaceutical Preparations,Health Care,/market-activity/stocks/amlx
AMOD,Alpha Modus Holdings Inc. Class A Common Stock,$2.08,-0.69,-24.91%,518025,10371429.00,United States,,Multi-Sector Companies,Miscellaneous,/market-activity/stocks/amod
AMODW,Alpha Modus Holdings Inc. Warrant,$0.0176,0.00,0.00%,91,87758.00,United States,,Multi-Sector Companies,Miscellaneous,/market-activity/stocks/amodw
AMPG,Amplitech Group Inc. Common Stock,$3.32,0.08,2.469%,1376892,99745705.00,United States,,Telecommunications Equipment,Telecommunications,/market-activity/stocks/ampg
AMPGZ,Amplitech Group Inc. Series B Right,$0.166,0.00,0.00%,430,4987285.00,United States,,Telecommunications Equipment,Telecommunications,/market-activity/stocks/ampgz
AMPH,Amphastar Pharmaceuticals Inc. Common Stock,$23.74,0.78,3.397%,456849,1009850791.00,United States,2014,Biotechnology: Pharmaceutical Preparations,Health Care,/market-activity/stocks/amph
AMPL,Amplitude Inc. Class A Common Stock,$13.29,-0.54,-3.905%,1977340,1660134517.00,United States,,Computer Software: Prepackaged Software,Technology,/market-activity/stocks/ampl
AMRN,Amarin Corporation plc,$13.70,-0.145,-1.047%,45624,289382826.00,Ireland,,Biotechnology: Pharmaceutical Preparations,Health Care,/market-activity/stocks/amrn
AMRX,Amneal Pharmaceuticals Inc. Class A Common Stock,$18.06,0.38,2.149%,2607766,6290226067.00,United States,,Biotechnology: Pharmaceutical Preparations,Health Care,/market-activity/stocks/amrx
AMSC,American Superconductor Corporation Common Stock,$28.49,-0.07,-0.245%,597125,1380116654.00,United States,1991,Metal Fabrications,Consumer Discretionary,/market-activity/stocks/amsc
AMSF,AMERISAFE Inc. Common Stock,$26.14,0.20,0.771%,296658,484532556.00,United States,2005,Property-Casualty Insurers,Finance,/market-activity/stocks/amsf
AMSS,AMASS Brands Inc. Common Stock,$0.838,0.0206,2.52%,27297,9725058.00,United States,,Beverages (Production/Distribution),Consumer Staples,/market-activity/stocks/amss
AMST,Amesite Inc. Common Stock,$1.05,0.00,0.00%,75845,6877344.00,United States,2020,Computer Software: Prepackaged Software,Technology,/market-activity/stocks/amst
AMTX,Aemetis Inc. (DE) Common Stock,$1.90,0.08,4.396%,613340,137122229.00,United States,,Major Chemicals,Industrials,/market-activity/stocks/amtx
AMZN,Amazon.com Inc. Common Stock,$254.98,0.06,0.024%,24013448,2750294234589.00,United States,1997,Catalog/Specialty Distribution,Consumer Discretionary,/market-activity/stocks/amzn
ANAB,AnaptysBio Inc. Common Stock,$55.84,0.56,1.013%,421765,1653337579.00,United States,2017,Biotechnology: Pharmaceutical Preparations,Health Care,/market-activity/stocks/anab
ANDE,Andersons Inc. (The) Common Stock,$70.92,3.66,5.442%,675036,2409547424.00,United States,,Farming/Seeds/Milling,Industrials,/market-activity/stocks/ande
ANGH,Anghami Inc. Ordinary Shares,$3.48,0.15,4.505%,2317,31545532.00,United Arab Emirates,,Telecommunications Equipment,Consumer Discretionary,/market-activity/stocks/angh
ANGI,Angi Inc. Class A Common Stock,$4.96,0.295,6.324%,1213243,201159005.00,United States,,Advertising,Consumer Discretionary,/market-activity/stocks/angi
ANGO,AngioDynamics Inc. Common Stock,$15.62,-0.24,-1.513%,311440,645611916.00,United States,2004,Medical/Dental Instruments,Health Care,/market-activity/stocks/ango
ANIK,Anika Therapeutics Inc. Common Stock,$21.55,0.44,2.084%,77754,288402917.00,United States,,Medical/Dental Instruments,Health Care,/market-activity/stocks/anik
ANIP,ANI Pharmaceuticals Inc.,$73.06,1.14,1.585%,287636,1677420193.00,United States,,Biotechnology: Pharmaceutical Preparations,Health Care,/market-activity/stocks/anip
ANIX,Anixa Biosciences Inc. Common Stock,$3.13,-0.15,-4.573%,335041,106492187.00,United States,,Biotechnology: Pharmaceutical Preparations,Health Care,/market-activity/stocks/anix
ANL,Adlai Nortye Group Ltd. American Depositary Shares,$13.855,0.225,1.651%,77720,892233431.00,Cayman Islands,2023,Biotechnology: Pharmaceutical Preparations,Health Care,/market-activity/stocks/anl
ANNA,AleAnna Inc. Class A Common Stock,$3.08,-0.06,-1.911%,202672,206157952.00,United States,,Oil & Gas Production,Energy,/market-activity/stocks/anna
ANNAW,AleAnna Inc. Warrant,$0.186,0.0228,13.971%,908,12449798.00,United States,,Oil & Gas Production,Energy,/market-activity/stocks/annaw
ANNX,Annexon Inc. Common Stock,$4.93,0.04,0.818%,1842231,934625131.00,United States,2020,Biotechnology: Pharmaceutical Preparations,Health Care,/market-activity/stocks/annx
ANPA,Rich Sparkle Holdings Limited Ordinary Shares,$4.11,0.1095,2.737%,1244,62068213.00,Hong Kong,2025,Other Consumer Services,Consumer Discretionary,/market-activity/stocks/anpa
ANTA,Antalpha Platform Holding Company Class A Ordinary Shares,$3.735,-0.165,-4.231%,382,140436000.00,Singapore,2025,Investment Bankers/Brokers/Service,Finance,/market-activity/stocks/anta
ANTX,AN2 Therapeutics Inc. Common Stock,$5.95,0.47,8.577%,353565,224530610.00,United States,2022,Biotechnology: Pharmaceutical Preparations,Health Care,/market-activity/stocks/antx
ANY,Sphere 3D Corp. Common Shares,$2.19,-0.06,-2.667%,219937,19063547.00,Canada,,Finance: Consumer Services,Finance,/market-activity/stocks/any
AOSL,Alpha and Omega Semiconductor Limited Common Shares,$24.62,0.98,4.146%,560850,744982858.00,Bermuda,2010,Semiconductors,Technology,/market-activity/stocks/aosl
AOUT,American Outdoor Brands Inc. Common Stock ,$9.95,-0.05,-0.50%,35679,124445844.00,United States,,Recreational Games/Products/Toys,Consumer Discretionary,/market-activity/stocks/aout
APA,APA Corporation Common Stock,$44.695,0.395,0.892%,4268254,15658960739.00,United States,,Oil & Gas Production,Energy,/market-activity/stocks/apa
APAC,StoneBridge Acquisition II Corporation Class A Ordinary Shares,$10.25,0.01,0.098%,6122,0.00,United States,2025,Blank Checks,Finance,/market-activity/stocks/apac
APACR,StoneBridge Acquisition II Corporation Rights,$0.1391,0.00,0.00%,11,0.00,United States,2025,,,/market-activity/stocks/apacr
APC,ARKO Petroleum Corp. Class A Common Stock,$18.37,0.38,2.112%,140186,230914997.00,United States,2026,Oil Refining/Marketing,Energy,/market-activity/stocks/apc
APEI,American Public Education Inc. Common Stock,$45.75,-0.10,-0.218%,221603,837295592.00,United States,2007,Other Consumer Services,Real Estate,/market-activity/stocks/apei
APGE,Apogee Therapeutics Inc. Common Stock,$135.07,-0.01,-0.007%,5142112,10223142366.00,United States,2023,Biotechnology: Biological Products (No Diagnostic Substances),Health Care,/market-activity/stocks/apge
API,Agora Inc. American Depositary Shares,$4.13,0.105,2.609%,117074,345990750.00,China,2020,Computer Software: Prepackaged Software,Technology,/market-activity/stocks/api
APLD,Applied Digital Corporation Common Stock,$24.91,0.62,2.552%,16880893,7260495580.00,United States,2022,EDP Services,Technology,/market-activity/stocks/apld
APLM,Apollomics Inc. Class A Ordinary Shares,$27.3462,0.4062,1.508%,11675,79196045.00,United States,,Biotechnology: Pharmaceutical Preparations,Health Care,/market-activity/stocks/aplm
APLMW,Apollomics Inc. Warrant,$0.0138,0.00,0.00%,72353,39966.00,United States,,Biotechnology: Pharmaceutical Preparations,Health Care,/market-activity/stocks/aplmw
APMC,AmperCap Acquisition Company Ordinary Shares,$9.97,0.00,0.00%,74,0.00,United States,2026,Blank Checks,Finance,/market-activity/stocks/apmc
APMCR,AmperCap Acquisition Company Right,$0.1175,0.00,0.00%,33009,0.00,United States,2026,Blank Checks,Finance,/market-activity/stocks/apmcr
APMCU,AmperCap Acquisition Company Unit,$10.05,0.01,0.10%,7395,0.00,United States,2026,Blank Checks,Finance,/market-activity/stocks/apmcu
APMD,Apnimed Inc. Common Stock,$27.83,0.98,3.65%,276602,1057529981.00,United States,2026,Biotechnology: Pharmaceutical Preparations,Health Care,/market-activity/stocks/apmd
APOG,Apogee Enterprises Inc. Common Stock,$38.06,0.47,1.25%,232213,794247270.00,United States,,Auto Parts:O.E.M.,Consumer Discretionary,/market-activity/stocks/apog
APP,Applovin Corporation Class A Common Stock,$319.05,7.31,2.345%,3882237,106770401550.00,United States,2021,Computer Software: Programming Data Processing,Technology,/market-activity/stocks/app
APPF,AppFolio Inc. Class A Common Stock,$224.27,-1.01,-0.448%,276227,7942968796.00,United States,2015,Computer Software: Prepackaged Software,Technology,/market-activity/stocks/appf
APPN,Appian Corporation Class A Common Stock,$39.89,-0.50,-1.238%,641091,2857224844.00,United States,2017,Computer Software: Prepackaged Software,Technology,/market-activity/stocks/appn
APPS,Digital Turbine Inc. Common Stock,$9.78,-0.22,-2.20%,2321732,1183538925.00,United States,,Multi-Sector Companies,Miscellaneous,/market-activity/stocks/apps
APRE,Aprea Therapeutics Inc. Common stock,$0.82,-0.0157,-1.879%,170570,10324732.00,United States,2019,Biotechnology: Pharmaceutical Preparations,Health Care,/market-activity/stocks/apre
APUR,Aperture AC Class A Ordinary Shares,$10.01,0.00,0.00%,22,0.00,United States,2026,Blank Checks,Finance,/market-activity/stocks/apur
APVO,Aptevo Therapeutics Inc. Common Stock,$2.60,0.26,11.111%,1027609,4685122.00,United States,,Biotechnology: Pharmaceutical Preparations,Health Care,/market-activity/stocks/apvo
APWC,Asia Pacific Wire & Cable Corporation Ltd. Ordinary Shares (Bermuda),$1.38,0.00,0.00%,1853,56900787.00,Taiwan,,Telecommunications Equipment,Industrials,/market-activity/stocks/apwc
APXT,Apex Treasury Corporation Class A Ordinary Share,$10.125,0.005,0.049%,114277,0.00,United States,2025,Blank Checks,Finance,/market-activity/stocks/apxt
APXTU,Apex Treasury Corporation Units,$10.2605,0.00,0.00%,3,0.00,United States,2025,Blank Checks,Finance,/market-activity/stocks/apxtu
APXTW,Apex Treasury Corporation Warrants,$0.32,0.01,3.226%,2402,0.00,United States,2025,Blank Checks,Finance,/market-activity/stocks/apxtw
APYX,Apyx Medical Corporation Common Stock,$3.08,0.03,0.984%,25961,129741991.00,United States,,Medical/Dental Instruments,Health Care,/market-activity/stocks/apyx
AQB,AquaBounty Technologies Inc. Common Stock,$1.18,-0.01,-0.84%,37130,6073701.00,United States,,Meat/Poultry/Fish,Consumer Staples,/market-activity/stocks/aqb
AQMS,Aqua Metals Inc. Common Stock,$2.86,0.02,0.704%,12299,10191699.00,United States,2015,Metal Fabrications,Industrials,/market-activity/stocks/aqms
AQST,Aquestive Therapeutics Inc. Common Stock,$5.38,0.14,2.672%,1814501,675252666.00,United States,2018,Biotechnology: Pharmaceutical Preparations,Health Care,/market-activity/stocks/aqst
ARAI,Arrive AI Inc. Common Stock,$0.241,0.0037,1.559%,240989,12502166.00,United States,,Diversified Commercial Services,Consumer Discretionary,/market-activity/stocks/arai
ARAY,Accuray Incorporated Common Stock,$0.26,0.0054,2.121%,323806,31054220.00,United States,2007,Medical/Dental Instruments,Health Care,/market-activity/stocks/aray
ARBB,ARB IOT Group Limited Ordinary Shares,$4.35,0.10,2.353%,449,7678864.00,Malaysia,2023,EDP Services,Technology,/market-activity/stocks/arbb
ARBE,Arbe Robotics Ltd. Ordinary Shares,$0.63,-0.0139,-2.159%,543295,80264558.00,Israel,,EDP Services,Technology,/market-activity/stocks/arbe
ARBEW,Arbe Robotics Ltd. Warrant,$0.0201,-0.0013,-6.075%,42476,2560822.00,Israel,,EDP Services,Technology,/market-activity/stocks/arbew
ARBK,Argo Blockchain plc American Depositary Shares,$2.94,-0.01,-0.339%,4389,39277436.00,United Kingdom,2021,Finance: Consumer Services,Finance,/market-activity/stocks/arbk
ARCB,ArcBest Corporation Common Stock,$133.93,1.21,0.912%,206231,2993516841.00,United States,,Trucking Freight/Courier Services,Industrials,/market-activity/stocks/arcb
ARCC,Ares Capital Corporation Common Stock,$20.02,0.11,0.552%,3788741,14374817357.00,United States,2004,Finance: Consumer Services,Finance,/market-activity/stocks/arcc
ARCI,Archimedes Tech SPAC Partners III Co. Ordinary Share,$10.12,-0.02,-0.197%,14113,0.00,United States,2026,,,/market-activity/stocks/arci
ARCL,ARC Group Acquisition I Corp Class A Ordinary Shares,$9.98,0.00,0.00%,952,0.00,United States,2026,Blank Checks,Finance,/market-activity/stocks/arcl
ARCLU,ARC Group Acquisition I Corp Unit,$10.23,0.00,0.00%,2,0.00,United States,2026,Blank Checks,Finance,/market-activity/stocks/arclu
ARCT,Arcturus Therapeutics Holdings Inc. Common Stock,$16.74,0.515,3.174%,2021162,475802175.00,Israel,2013,Biotechnology: Pharmaceutical Preparations,Health Care,/market-activity/stocks/arct
ARDX,Ardelyx Inc. Common Stock,$3.80,0.04,1.064%,3913847,946912774.00,United States,2014,Biotechnology: Pharmaceutical Preparations,Health Care,/market-activity/stocks/ardx
AREC,American Resources Corporation Class A Common Stock,$2.44,0.13,5.628%,2212162,261009904.00,United States,,Coal Mining,Energy,/market-activity/stocks/arec
ARGX,argenx SE American Depositary Shares,$1055.37,26.86,2.612%,217196,65499310109.00,Netherlands,2017,Biotechnology: Biological Products (No Diagnostic Substances),Health Care,/market-activity/stocks/argx
ARHS,Arhaus Inc. Class A Common Stock,$8.43,0.07,0.837%,931771,1194967109.00,United States,2021,Other Specialty Stores,Consumer Discretionary,/market-activity/stocks/arhs
ARKO,ARKO Corp. Common Stock,$4.74,0.24,5.333%,900016,531760318.00,United States,,Food Chains,Consumer Staples,/market-activity/stocks/arko
ARKR,Ark Restaurants Corp. Common Stock,$5.25,-0.24,-4.372%,2678,18932324.00,United States,,Restaurants,Consumer Discretionary,/market-activity/stocks/arkr
ARLP,Alliance Resource Partners L.P. Common Units representing Limited Partners Interests,$26.54,0.10,0.378%,125651,3414604579.00,United States,1999,Coal Mining,Energy,/market-activity/stocks/arlp
ARM,Arm Holdings plc American Depositary Shares,$234.86,0.04,0.017%,2433887,249904016485.00,United Kingdom,2023,Semiconductors,Technology,/market-activity/stocks/arm
AROW,Arrow Financial Corporation Common Stock,$38.82,1.43,3.825%,130578,719090927.00,United States,,Major Banks,Finance,/market-activity/stocks/arow
ARQ,Arq Inc. Common Stock,$2.20,0.15,7.317%,368301,96070663.00,United States,,Major Chemicals,Industrials,/market-activity/stocks/arq
ARQQ,Arqit Quantum Inc. Ordinary Shares,$20.54,1.64,8.677%,668330,494820616.00,United Kingdom,,Computer Software: Prepackaged Software,Technology,/market-activity/stocks/arqq
ARQT,Arcutis Biotherapeutics Inc. Common Stock,$23.85,0.10,0.421%,1950749,2997753270.00,United States,2020,Biotechnology: Pharmaceutical Preparations,Health Care,/market-activity/stocks/arqt
ARRY,Array Technologies Inc. Common Stock,$4.57,0.21,4.817%,6329327,703815152.00,United States,2020,Semiconductors,Technology,/market-activity/stocks/arry
ARTC,Art Technology Acquisition Corp. Class A Ordinary Shares,$9.9962,0.00,0.00%,83,0.00,United States,2026,Blank Checks,Finance,/market-activity/stocks/artc
ARTCU,Art Technology Acquisition Corp. Units,$10.09,0.00,0.00%,151,0.00,United States,2026,,,/market-activity/stocks/artcu
ARTL,Artelo Biosciences Inc. Common Stock,$6.52,0.365,5.93%,43174,3571486.00,United States,,Biotechnology: Pharmaceutical Preparations,Health Care,/market-activity/stocks/artl
ARTNA,Artesian Resources Corporation Class A Common Stock,$35.75,0.08,0.224%,38138,369194576.00,United States,,Water Supply,Utilities,/market-activity/stocks/artna
ARTV,Artiva Biotherapeutics Inc. Common Stock,$11.31,0.03,0.266%,306533,552947269.00,United States,2024,Biotechnology: Biological Products (No Diagnostic Substances),Health Care,/market-activity/stocks/artv
ARTW,Art's-Way Manufacturing Co. Inc. Common Stock,$3.00,0.11,3.806%,28867,15604158.00,United States,,Industrial Machinery/Components,Industrials,/market-activity/stocks/artw
ARVN,Arvinas Inc. Common Stock,$9.59,0.31,3.341%,548864,627053572.00,United States,2018,Biotechnology: Pharmaceutical Preparations,Health Care,/market-activity/stocks/arvn
ARWR,Arrowhead Pharmaceuticals Inc. Common Stock,$85.37,2.63,3.179%,1525763,12058893848.00,United States,,Biotechnology: Pharmaceutical Preparations,Health Care,/market-activity/stocks/arwr
ARXS,Arxis Inc. Class A Common Stock,$51.16,-0.15,-0.292%,288278,21357988769.00,United States,2026,Military/Government/Technical,Industrials,/market-activity/stocks/arxs
ASBP,Aspire Biopharma Holdings Inc. Common Stock,$9.205,0.295,3.311%,35275,12910537.00,United States,2022,Biotechnology: Pharmaceutical Preparations,Health Care,/market-activity/stocks/asbp
ASLE,AerSale Corporation Common Stock,$5.47,0.02,0.367%,441945,261065394.00,United States,2019,Industrial Specialties,Consumer Discretionary,/market-activity/stocks/asle
ASMB,Assembly Biosciences Inc. Common Stock,$36.72,1.54,4.377%,267560,747641085.00,United States,2010,Biotechnology: Pharmaceutical Preparations,Health Care,/market-activity/stocks/asmb
ASML,ASML Holding N.V. New York Registry Shares,$1682.30,17.16,1.031%,873755,648388137830.00,Netherlands,1995,Industrial Machinery/Components,Technology,/market-activity/stocks/asml
ASND,Ascendis Pharma A/S Ordinary Share,$267.31,7.06,2.713%,418383,17555125546.00,Denmark,2015,Biotechnology: Pharmaceutical Preparations,Health Care,/market-activity/stocks/asnd
ASO,Academy Sports and Outdoors Inc. Common Stock,$43.60,0.79,1.845%,1769319,2704000976.00,United States,2020,Other Specialty Stores,Consumer Discretionary,/market-activity/stocks/aso
ASPC,A SPAC III Acquisition Corp. Class A Ordinary Shares,$10.89,-0.12,-1.09%,1939,0.00,China,2025,Blank Checks,Finance,/market-activity/stocks/aspc
ASPCR,A SPAC III Acquisition Corp. Right,$0.09,0.00,0.00%,59,0.00,China,2025,Blank Checks,Finance,/market-activity/stocks/aspcr
ASPI,ASP Isotopes Inc. Common Stock,$3.93,0.15,3.968%,3022521,602505863.00,United States,2022,Major Chemicals,Industrials,/market-activity/stocks/aspi
ASPS,Altisource Portfolio Solutions S.A. Common Stock,$5.61,-0.03,-0.532%,8055,64067356.00,Luxembourg,,Other Consumer Services,Consumer Discretionary,/market-activity/stocks/asps
ASPSW,Altisource Portfolio Solutions S.A. Net Settle Stakeholder Warrants,$0.258,-0.0221,-7.89%,715,2946413.00,Luxembourg,,Other Consumer Services,Consumer Discretionary,/market-activity/stocks/aspsw
ASPSZ,Altisource Portfolio Solutions S.A. Cash Exercise Stakeholder Warrants,$0.17,0.00,0.00%,729,1941435.00,Luxembourg,,Other Consumer Services,Consumer Discretionary,/market-activity/stocks/aspsz
ASRV,AmeriServ Financial Inc. Common Stock,$4.83,-0.13,-2.621%,13426,82009860.00,United States,,Major Banks,Finance,/market-activity/stocks/asrv
ASST,Strive Inc. Class A Common Stock,$24.32,0.32,1.333%,9593680,2181100847.00,United States,2023,Computer Software: Prepackaged Software,Technology,/market-activity/stocks/asst
ASTC,Astrotech Corporation (DE) Common Stock,$7.085,0.125,1.796%,15098,14932318.00,United States,,Biotechnology: Laboratory Analytical Instruments,Industrials,/market-activity/stocks/astc
ASTE,Astec Industries Inc. Common Stock,$42.32,1.14,2.768%,258499,974433531.00,United States,1986,Construction/Ag Equipment/Trucks,Industrials,/market-activity/stocks/aste
ASTH,Astrana Health Inc. Common Stock,$38.57,-0.03,-0.078%,305515,1913240397.00,United States,,Professional Services,Consumer Discretionary,/market-activity/stocks/asth
ASTI,Ascent Solar Technologies Inc. Common Stock,$2.94,0.13,4.626%,197499,28860307.00,United States,,Semiconductors,Technology,/market-activity/stocks/asti
ASTL,Algoma Steel Group Inc. Common Shares,$4.385,0.255,6.174%,697626,462129094.00,Canada,,Steel/Iron Ore,Industrials,/market-activity/stocks/astl
ASTLW,Algoma Steel Group Inc. Warrant,$0.006,-0.0003,-4.762%,29800,632332.00,Canada,,Steel/Iron Ore,Industrials,/market-activity/stocks/astlw
ASTS,AST SpaceMobile Inc. Class A Common Stock,$62.40,6.60,11.828%,19809744,24284051626.00,United States,2019,Telecommunications Equipment,Consumer Discretionary,/market-activity/stocks/asts
ASUR,Asure Software Inc Common Stock,$9.02,-0.04,-0.442%,91185,260491539.00,United States,,EDP Services,Technology,/market-activity/stocks/asur
ASYS,Amtech Systems Inc. Common Stock,$14.60,0.08,0.551%,272423,255618275.00,United States,,Industrial Machinery/Components,Technology,/market-activity/stocks/asys
ATAI,AtaiBeckley Inc. Common Stock,$7.35,0.01,0.136%,10455032,2725855317.00,Germany,2008,Biotechnology: Pharmaceutical Preparations,Health Care,/market-activity/stocks/atai
ATAT,Atour Lifestyle Holdings Limited American Depositary Shares,$35.05,0.56,1.624%,515320,4768314020.00,China,2022,Hotels/Resorts,Consumer Discretionary,/market-activity/stocks/atat
ATCX,Atlas Critical Minerals Corporation Common Stock,$3.325,-0.045,-1.335%,5444,16902092.00,Brazil,,Precious Metals,Basic Materials,/market-activity/stocks/atcx
ATEC,Alphatec Holdings Inc. Common Stock,$9.19,-0.02,-0.217%,1435275,1419405388.00,United States,2006,Medical/Dental Instruments,Health Care,/market-activity/stocks/atec
ATER,Aterian Inc. Common Stock,$0.509,0.059,13.111%,800905,9145157.00,United States,2019,Home Furnishings,Consumer Discretionary,/market-activity/stocks/ater
ATEX,Anterix Inc. Common Stock,$86.61,-2.94,-3.283%,287135,1698403565.00,United States,2015,Telecommunications Equipment,Telecommunications,/market-activity/stocks/atex
ATGL,Alpha Technology Group Limited Class A Ordinary Shares,$6.50,-0.12,-1.813%,1400,107006250.00,China,2023,EDP Services,Technology,/market-activity/stocks/atgl
ATHE,Alterity Therapeutics Limited American Depositary Shares,$4.52,-0.03,-0.659%,7368,82301823.00,Australia,,Biotechnology: Pharmaceutical Preparations,Health Care,/market-activity/stocks/athe
ATHR,Aether Holdings Inc. Common Stock,$3.01,0.00,0.00%,35436,36836558.00,United States,2025,Computer Software: Prepackaged Software,Technology,/market-activity/stocks/athr
ATII,Archimedes Tech SPAC Partners II Co. Ordinary Shares,$10.66,0.01,0.094%,123406,0.00,United States,2025,,,/market-activity/stocks/atii
ATIIU,Archimedes Tech SPAC Partners II Co. Unit,$11.30,-0.01,-0.088%,103,0.00,United States,2025,Blank Checks,Finance,/market-activity/stocks/atiiu
ATIIW,Archimedes Tech SPAC Partners II Co. Warrant,$1.40,0.00,0.00%,15409,0.00,United States,2025,Blank Checks,Finance,/market-activity/stocks/atiiw
ATLC,Atlanticus Holdings Corporation Common Stock,$93.82,4.58,5.132%,130122,1423252965.00,United States,1995,Finance: Consumer Services,Finance,/market-activity/stocks/atlc
ATLCL,Atlanticus Holdings Corporation 6.125% Senior Notes due 2026,$25.1936,0.0136,0.054%,1840,381064512.00,United States,,Finance: Consumer Services,Finance,/market-activity/stocks/atlcl
ATLCP,Atlanticus Holdings Corporation 7.625% Series B Cumulative Perpetual Preferred Stock no par value per share,$23.9001,0.1856,0.783%,2324,362565425.00,United States,,Finance: Consumer Services,Finance,/market-activity/stocks/atlcp
ATLCZ,Atlanticus Holdings Corporation 9.25% Senior Notes due 2029,$25.40,0.00,0.00%,5964,384186405.00,United States,,Finance: Consumer Services,Finance,/market-activity/stocks/atlcz
ATLO,Ames National Corporation Common Stock,$31.75,0.52,1.665%,51234,281216735.00,United States,,Major Banks,Finance,/market-activity/stocks/atlo
ATLQ,JAB Acquisition Corp I Class A Ordinary Shares,$9.97,0.01,0.10%,295185,0.00,United States,2026,Blank Checks,Finance,/market-activity/stocks/atlq
ATLQR,JAB Acquisition Corp I Rights,$0.15,-0.01,-6.25%,34942,0.00,United States,2026,Blank Checks,Finance,/market-activity/stocks/atlqr
ATLQU,JAB Acquisition Corp I Unit,$10.10,-0.0898,-0.881%,48713,0.00,United States,2026,Blank Checks,Finance,/market-activity/stocks/atlqu
ATLQW,JAB Acquisition Corp I Warrants,$0.045,0.0001,0.223%,1201,0.00,United States,2026,Blank Checks,Finance,/market-activity/stocks/atlqw
ATLX,Atlas Lithium Corporation Common Stock,$3.22,0.09,2.875%,108138,96921372.00,United States,,Mining & Quarrying of Nonmetallic Minerals (No Fuels),Industrials,/market-activity/stocks/atlx
ATNI,ATN International Inc. Common Stock,$30.91,0.78,2.589%,84677,476117765.00,United States,,Telecommunications Equipment,Telecommunications,/market-activity/stocks/atni
ATOM,Atomera Incorporated Common Stock,$4.00,0.06,1.523%,518662,156096168.00,United States,2016,Semiconductors,Technology,/market-activity/stocks/atom
ATOS,Atossa Therapeutics Inc. Common Stock,$2.46,0.04,1.653%,44781,24549073.00,United States,2012,Biotechnology: Pharmaceutical Preparations,Health Care,/market-activity/stocks/atos
ATPC,Agape ATP Corporation Common Stock,$2.31,-0.05,-2.119%,15578,2311446.00,Malaysia,,Medical/Nursing Services,Health Care,/market-activity/stocks/atpc
ATRA,Atara Biotherapeutics Inc. Common Stock,$9.44,0.42,4.656%,20906,94755982.00,United States,2014,Biotechnology: Biological Products (No Diagnostic Substances),Health Care,/market-activity/stocks/atra
ATRC,AtriCure Inc. Common Stock,$52.59,3.67,7.502%,1262697,2675058401.00,United States,2005,Medical/Dental Instruments,Health Care,/market-activity/stocks/atrc
ATRO,Astronics Corporation Common Stock,$73.46,0.47,0.644%,672877,3159445841.00,United States,,Military/Government/Technical,Industrials,/market-activity/stocks/atro
ATTO,Attovia Therapeutics Inc. Common Stock,$23.13,0.91,4.095%,81476,1054242663.00,United States,2026,Biotechnology: Biological Products (No Diagnostic Substances),Health Care,/market-activity/stocks/atto
ATXG,Addentax Group Corp. Common Stock,$3.3336,-0.0864,-2.526%,610,3926894.00,China,,Professional Services,Consumer Discretionary,/market-activity/stocks/atxg
ATYR,aTyr Pharma Inc. Common Stock,$0.493,0.0165,3.463%,700098,48357101.00,United States,2015,Biotechnology: Biological Products (No Diagnostic Substances),Health Care,/market-activity/stocks/atyr
AUBN,Auburn National Bancorporation Inc. Common Stock,$26.50,0.00,0.00%,2436,92333738.00,United States,,Major Banks,Finance,/market-activity/stocks/aubn
AUC,ATIF Holdings Limited Ordinary Shares,$6.30,-0.401,-5.984%,16861,121674250.00,United States,2019,Professional Services,Consumer Discretionary,/market-activity/stocks/auc
AUDC,AudioCodes Ltd. Common Stock,$10.085,0.095,0.951%,69975,247998712.00,Israel,1999,Telecommunications Equipment,Utilities,/market-activity/stocks/audc
AUGO,Aura Minerals Inc. Common Shares,$84.60,5.555,7.028%,721598,7088568266.00,United States,,Metal Mining,Basic Materials,/market-activity/stocks/augo
AUID,authID Inc. Common Stock,$0.41,-0.0419,-9.272%,266977,6855339.00,United States,,Computer Software: Prepackaged Software,Technology,/market-activity/stocks/auid
AUPH,Aurinia Pharmaceuticals Inc Ordinary Shares,$16.29,0.24,1.495%,842449,2167403527.00,Canada,,Biotechnology: Pharmaceutical Preparations,Health Care,/market-activity/stocks/auph
AUR,Aurora Innovation Inc. Class A Common Stock,$5.85,0.39,7.143%,27938267,11724308318.00,United States,2021,EDP Services,Technology,/market-activity/stocks/aur
AURA,Aura Biosciences Inc. Common Stock,$7.50,0.07,0.942%,495509,777786068.00,United States,2021,Biotechnology: Biological Products (No Diagnostic Substances),Health Care,/market-activity/stocks/aura
AURE,Aurelion Inc. Class A Ordinary Shares,$1.445,0.035,2.482%,21592,54332000.00,Hong Kong,2023,Finance: Consumer Services,Finance,/market-activity/stocks/aure
AUROW,Aurora Innovation Inc. Warrant,$0.0701,0.0018,2.635%,11007,140491284.00,United States,2021,EDP Services,Technology,/market-activity/stocks/aurow
AUTL,Autolus Therapeutics plc American Depositary Share,$2.24,-0.07,-3.03%,2307904,596204090.00,United Kingdom,2018,Biotechnology: Biological Products (No Diagnostic Substances),Health Care,/market-activity/stocks/autl
AUUD,Auddia Inc. Common Stock,$1.03,0.0311,3.113%,792350,5977142.00,United States,2021,EDP Services,Technology,/market-activity/stocks/auud
AVAH,Aveanna Healthcare Holdings Inc. Common Stock,$13.20,-0.26,-1.932%,1882617,2880499987.00,United States,2021,Medical/Nursing Services,Health Care,/market-activity/stocks/avah
AVAT,Avalanche Treasury Corporation Class A Common Stock,$0.7214,0.0014,0.194%,357243,31539928.00,United States,,Finance: Consumer Services,Finance,/market-activity/stocks/avat
AVAV,AeroVironment Inc. Common Stock,$145.39,1.22,0.846%,1529981,7389099995.00,United States,2007,Aerospace,Industrials,/market-activity/stocks/avav
AVBH,Avidbank Holdings Inc. Common stock,$31.55,0.35,1.122%,130660,346528794.00,United States,,Commercial Banks,Finance,/market-activity/stocks/avbh
AVBP,ArriVent BioPharma Inc. Common Stock,$30.51,0.36,1.194%,423886,1504378812.00,United States,2024,Biotechnology: Pharmaceutical Preparations,Health Care,/market-activity/stocks/avbp
AVGO,Broadcom Inc. Common Stock,$367.24,-2.44,-0.66%,38879322,1747173751914.00,United States,2009,Semiconductors,Technology,/market-activity/stocks/avgo
AVIR,Atea Pharmaceuticals Inc. Common Stock,$5.70,0.21,3.825%,289931,457166784.00,United States,2020,Biotechnology: Pharmaceutical Preparations,Health Care,/market-activity/stocks/avir
AVLN,Avalyn Pharma Inc. Common Stock,$35.58,0.30,0.85%,181858,1577371520.00,United States,2026,Biotechnology: Pharmaceutical Preparations,Health Care,/market-activity/stocks/avln
AVNW,Aviat Networks Inc. Common Stock,$19.25,0.59,3.162%,250253,246429626.00,United States,,Radio And Television Broadcasting And Communications Equipment,Technology,/market-activity/stocks/avnw
AVO,Mission Produce Inc. Common Stock,$12.77,-0.05,-0.39%,464800,1127843935.00,United States,2020,Farming/Seeds/Milling,Consumer Staples,/market-activity/stocks/avo
AVPT,AvePoint Inc. Class A Common Stock,$13.35,-0.15,-1.111%,1362924,2824398437.00,United States,2019,Computer Software: Prepackaged Software,Technology,/market-activity/stocks/avpt
AVR,Anteris Technologies Global Corp. Common Stock,$8.59,0.14,1.657%,470434,837168292.00,United States,2024,Industrial Specialties,Health Care,/market-activity/stocks/avr
AVT,Avnet Inc. Common Stock,$89.99,0.60,0.671%,1034970,7385747380.00,United States,,Electronic Components,Technology,/market-activity/stocks/avt
AVTX,Avalo Therapeutics Inc. Common Stock,$19.34,0.39,2.058%,988032,1037203987.00,United States,2015,Biotechnology: Pharmaceutical Preparations,Health Care,/market-activity/stocks/avtx
AVX,Avax One Technology Ltd. Common Shares,$3.61,0.15,4.335%,107224,26704553.00,Canada,2021,Finance: Consumer Services,Finance,/market-activity/stocks/avx
AVXL,Anavex Life Sciences Corp. Common Stock,$2.89,0.02,0.697%,587468,267893873.00,United States,,Biotechnology: Biological Products (No Diagnostic Substances),Health Care,/market-activity/stocks/avxl
AWRE,Aware Inc. Common Stock,$1.22,-0.025,-2.008%,30684,26611417.00,United States,1996,Computer Software: Prepackaged Software,Technology,/market-activity/stocks/awre
AXG,Solowin Holdings Class A Ordinary Share,$2.30,0.08,3.604%,66079,444138802.00,Hong Kong,2023,Investment Bankers/Brokers/Service,Finance,/market-activity/stocks/axg
AXGN,Axogen Inc. Common Stock,$48.30,-1.58,-3.168%,789958,2596681078.00,United States,,Biotechnology: Electromedical & Electrotherapeutic Apparatus,Health Care,/market-activity/stocks/axgn
AXIN,Axiom Intelligence Acquisition Corp 1 Class A Ordinary Shares,$10.32,-0.015,-0.145%,10877,0.00,United Kingdom,2025,Blank Checks,Finance,/market-activity/stocks/axin
AXINR,Axiom Intelligence Acquisition Corp 1 Right,$0.36,0.015,4.348%,122677,0.00,United Kingdom,2025,Blank Checks,Finance,/market-activity/stocks/axinr
AXON,Axon Enterprise Inc. Common Stock,$506.98,-11.32,-2.184%,1060649,41185744657.00,United States,2001,Ordnance And Accessories,Industrials,/market-activity/stocks/axon
AXSM,Axsome Therapeutics Inc. Common Stock,$209.92,7.09,3.496%,608292,10995781315.00,United States,2015,Biotechnology: Pharmaceutical Preparations,Health Care,/market-activity/stocks/axsm
AXTI,AXT Inc Common Stock,$56.95,0.84,1.497%,5743236,3734394423.00,United States,1998,Semiconductors,Technology,/market-activity/stocks/axti
AYA,Aya Gold & Silver Inc. Common Shares,$28.35,1.98,7.509%,1212860,4083425363.00,Canada,,Precious Metals,Basic Materials,/market-activity/stocks/aya
AYTU,Aytu BioPharma Inc.  Common Stock,$2.28,0.03,1.333%,7125,24471714.00,United States,,Biotechnology: Pharmaceutical Preparations,Health Care,/market-activity/stocks/aytu
AZ,A2Z Cust2Mate Solutions Corp. Common Shares,$5.90,-0.15,-2.479%,415034,259756155.00,Canada,,Industrial Machinery/Components,Industrials,/market-activity/stocks/az
AZI,Autozi Internet Technology (Global) Ltd. Class A Ordinary Shares,$1.26,-0.02,-1.563%,73406,83601081.00,China,2024,Automotive Aftermarket,Consumer Discretionary,/market-activity/stocks/azi
AZIO,Azio AI Holdings Inc. Common Stock,$1.17,-0.04,-3.306%,152528,19267382.00,United States,,Auto Parts:O.E.M.,Consumer Discretionary,/market-activity/stocks/azio
AZTA,Azenta Inc.,$31.73,0.16,0.507%,792806,1390040310.00,United States,,Industrial Machinery/Components,Technology,/market-activity/stocks/azta
BACC,Blue Acquisition Corp. Class A Ordinary Shares,$10.49,-0.0355,-0.337%,34505,0.00,United States,2025,Blank Checks,Finance,/market-activity/stocks/bacc
BACCU,Blue Acquisition Corp. Unit,$10.89,0.01,0.092%,469,0.00,United States,2025,Blank Checks,Finance,/market-activity/stocks/baccu
BAER,Bridger Aerospace Group Holdings Inc. Common Stock,$1.06,-0.03,-2.752%,859938,62355708.00,United States,,Aerospace,Industrials,/market-activity/stocks/baer
BAERW,Bridger Aerospace Group Holdings Inc. Warrant,$0.1821,-0.0059,-3.138%,5533,10712240.00,United States,,Aerospace,Industrials,/market-activity/stocks/baerw
BAFN,BayFirst Financial Corp. Common Stock,$7.19,0.04,0.559%,74125,193862640.00,United States,,Major Banks,Finance,/market-activity/stocks/bafn
BAND,Bandwidth Inc. Class A Common Stock,$47.55,-3.24,-6.379%,617730,1530196469.00,United States,2017,Computer Software: Prepackaged Software,Technology,/market-activity/stocks/band
BANF,BancFirst Corporation Common Stock,$111.13,3.42,3.175%,246328,3733828532.00,United States,1993,Major Banks,Finance,/market-activity/stocks/banf
BANFP,BancFirst Corporation - BFC Capital Trust II Cumulative Trust Preferred Securities,$27.50,0.00,0.00%,61,923965488.00,United States,,Major Banks,Finance,/market-activity/stocks/banfp
BANL,CBL International Limited Class B Ordinary Shares,$15.61,0.41,2.697%,17036,32764734.00,Malaysia,2023,Oil Refining/Marketing,Energy,/market-activity/stocks/banl
BANR,Banner Corporation Common Stock,$70.04,1.46,2.129%,279015,2380303026.00,United States,,Major Banks,Finance,/market-activity/stocks/banr
BANX,ArrowMark Financial Corp. Common Stock,$21.03,-0.12,-0.567%,54591,149368225.00,United States,,Trusts Except Educational Religious and Charitable,Finance,/market-activity/stocks/banx
BAOS,Baosheng Media Group Holdings Limited Ordinary shares,$0.2822,-0.0308,-9.84%,636045,8983692.00,China,2021,Business Services,Consumer Discretionary,/market-activity/stocks/baos
BATRA,Atlanta Braves Holdings Inc. Series A Common Stock,$56.75,1.29,2.326%,105345,3641528155.00,United States,,Services-Misc. Amusement & Recreation,Consumer Discretionary,/market-activity/stocks/batra
BATRK,Atlanta Braves Holdings Inc. Series C Common Stock,$51.27,1.06,2.111%,603061,3289888079.00,United States,,Services-Misc. Amusement & Recreation,Consumer Discretionary,/market-activity/stocks/batrk
BBBYW,Neighborhood Intelligence Inc. Warrants,$0.62,0.09,16.981%,161959,59208563.00,United States,,Catalog/Specialty Distribution,Consumer Discretionary,/market-activity/stocks/bbbyw
BBCP,Concrete Pumping Holdings Inc. Common Stock,$8.88,-0.13,-1.443%,275927,447493570.00,United States,2017,Engineering & Construction,Consumer Discretionary,/market-activity/stocks/bbcp
BBGI,Beasley Broadcast Group Inc. Class A Common Stock,$19.40,0.57,3.027%,152180,35943369.00,United States,2000,Broadcasting,Consumer Discretionary,/market-activity/stocks/bbgi
BBIO,BridgeBio Pharma Inc. Common Stock,$76.50,-0.07,-0.091%,1620799,14954791761.00,United States,2019,Biotechnology: Pharmaceutical Preparations,Health Care,/market-activity/stocks/bbio
BBLG,Bone Biologics Corp Common Stock,$0.5504,-0.013,-2.307%,95932,1516934.00,United States,,Industrial Specialties,Health Care,/market-activity/stocks/bblg
BBLGW,Bone Biologics Corp Warrants,$6.00,0.00,0.00%,130,16536342.00,United States,,Industrial Specialties,Health Care,/market-activity/stocks/bblgw
BBNX,Beta Bionics Inc. Common Stock,$19.415,0.345,1.809%,645152,873474793.00,United States,2025,Medical/Dental Instruments,Health Care,/market-activity/stocks/bbnx
BBOT,BridgeBio Oncology Therapeutics Inc. Common Stock  ,$8.89,0.07,0.794%,238884,712749234.00,United States,2024,Biotechnology: Pharmaceutical Preparations,Health Care,/market-activity/stocks/bbot
BBSI,Barrett Business Services Inc. Common Stock,$33.71,-0.08,-0.237%,160163,816967918.00,United States,1993,Professional Services,Consumer Discretionary,/market-activity/stocks/bbsi
BCAL,California BanCorp Common Stock,$21.53,0.44,2.086%,186988,692201148.00,United States,,Major Banks,Finance,/market-activity/stocks/bcal
BCAX,Bicara Therapeutics Inc. Common Stock,$23.56,0.14,0.598%,518811,1559034325.00,United States,2024,Biotechnology: Pharmaceutical Preparations,Health Care,/market-activity/stocks/bcax
BCBP,BCB Bancorp Inc. (NJ) Common Stock,$8.61,0.14,1.653%,176708,155856687.00,United States,2005,Savings Institutions,Finance,/market-activity/stocks/bcbp
BCCQ,Bleichroeder Acquisition Corp. III Class A Ordinary Shares,$10.02,-0.02,-0.199%,46106,0.00,United States,2026,Blank Checks,Finance,/market-activity/stocks/bccq
BCCQU,Bleichroeder Acquisition Corp. III Units,$10.34,-0.03,-0.289%,4104,0.00,United States,2026,Blank Checks,Finance,/market-activity/stocks/bccqu
BCCQW,Bleichroeder Acquisition Corp. III Warrant,$0.9899,-0.0601,-5.724%,19763,0.00,United States,2026,Blank Checks,Finance,/market-activity/stocks/bccqw
BCDA,BioCardia Inc. Common Stock,$1.11,0.01,0.909%,50973,16804048.00,United States,,Biotechnology: Biological Products (No Diagnostic Substances),Health Care,/market-activity/stocks/bcda
BCG,Binah Capital Group Inc. Common Stock,$1.34,-0.02,-1.471%,26454,22860576.00,United States,,Finance: Consumer Services,Finance,/market-activity/stocks/bcg
BCIC,BCP Investment Corporation Common Stock,$7.55,-0.07,-0.919%,56695,93496573.00,United States,2006,Finance: Consumer Services,Finance,/market-activity/stocks/bcic
BCML,BayCom Corp Common Stock,$30.41,0.56,1.876%,42057,332080758.00,United States,2018,Major Banks,Finance,/market-activity/stocks/bcml
BCPC,Balchem Corporation Common Stock,$175.47,2.16,1.246%,172508,5593636345.00,United States,,Major Chemicals,Industrials,/market-activity/stocks/bcpc
BCRX,BioCryst Pharmaceuticals Inc. Common Stock,$10.17,0.25,2.52%,3130210,2598792018.00,United States,1994,Biotechnology: Biological Products (No Diagnostic Substances),Health Care,/market-activity/stocks/bcrx
BCTX,BriaCell Therapeutics Corp. Common Shares,$3.57,-0.06,-1.653%,95413,31058240.00,Canada,,Biotechnology: Pharmaceutical Preparations,Health Care,/market-activity/stocks/bctx
BCTXL,BriaCell Therapeutics Corp. Warrant expiring 2031,$0.94,0.015,1.622%,5803,8177800.00,Canada,,Biotechnology: Pharmaceutical Preparations,Health Care,/market-activity/stocks/bctxl
BCTXZ,BriaCell Therapeutics Corp. Warrant expiring 2030,$0.2111,0.0241,12.888%,27410,1836525.00,Canada,,Biotechnology: Pharmaceutical Preparations,Health Care,/market-activity/stocks/bctxz
BCYC,Bicycle Therapeutics plc American Depositary Shares,$4.30,0.20,4.878%,317580,300969345.00,United Kingdom,2019,Biotechnology: Pharmaceutical Preparations,Health Care,/market-activity/stocks/bcyc
BDCI,BTC Development Corp. Class A Ordinary Shares,$10.15,0.01,0.099%,124870,0.00,United States,2025,Blank Checks,Finance,/market-activity/stocks/bdci
BDCIU,BTC Development Corp. Unit,$10.25,0.00,0.00%,2,0.00,United States,2025,Blank Checks,Finance,/market-activity/stocks/bdciu
BDCIW,BTC Development Corp. Warrant,$0.4471,0.00,0.00%,3,0.00,United States,2025,Blank Checks,Finance,/market-activity/stocks/bdciw
BDMD,Baird Medical Investment Holdings Ltd Ordinary Share,$1.12,-0.02,-1.754%,14792,47273815.00,China,,Medical/Dental Instruments,Health Care,/market-activity/stocks/bdmd
BDRX,Biodexa Pharmaceuticals plc American Depositary Shs,$0.7849,0.0041,0.525%,58775,807714.00,United Kingdom,,Biotechnology: Pharmaceutical Preparations,Health Care,/market-activity/stocks/bdrx
BDSX,Biodesix Inc. Common Stock,$27.16,2.09,8.337%,141250,286568365.00,United States,2020,Medical Specialities,Health Care,/market-activity/stocks/bdsx
BDTX,Black Diamond Therapeutics Inc. Common Stock,$2.14,0.10,4.902%,561284,122951019.00,United States,2020,Biotechnology: Biological Products (No Diagnostic Substances),Health Care,/market-activity/stocks/bdtx
BEAG,Bold Eagle Acquisition Corp. Class A Ordinary Shares,$10.80,0.00,0.00%,88,0.00,United States,2024,,,/market-activity/stocks/beag
BEAM,Beam Therapeutics Inc. Common Stock,$29.29,0.27,0.93%,1293541,3025295708.00,United States,2020,Biotechnology: Biological Products (No Diagnostic Substances),Health Care,/market-activity/stocks/beam
BEAT,Heartbeam Inc. Common Stock,$0.4501,-0.0046,-1.012%,408493,25362762.00,United States,2021,Medical/Dental Instruments,Health Care,/market-activity/stocks/beat
BEATW,Heartbeam Inc. Warrant,$0.0117,0.0014,13.592%,37758,659285.00,United States,2021,Medical/Dental Instruments,Health Care,/market-activity/stocks/beatw
BEEM,Beam Global Common Stock,$1.40,0.01,0.719%,274334,31686641.00,United States,,Industrial Machinery/Components,Miscellaneous,/market-activity/stocks/beem
BEEP,Mobile Infrastructure Corporation Common Stock,$2.86,-0.06,-2.055%,8339,118118000.00,United States,,Real Estate,Finance,/market-activity/stocks/beep
BELFA,Bel Fuse Inc. Class A Common Stock,$202.51,-0.07,-0.035%,116312,2924133020.00,United States,,,,/market-activity/stocks/belfa
BELFB,Bel Fuse Inc. Class B Common Stock,$240.71,-2.71,-1.113%,164437,3475720010.00,United States,,,,/market-activity/stocks/belfb
BENF,Beneficient Class A Common Stock,$2.03,0.08,4.103%,4221,31375116.00,United States,,Finance: Consumer Services,Finance,/market-activity/stocks/benf
BENFW,Beneficient Warrant,$0.0096,0.0002,2.128%,2121,148375.00,United States,,Finance: Consumer Services,Finance,/market-activity/stocks/benfw
BETR,Better Home & Finance Holding Company Class A Common Stock,$12.30,0.07,0.572%,374709,233682522.00,United Kingdom,2021,Finance: Consumer Services,Finance,/market-activity/stocks/betr
BETRW,Better Home & Finance Holding Company Warrant,$0.0942,0.0127,15.583%,7632,1789666.00,United Kingdom,2021,Finance: Consumer Services,Finance,/market-activity/stocks/betrw
BFC,Bank First Corporation Common Stock,$153.63,3.30,2.195%,86997,1703081803.00,United States,,Major Banks,Finance,/market-activity/stocks/bfc
BFRG,Bullfrog AI Holdings Inc. Common Stock,$0.491,0.0048,0.987%,86791,9103951.00,United States,2023,Biotechnology: Pharmaceutical Preparations,Health Care,/market-activity/stocks/bfrg
BFRGW,Bullfrog AI Holdings Inc. Warrants,$0.0999,0.0248,33.023%,7023,1852311.00,United States,2023,Biotechnology: Pharmaceutical Preparations,Health Care,/market-activity/stocks/bfrgw
BFRI,Biofrontera Inc. Common Stock,$1.52,-0.015,-0.977%,584734,22575586.00,United States,2021,Biotechnology: Pharmaceutical Preparations,Health Care,/market-activity/stocks/bfri
BFRIW,Biofrontera Inc. Warrants,$0.0225,-0.0025,-10.00%,3133,334178.00,United States,2021,Biotechnology: Pharmaceutical Preparations,Health Care,/market-activity/stocks/bfriw
BFST,Business First Bancshares Inc. Common Stock,$31.31,0.63,2.053%,207403,1019136837.00,United States,,Major Banks,Finance,/market-activity/stocks/bfst
BGC,BGC Group Inc. Class A Common Stock,$11.85,-0.14,-1.168%,2996077,5634278286.00,United States,,Investment Bankers/Brokers/Service,Finance,/market-activity/stocks/bgc
BGDE,Big Digital Energy Inc. Common Stock,$6.25,0.03,0.482%,67400,35402119.00,Australia,,Finance: Consumer Services,Finance,/market-activity/stocks/bgde
BGIN,Bgin Blockchain Limited Class A Ordinary Shares,$1.99,-0.1099,-5.234%,8334,225140523.00,China,2025,Finance: Consumer Services,Finance,/market-activity/stocks/bgin
BGL,Blue Gold Limited Class A Ordinary Shares,$0.1954,0.0074,3.936%,558120,7979701.00,United Kingdom,,Metal Mining,Basic Materials,/market-activity/stocks/bgl
BGLC,BioNexus Gene Lab Corp Common stock,$1.47,0.00,0.00%,253,4312160.00,Malaysia,,Medical Specialities,Health Care,/market-activity/stocks/bglc
BGLWW,Blue Gold Limited Warrant,$0.0281,0.0061,27.727%,2734,1147541.00,United Kingdom,,Metal Mining,Basic Materials,/market-activity/stocks/bglww
BGM,BGM Group Ltd. Class A Ordinary Shares,$0.2797,0.0068,2.492%,45209,112054353.00,China,2021,Biotechnology: Pharmaceutical Preparations,Health Care,/market-activity/stocks/bgm
BGMS,Bio Green Med Solution Inc. Common Stock,$0.8326,-0.0174,-2.047%,18153,5514138.00,United States,,Biotechnology: Pharmaceutical Preparations,Health Care,/market-activity/stocks/bgms
BHAV,BHAV Acquisition Corp Class A Ordinary Shares,$10.03,0.00,0.00%,164,0.00,United States,2026,Blank Checks,Finance,/market-activity/stocks/bhav
BHAVU,BHAV Acquisition Corp Units,$10.17,0.00,0.00%,21,0.00,United States,2026,Blank Checks,Finance,/market-activity/stocks/bhavu
BHF,Brighthouse Financial Inc. Common Stock,$53.62,0.63,1.189%,528686,3083770008.00,United States,,Life Insurance,Finance,/market-activity/stocks/bhf
BHFAL,Brighthouse Financial Inc. 6.25% Junior Subordinated Debentures due 2058,$15.17,-0.12,-0.785%,36648,872450411.00,United States,,Life Insurance,Finance,/market-activity/stocks/bhfal
BHFAM,Brighthouse Financial Inc. Depositary shares each representing a 1/1000th Interest in a Share of 4.625% Non-Cumulative Preferred Stock Series D,$10.1104,-0.0296,-0.292%,77321,581464907.00,United States,,Life Insurance,Finance,/market-activity/stocks/bhfam
BHFAN,Brighthouse Financial Inc. Depositary shares each representing a 1/1000th interest in a share of 5.375% Non-Cumulative Preferred Stock Series C,$11.61,-0.08,-0.684%,28278,667709246.00,United States,,Life Insurance,Finance,/market-activity/stocks/bhfan
BHFAO,Brighthouse Financial Inc. Depositary Shares 6.75% Non-Cumulative Preferred Stock Series B,$14.555,-0.095,-0.648%,40809,837080799.00,United States,,Life Insurance,Finance,/market-activity/stocks/bhfao
BHFAP,Brighthouse Financial Inc. Depositary Shares 6.6% Non-Cumulative Preferred Stock Series A,$14.2362,-0.0438,-0.307%,20532,818746113.00,United States,,Life Insurance,Finance,/market-activity/stocks/bhfap
BHRB,Burke & Herbert Financial Services Corp. Common Stock,$72.23,1.60,2.265%,136218,1458109394.00,United States,,Major Banks,Finance,/market-activity/stocks/bhrb
BHST,BioHarvest Sciences Inc. Common Stock,$1.90,-0.02,-1.042%,49370,43068900.00,Canada,,,,/market-activity/stocks/bhst
BIAF,bioAffinity Technologies Inc. Common Stock,$9.75,3.16,47.951%,46047677,5775637.00,United States,2022,Biotechnology: Commercial Physical & Biological Resarch,Health Care,/market-activity/stocks/biaf
BIAFW,bioAffinity Technologies Inc. Warrant,$0.22,0.06,37.50%,119882,130322.00,United States,2022,Biotechnology: Commercial Physical & Biological Resarch,Health Care,/market-activity/stocks/biafw
BID,Tribeca Strategic Acquisition Corp. Class A Ordinary Shares,$9.89,0.00,0.00%,46,0.00,United States,2026,Blank Checks,Finance,/market-activity/stocks/bid
BIDU,Baidu Inc. ADS,$94.34,-0.52,-0.548%,1094254,32099435850.00,China,2005,Computer Software: Programming Data Processing,Technology,/market-activity/stocks/bidu
BIDWR,Tribeca Strategic Acquisition Corp. Rights,$0.13,0.0283,27.827%,39262,0.00,United States,2026,Blank Checks,Finance,/market-activity/stocks/bidwr
BIIB,Biogen Inc. Common Stock,$222.67,6.63,3.069%,1268284,32900382735.00,United States,,Biotechnology: Biological Products (No Diagnostic Substances),Health Care,/market-activity/stocks/biib
BILI,Bilibili Inc. American Depositary Shares,$15.45,-0.34,-2.153%,2901149,6436835346.00,China,2018,EDP Services,Technology,/market-activity/stocks/bili
BIOA,BioAge Labs Inc. Common Stock,$9.73,0.21,2.206%,541291,446576925.00,United States,2024,Biotechnology: Pharmaceutical Preparations,Health Care,/market-activity/stocks/bioa
BIOT,Instinct Bio Technical Company Holdings Inc. Ordinary Shares,$0.4082,-0.0135,-3.201%,74243,11737322.00,Japan,,Package Goods/Cosmetics,Consumer Discretionary,/market-activity/stocks/biot
BIOTW,Instinct Bio Technical Company Holdings Inc. Warrants,$0.0175,-0.0015,-7.895%,2268,503192.00,Japan,,Package Goods/Cosmetics,Consumer Discretionary,/market-activity/stocks/biotw
BIOX,Bioceres Crop Solutions Corp. Ordinary Shares,$0.447,-0.0129,-2.805%,200412,28263023.00,Argentina,,Agricultural Chemicals,Industrials,/market-activity/stocks/biox
BIRD,Smartbird Inc. Class A Common Stock,$2.435,0.085,3.617%,466409,28755385.00,United States,2021,Apparel,Consumer Discretionary,/market-activity/stocks/bird
BIVI,BioVie Inc. Class A Common Stock,$2.03,-0.21,-9.375%,519413,17155830.00,United States,,Biotechnology: Pharmaceutical Preparations,Health Care,/market-activity/stocks/bivi
BIVIW,BioVie Inc. Warrant,$0.30,-0.04,-11.765%,21142,2535344.00,United States,,Biotechnology: Pharmaceutical Preparations,Health Care,/market-activity/stocks/biviw
BIXI,Bitcoin Infrastructure Acquisition Corp Ltd. Class A Ordinary Shares,$10.10,0.015,0.149%,250131,0.00,United States,2025,,,/market-activity/stocks/bixi
BIXIU,Bitcoin Infrastructure Acquisition Corp Ltd. Unit ,$10.26,0.00,0.00%,43,0.00,United States,2025,Blank Checks,Finance,/market-activity/stocks/bixiu
BIXIW,Bitcoin Infrastructure Acquisition Corp Ltd. Warrant,$0.3575,0.0475,15.323%,270,0.00,United States,2025,,,/market-activity/stocks/bixiw
BIYA,Baiya International Group Inc Class A Ordinary Shares,$2.19,-0.01,-0.455%,91588,13973847.00,China,2025,Diversified Commercial Services,Consumer Discretionary,/market-activity/stocks/biya
BJDX,Bluejay Diagnostics Inc. Common Stock,$0.8491,0.0016,0.189%,270914,3793822.00,United States,2021,Medical/Dental Instruments,Health Care,/market-activity/stocks/bjdx
BJRI,BJ's Restaurants Inc. Common Stock,$60.71,-1.04,-1.684%,484763,1291530273.00,United States,,Restaurants,Consumer Discretionary,/market-activity/stocks/bjri
BKHA,Black Hawk Acquisition Corporation Class A Ordinary Shares,$11.99,0.02,0.167%,637,0.00,United States,2024,Biotechnology: Biological Products (No Diagnostic Substances),Health Care,/market-activity/stocks/bkha
BKHAR,Black Hawk Acquisition Corporation Rights,$1.29,0.00,0.00%,2,0.00,United States,2024,Biotechnology: Biological Products (No Diagnostic Substances),Health Care,/market-activity/stocks/bkhar
BKHAU,Black Hawk Acquisition Corporation Units,$12.47,0.47,3.917%,1820,0.00,United States,2024,,,/market-activity/stocks/bkhau
BKNG,Booking Holdings Inc. Common Stock,$199.60,3.91,1.998%,4846069,149975547800.00,United States,,Transportation Services,Consumer Discretionary,/market-activity/stocks/bkng
BKR,Baker Hughes Company Class A Common Stock,$64.63,0.975,1.532%,5193735,64156525209.00,United States,,Oil and Gas Field Machinery,Consumer Discretionary,/market-activity/stocks/bkr
BKYI,BIO-key International Inc. Common Stock,$2.93,-0.08,-2.658%,6378,4208488.00,United States,,Computer Software: Prepackaged Software,Technology,/market-activity/stocks/bkyi
BL,BlackLine Inc. Common Stock,$32.18,-0.03,-0.093%,612486,1870471189.00,United States,2016,Computer Software: Prepackaged Software,Technology,/market-activity/stocks/bl
BLBD,Blue Bird Corporation Common Stock,$61.71,1.16,1.916%,645736,1954728367.00,United States,2014,Construction/Ag Equipment/Trucks,Consumer Discretionary,/market-activity/stocks/blbd
BLDP,Ballard Power Systems Inc. Common Shares,$2.24,0.00,0.00%,2245881,675374547.00,Canada,,Industrial Machinery/Components,Energy,/market-activity/stocks/bldp
BLFS,BioLife Solutions Inc. Common Stock,$35.92,0.45,1.269%,967500,1756728808.00,United States,,Biotechnology: Electromedical & Electrotherapeutic Apparatus,Health Care,/market-activity/stocks/blfs
BLIN,Bridgeline Digital Inc. Common Stock,$0.98,0.0051,0.523%,14498,12347881.00,United States,2007,Computer Software: Prepackaged Software,Technology,/market-activity/stocks/blin
BLIV,BeLive Holdings Ordinary Share,$2.15,0.00,0.00%,268,23359324.00,Singapore,2025,EDP Services,Technology,/market-activity/stocks/bliv
BLKB,Blackbaud Inc. Common Stock,$47.47,-0.31,-0.649%,391445,2154667905.00,United States,2004,Computer Software: Prepackaged Software,Technology,/market-activity/stocks/blkb
BLLN,BillionToOne Inc. Class A Common Stock,$96.15,3.83,4.149%,415052,4537033704.00,United States,2025,Medical Specialities,Health Care,/market-activity/stocks/blln
BLMN,Bloomin' Brands Inc. Common Stock,$9.93,0.19,1.951%,2203889,850215706.00,United States,2012,Restaurants,Consumer Discretionary,/market-activity/stocks/blmn
BLNE,Beeline Holdings Inc. Common Stock,$1.07,0.02,1.905%,424518,35233118.00,United States,,Finance: Consumer Services,Finance,/market-activity/stocks/blne
BLNK,Blink Charging Co. Common Stock,$0.5185,0.0108,2.127%,572553,75150724.00,United States,,Industrial Machinery/Components,Miscellaneous,/market-activity/stocks/blnk
BLRK,Bluerock Acquisition Corp. Class A Ordinary Shares,$10.08,0.00,0.00%,861253,0.00,United States,2026,,,/market-activity/stocks/blrk
BLRKU,Bluerock Acquisition Corp. Unit,$10.23,0.00,0.00%,2,0.00,United States,2025,,,/market-activity/stocks/blrku
BLRKW,Bluerock Acquisition Corp. Warrants,$0.3349,-0.0451,-11.868%,130,0.00,United States,2026,,,/market-activity/stocks/blrkw
BLRX,BioLineRx Ltd. American Depositary Shares,$2.74,-0.02,-0.725%,28344,13286235.00,Israel,,Biotechnology: Pharmaceutical Preparations,Health Care,/market-activity/stocks/blrx
BLSM,BlossomHill Therapeutics Inc. Common Stock,$19.38,0.39,2.054%,109707,586303818.00,United States,2026,Biotechnology: Pharmaceutical Preparations,Health Care,/market-activity/stocks/blsm
BLTE,Belite Bio Inc American Depositary Shares,$160.66,3.96,2.527%,212711,6470122655.00,United States,2022,Biotechnology: Pharmaceutical Preparations,Health Care,/market-activity/stocks/blte
BLUW,Blue Water Acquisition Corp. III Class A Ordinary Shares,$10.3688,0.00,0.00%,87,75121956.00,United States,2025,,,/market-activity/stocks/bluw
BLZE,Backblaze Inc. Class A Common Stock,$13.20,-0.33,-2.439%,1097304,817080000.00,United States,2021,Computer Software: Prepackaged Software,Technology,/market-activity/stocks/blze
BLZR,Trailblazer Acquisition Corp. Class A Ordinary Shares,$10.21,0.00,0.00%,16032,0.00,United States,2025,Blank Checks,Finance,/market-activity/stocks/blzr
BLZRU,Trailblazer Acquisition Corp. Unit,$10.27,-0.06,-0.581%,2419,0.00,United States,2025,,,/market-activity/stocks/blzru
BMBL,Bumble Inc. Class A Common Stock,$2.83,0.15,5.597%,2886410,373470329.00,United States,2021,Computer Software: Programming Data Processing,Technology,/market-activity/stocks/bmbl
BMEA,Biomea Fusion Inc. Common Stock,$1.935,0.135,7.50%,2136617,140256254.00,United States,2021,Biotechnology: Pharmaceutical Preparations,Health Care,/market-activity/stocks/bmea
BMGL,Basel Medical Group Ltd Ordinary Shares,$4.94,-0.14,-2.756%,3026,7733471.00,Singapore,2025,Medical/Nursing Services,Health Care,/market-activity/stocks/bmgl
BMHL,Bluemount Holdings Limited Class B Ordinary Shares,$5.90,-0.0114,-0.193%,1344,150568867.00,Hong Kong,2025,Finance: Consumer Services,Finance,/market-activity/stocks/bmhl
BMM,Blue Moon Metals Inc. Common Shares,$5.96,0.21,3.652%,165666,624983486.00,Canada,,,,/market-activity/stocks/bmm
BMR,Beamr Imaging Ltd. Ordinary Share,$1.19,-0.0001,-0.008%,23584,18480526.00,Israel,2023,Computer Software: Prepackaged Software,Technology,/market-activity/stocks/bmr
BMRA,Biomerica Inc. Common Stock,$2.20,0.11,5.263%,72829,10095730.00,United States,,Biotechnology: In Vitro & In Vivo Diagnostic Substances,Health Care,/market-activity/stocks/bmra
BMRC,Bank of Marin Bancorp Common Stock,$27.04,0.57,2.153%,92621,437892466.00,United States,,Major Banks,Finance,/market-activity/stocks/bmrc
BMRN,BioMarin Pharmaceutical Inc. Common Stock,$66.97,2.13,3.285%,2521481,12963634640.00,United States,1999,Biotechnology: Pharmaceutical Preparations,Health Care,/market-activity/stocks/bmrn
BNAI,Brand Engagement Network Inc. Common Stock,$10.59,-0.54,-4.852%,90739,79458719.00,United States,2021,EDP Services,Technology,/market-activity/stocks/bnai
BNC,CEA Industries Inc. Common Stock,$2.83,0.02,0.712%,191376,116776696.00,United States,,Farming/Seeds/Milling,Consumer Staples,/market-activity/stocks/bnc
BNCWW,CEA Industries Inc. Warrant,$0.018,0.0031,20.805%,109,742749.00,United States,,Farming/Seeds/Milling,Consumer Staples,/market-activity/stocks/bncww
BNCWZ,CEA Industries Inc. Warrant,$0.0575,0.00,0.00%,16,2372671.00,United States,,Farming/Seeds/Milling,Consumer Staples,/market-activity/stocks/bncwz
BNGO,Bionano Genomics Inc. Common Stock,$1.27,0.05,4.098%,300753,14956790.00,United States,2018,Biotechnology: Laboratory Analytical Instruments,Industrials,/market-activity/stocks/bngo
BNKK,Bonk Inc. Common Stock,$1.21,-0.01,-0.82%,43397,9681137.00,United States,2020,Package Goods/Cosmetics,Consumer Discretionary,/market-activity/stocks/bnkk
BNR,Burning Rock Biotech Limited American Depositary Shares,$9.15,-0.07,-0.759%,3626,96499038.00,China,2020,Medical Specialities,Health Care,/market-activity/stocks/bnr
BNTC,Benitec Biopharma Inc. Common Stock,$12.88,0.57,4.63%,191446,442483822.00,United States,2015,Biotechnology: Pharmaceutical Preparations,Health Care,/market-activity/stocks/bntc
BNTX,BioNTech SE American Depositary Share,$103.81,1.865,1.829%,753655,26077525234.00,Germany,2019,Biotechnology: Biological Products (No Diagnostic Substances),Health Care,/market-activity/stocks/bntx
BODI,The Beachbody Company Inc. Class A Common Stock,$5.83,0.14,2.46%,24142,42331525.00,United States,,Other Consumer Services,Consumer Discretionary,/market-activity/stocks/bodi
BOF,BranchOut Food Inc. Common Stock,$3.915,0.005,0.128%,15962,63656749.00,United States,2023,Packaged Foods,Consumer Staples,/market-activity/stocks/bof
BOKF,BOK Financial Corporation Common Stock,$136.12,2.52,1.886%,282725,8271585936.00,United States,,Major Banks,Finance,/market-activity/stocks/bokf
BOLD,Boundless Bio Inc. Common Stock,$2.89,0.00,0.00%,81540,65741677.00,United States,2024,Biotechnology: Pharmaceutical Preparations,Health Care,/market-activity/stocks/bold
BOLT,Bolt Biotherapeutics Inc. Common Stock,$3.84,-0.23,-5.651%,34545,7397165.00,United States,2021,Biotechnology: Pharmaceutical Preparations,Health Care,/market-activity/stocks/bolt
BON,Bon Natural Life Limited Class A Ordinary Shares,$1.14,-0.04,-3.39%,6421,9266843.00,China,2021, Medicinal Chemicals and Botanical Products ,Health Care,/market-activity/stocks/bon
BOOM,DMC Global Inc. Common Stock,$6.84,0.18,2.703%,64067,140500091.00,United States,,Industrial Specialties,Industrials,/market-activity/stocks/boom
BOSC,B.O.S. Better Online Solutions Common Stock,$4.66,0.00,0.00%,13868,32852115.00,Israel,,Computer Communications Equipment,Telecommunications,/market-activity/stocks/bosc
BOT,RoboStrategy Inc. Common Stock,$26.24,0.90,3.552%,210348,0.00,Puerto Rico,,,,/market-activity/stocks/bot
BOTJ,Bank of the James Financial Group Inc. Common Stock,$27.00,0.35,1.313%,52604,122670126.00,United States,,Major Banks,Finance,/market-activity/stocks/botj
BOXL,Boxlight Corporation Class A Common Stock,$6.11,0.06,0.992%,90695,4077771.00,United States,2017,Other Consumer Services,Real Estate,/market-activity/stocks/boxl
BPAC,Blueport Acquisition Ltd Class A Ordinary Shares,$10.185,0.00,0.00%,121,0.00,United States,2026,,,/market-activity/stocks/bpac
BPOP,Popular Inc. Common Stock,$170.57,3.34,1.997%,747396,10878698916.00,United States,,Major Banks,Finance,/market-activity/stocks/bpop
BPOPM,Popular Inc. Popular Capital Trust II - 6.125% Cumulative Monthly Income Trust Preferred Securities,$25.19,-0.01,-0.04%,1494,1606580440.00,United States,,Major Banks,Finance,/market-activity/stocks/bpopm
BPRN,Princeton Bancorp Inc. Common Stock (PA),$42.98,0.72,1.704%,27895,292831379.00,United States,,Major Banks,Finance,/market-activity/stocks/bprn
BPYPM,Brookfield Property Partners L.P. 6.25% Class A Cumulative Redeemable Preferred Units Series 1,$17.09,0.24,1.424%,14165,21169853009.00,Bermuda,,Real Estate,Finance,/market-activity/stocks/bpypm
BPYPN,Brookfield Property Partners L.P. 5.750% Class A Cumulative Redeemable Perpetual Preferred Units Series 3,$13.8431,0.0931,0.677%,7216,17147828683.00,Bermuda,,Real Estate,Finance,/market-activity/stocks/bpypn
BPYPO,Brookfield Property Partners L.P. 6.375% Class A Cumulative Redeemable Perpetual Preferred Units Series 2,$15.09,0.04,0.266%,11859,18692398005.00,Bermuda,,Real Estate,Finance,/market-activity/stocks/bpypo
BPYPP,Brookfield Property Partners L.P. 6.50% Class A Cumulative Redeemable Perpetual Preferred Units,$16.10,-0.075,-0.464%,3980,19943512782.00,Bermuda,,Real Estate,Finance,/market-activity/stocks/bpypp
BRAG,Bragg Gaming Group Inc. Common Shares,$1.36,0.05,3.817%,50559,42246229.00,Canada,,Office Equipment/Supplies/Services,Technology,/market-activity/stocks/brag
BRAI,Braiin Limited Common Stock,$5.76,-0.07,-1.201%,21812,1187068193.00,Australia,,EDP Services,Technology,/market-activity/stocks/brai
BRBI,BRBI BR Partners S.A. ADSs,$11.095,0.405,3.789%,474,556264978.00,Brazil,,Finance: Consumer Services,Finance,/market-activity/stocks/brbi
BRCB,Black Rock Coffee Bar Inc. Class A Common Stock,$9.54,0.22,2.361%,319640,477693358.00,United States,2025,Restaurants,Consumer Discretionary,/market-activity/stocks/brcb
BREZ,Breeze Acquisition Corp. II Ordinary Shares,$10.0361,0.0361,0.361%,809,0.00,United States,2026,Blank Checks,Finance,/market-activity/stocks/brez
BRFH,Barfresh Food Group Inc. Common Stock,$1.21,-0.08,-6.202%,43874,19732888.00,United States,,Packaged Foods,Consumer Staples,/market-activity/stocks/brfh
BRID,Bridgford Foods Corporation Common Stock,$5.96,-0.22,-3.56%,7380,54097919.00,United States,,Specialty Foods,Consumer Staples,/market-activity/stocks/brid
BRKH,Burtech Acquisition Corp II Class A Ordinary Shares,$9.97,0.00,0.00%,545,0.00,United States,2026,Blank Checks,Finance,/market-activity/stocks/brkh
BRKHW,Burtech Acquisition Corp II Warrants,$0.15,0.00,0.00%,8000,0.00,United States,2026,Blank Checks,Finance,/market-activity/stocks/brkhw
BRKR,Bruker Corporation Common Stock,$59.02,2.99,5.336%,1899793,8992246830.00,United States,,Biotechnology: Laboratory Analytical Instruments,Industrials,/market-activity/stocks/brkr
BRKRP,Bruker Corporation 6.375% Mandatory Convertible Preferred Stock Series A,$435.53,20.37,4.907%,1099,66357052897.00,United States,,Biotechnology: Laboratory Analytical Instruments,Industrials,/market-activity/stocks/brkrp
BRLS,Borealis Foods Inc. Class A Common Shares,$1.17,0.03,2.632%,45775,25112068.00,Canada,2021,Packaged Foods,Consumer Staples,/market-activity/stocks/brls
BRLSW,Borealis Foods Inc. Warrant,$0.0308,0.0002,0.654%,1032,661070.00,Canada,2021,Packaged Foods,Consumer Staples,/market-activity/stocks/brlsw
BRLT,Brilliant Earth Group Inc. Class A Common Stock,$1.31,-0.03,-2.239%,102491,133387861.00,United States,2021,Consumer Specialties,Consumer Discretionary,/market-activity/stocks/brlt
BRNS,Barinthus Biotherapeutics plc American Depositary Shares,$0.743,-0.022,-2.876%,190955,30350727.00,United Kingdom,2021,Biotechnology: Pharmaceutical Preparations,Health Care,/market-activity/stocks/brns
BRNX,BrenX Ltd. Ordinary Shares,$3.16,-0.36,-10.227%,2241309,5356285.00,Israel,,Building Products,Industrials,/market-activity/stocks/brnx
BRR,ProCap Financial Inc. Common Stock,$2.31,0.23,11.058%,1668712,204133718.00,United States,2025,Finance: Consumer Services,Finance,/market-activity/stocks/brr
BRRWW,ProCap Financial Inc. Warrant,$0.283,0.0369,14.994%,42127,25008590.00,United States,2025,Finance: Consumer Services,Finance,/market-activity/stocks/brrww
BRTMU,B&R Technology Merger Corp. Units,$9.96,-0.005,-0.05%,192516,0.00,United States,2026,,,/market-activity/stocks/brtmu
BRTX,BioRestorative Therapies Inc. Common Stock (NV),$0.2017,0.0034,1.715%,489295,5138947.00,United States,,Managed Health Care,Health Care,/market-activity/stocks/brtx
BRUN,Boost Run Inc. Class A Common Stock,$16.55,-0.27,-1.605%,2653770,1315517149.00,United States,,EDP Services,Technology,/market-activity/stocks/brun
BRVE,Braveheart Bio Inc. Common Stock,$26.95,0.67,2.549%,394523,1979890859.00,United States,2026,Biotechnology: Pharmaceutical Preparations,Health Care,/market-activity/stocks/brve
BRZE,Braze Inc. Class A Common Stock,$32.94,0.16,0.488%,1307660,4037778579.00,United States,2021,Computer Software: Prepackaged Software,Technology,/market-activity/stocks/brze
BSAA,BEST SPAC I Acquisition Corp. Class A Ordinary Shares,$11.185,0.00,0.00%,96,,Hong Kong,2025,Blank Checks,Finance,/market-activity/stocks/bsaa
BSBK,Bogota Financial Corp. Common Stock,$9.05,-0.05,-0.549%,10710,115489883.00,United States,2020,Banks,Finance,/market-activity/stocks/bsbk
BSEM,BioStem Technologies Inc. Common Stock,$3.54,0.04,1.143%,60769,63187127.00,United States,,Biotechnology: Biological Products (No Diagnostic Substances),Health Care,/market-activity/stocks/bsem
BSET,Bassett Furniture Industries Incorporated Common Stock,$18.87,0.25,1.343%,18750,163381536.00,United States,,Home Furnishings,Consumer Discretionary,/market-activity/stocks/bset
BSIN,Big Sky Industrial Inc. Common Stock,$1.55,0.04,2.649%,1033743,81364813.00,United States,,Oil & Gas Production,Energy,/market-activity/stocks/bsin
BSP,Bending Spoons S.p.A. Ordinary Shares,$40.87,0.37,0.914%,485454,28129974991.00,Italy,2026,Computer Software: Programming Data Processing,Technology,/market-activity/stocks/bsp
BSRR,Sierra Bancorp Common Stock,$40.38,0.96,2.435%,60965,523461971.00,United States,,Major Banks,Finance,/market-activity/stocks/bsrr
BSVN,Bank7 Corp. Common stock,$52.24,0.82,1.595%,50220,497630717.00,United States,2018,Major Banks,Finance,/market-activity/stocks/bsvn
BSY,Bentley Systems Incorporated Class B Common Stock,$35.12,-0.50,-1.404%,1152013,10609502262.00,United States,2020,Computer Software: Prepackaged Software,Technology,/market-activity/stocks/bsy
BTAI,BioXcel Therapeutics Inc. Common Stock,$0.107,-0.03,-21.898%,46794657,3349688.00,United States,2018,Biotechnology: Pharmaceutical Preparations,Health Care,/market-activity/stocks/btai
BTBD,BT Brands Inc. Common Stock,$1.52,0.02,1.333%,17157,9400780.00,United States,2021,Restaurants,Consumer Discretionary,/market-activity/stocks/btbd
BTBDW,BT Brands Inc. Warrant,$0.0316,0.00,0.00%,7,195437.00,United States,2021,Restaurants,Consumer Discretionary,/market-activity/stocks/btbdw
BTBT,Bit Digital Inc. Ordinary Shares,$1.39,0.05,3.731%,21973305,501280569.00,United States,2018,Finance: Consumer Services,Finance,/market-activity/stocks/btbt
BTCS,BTCS Inc. Common Stock,$1.25,-0.01,-0.794%,2068383,65589926.00,United States,,Finance: Consumer Services,Finance,/market-activity/stocks/btcs
BTCT,BTC Digital Ltd. Ordinary Shares,$1.76,0.01,0.571%,3462373,20768998.00,China,,Finance: Consumer Services,Finance,/market-activity/stocks/btct
BTDR,Bitdeer Technologies Group Class A Ordinary Shares,$10.74,0.39,3.768%,9737183,2918941311.00,Singapore,,Finance: Consumer Services,Finance,/market-activity/stocks/btdr
BTLN,Brightline Interactive Inc. Common Stock,$0.92,-0.0228,-2.418%,66091,19962907.00,United States,2021,EDP Services,Technology,/market-activity/stocks/btln
BTMD,Biote Corp. Class A Common Stock,$1.69,0.02,1.198%,585150,60717421.00,United States,, Medicinal Chemicals and Botanical Products ,Health Care,/market-activity/stocks/btmd
BTOC,Armlogi Holding Corp. Common Stock,$0.296,-0.0048,-1.596%,9675,13451151.00,United States,2024,Office Equipment/Supplies/Services,Consumer Discretionary,/market-activity/stocks/btoc
BTOG,Bit Origin Limited Class A Ordinary Shares,$2.32,-0.26,-10.078%,51030,1930685.00,United States,2019,Finance: Consumer Services,Finance,/market-activity/stocks/btog
BTQ,BTQ Technologies Corp. Common Stock,$3.27,0.28,9.365%,5129874,480953814.00,Canada,,,,/market-activity/stocks/btq
BTSG,BrightSpring Health Services Inc. Common Stock,$60.25,1.09,1.842%,1767446,11921320520.00,United States,2024,Medical/Nursing Services,Health Care,/market-activity/stocks/btsg
BTSGU,BrightSpring Health Services Inc. Tangible Equity Unit,$198.69,3.66,1.877%,54118,39313646044.00,United States,2024,Medical/Nursing Services,Health Care,/market-activity/stocks/btsgu
BTTC,Black Titan Corporation Ordinary Shares,$0.4227,0.0204,5.071%,182266,4554432.00,Malaysia,,Biotechnology: Biological Products (No Diagnostic Substances),Health Care,/market-activity/stocks/bttc
BULL,Webull Corporation Class A Ordinary Shares,$9.00,-0.13,-1.424%,10993627,4864363965.00,United States,,Investment Bankers/Brokers/Service,Finance,/market-activity/stocks/bull
BULLW,Webull Corporation Warrants,$3.05,-0.02,-0.651%,1015,1648478899.00,United States,,Investment Bankers/Brokers/Service,Finance,/market-activity/stocks/bullw
BUSE,First Busey Corporation Class A Common Stock,$30.46,0.56,1.873%,719257,2515294080.00,United States,,Major Banks,Finance,/market-activity/stocks/buse
BUSEP,First Busey Corporation Depositary Shares Each Representing a 1/40thInterest in a Share of 8.25% Fixed-Rate Series B Non-Cumulative Perpetual Preferred Stock $0.001 par value,$25.93,0.03,0.116%,15184,2141220469.00,United States,,Major Banks,Finance,/market-activity/stocks/busep
BUUU,BUUU Group Limited Class A Ordinary Share,$29.60,0.50,1.718%,38976,493580000.00,Hong Kong,2025,Services-Misc. Amusement & Recreation,Consumer Discretionary,/market-activity/stocks/buuu
BVC,BitVentures Limited Ordinary Shares,$14.97,1.32,9.67%,88576,2514960000.00,China,2021,Investment Managers,Finance,/market-activity/stocks/bvc
BVFL,BV Financial Inc. Common Stock,$21.55,0.33,1.555%,20962,182541516.00,United States,2023,Savings Institutions,Finance,/market-activity/stocks/bvfl
BVS,Bioventus Inc. Class A Common Stock,$14.37,0.70,5.121%,668340,1208400316.00,United States,2021,Medical/Dental Instruments,Health Care,/market-activity/stocks/bvs
BWAY,BrainsWay Ltd. American Depositary Shares,$14.28,0.01,0.07%,86475,571671611.00,Israel,2019,Medical/Dental Instruments,Health Care,/market-activity/stocks/bway
BWB,Bridgewater Bancshares Inc. Common Stock,$21.34,0.42,2.008%,138987,595040783.00,United States,2018,Major Banks,Finance,/market-activity/stocks/bwb
BWBBP,Bridgewater Bancshares Inc. Depositary Shares Each Representing a 1/100th Interest in a Share of 5.875% Non-Cumulative Perpetual Preferred Stock Series A,$19.88,0.00,0.00%,189,554330401.00,United States,,Major Banks,Finance,/market-activity/stocks/bwbbp
BWEN,Broadwind Inc. Common Stock,$4.11,-0.045,-1.083%,184539,97231803.00,United States,,Metal Fabrications,Telecommunications,/market-activity/stocks/bwen
BWFG,Bankwell Financial Group Inc. Common Stock,$65.88,0.42,0.642%,72376,525193515.00,United States,2014,Major Banks,Finance,/market-activity/stocks/bwfg
BWIN,The Baldwin Insurance Group Inc. Class A Common Stock,$31.01,0.75,2.479%,1615897,4325843337.00,United States,2019,Specialty Insurers,Finance,/market-activity/stocks/bwin
BWMN,Bowman Consulting Group Ltd. Common Stock,$42.60,0.00,0.00%,246980,738492811.00,United States,2021,Professional Services,Consumer Discretionary,/market-activity/stocks/bwmn
BXBL,BOXABL Inc. Common stock,$4.14,0.13,3.242%,104710,999782440.00,United States,2025,Homebuilding,Consumer Discretionary,/market-activity/stocks/bxbl
BYAH,Park Ha Biological Technology Co. Ltd. Class A Ordinary Shares,$2.70,-0.08,-2.878%,11617,6332923.00,China,2024,Package Goods/Cosmetics,Consumer Discretionary,/market-activity/stocks/byah
BYFC,Broadway Financial Corporation Class A Common Stock,$11.97,0.17,1.441%,2095,111064184.00,United States,,Savings Institutions,Finance,/market-activity/stocks/byfc
BYND,Beyond Meat Inc. Common Stock,$11.57,-0.88,-7.068%,1799700,198934187.00,United States,2019,Packaged Foods,Consumer Staples,/market-activity/stocks/bynd
BYRN,Byrna Technologies Inc. Common Stock,$3.44,0.045,1.325%,120673,78422905.00,United States,,Industrial Machinery/Components,Miscellaneous,/market-activity/stocks/byrn
BYSI,BeyondSpring Inc. Ordinary Shares,$0.611,0.0084,1.394%,40321,25124210.00,United States,2017,Biotechnology: Pharmaceutical Preparations,Health Care,/market-activity/stocks/bysi
BZ,KANZHUN LIMITED American Depository Shares,$17.30,-0.25,-1.425%,5386556,8006538662.00,China,2021,Computer Software: Programming Data Processing,Technology,/market-activity/stocks/bz
BZAI,Blaize Holdings Inc. Common Stock,$0.4766,0.0199,4.357%,2266965,69026950.00,United States,2025,Semiconductors,Technology,/market-activity/stocks/bzai
BZAIW,Blaize Holdings Inc. Warrants,$0.098,-0.0055,-5.314%,28840,14193540.00,United States,2025,Semiconductors,Technology,/market-activity/stocks/bzaiw
BZFD,BuzzFeed Inc. Class A Common Stock,$1.11,0.01,0.909%,216185,92501554.00,United States,2021,Telecommunications Equipment,Consumer Discretionary,/market-activity/stocks/bzfd
BZFDW,BuzzFeed Inc. Warrant,$0.0105,-0.0024,-18.605%,41498,875015.00,United States,2021,Telecommunications Equipment,Consumer Discretionary,/market-activity/stocks/bzfdw
BZUN,Baozun Inc. American Depositary Shares,$2.82,0.08,2.92%,222400,163922057.00,China,2015,Catalog/Specialty Distribution,Consumer Discretionary,/market-activity/stocks/bzun
CAAS,China Automotive Systems Inc. Ordinary Share,$5.415,-0.065,-1.186%,26859,163374351.00,China,,Auto Parts:O.E.M.,Consumer Discretionary,/market-activity/stocks/caas
CABA,Cabaletta Bio Inc. Common Stock,$3.57,0.27,8.182%,8049231,605277239.00,United States,2019,Biotechnology: Biological Products (No Diagnostic Substances),Health Care,/market-activity/stocks/caba
CABR,Caring Brands Inc. Common Stock,$1.46,0.11,8.148%,338509,15137610.00,United States,,Package Goods/Cosmetics,Consumer Discretionary,/market-activity/stocks/cabr
CAC,Camden National Corporation Common Stock,$57.09,0.92,1.638%,106682,964652527.00,United States,,Major Banks,Finance,/market-activity/stocks/cac
CACC,Credit Acceptance Corporation Common Stock,$607.77,13.59,2.287%,90683,6309005107.00,United States,1992,Finance: Consumer Services,Finance,/market-activity/stocks/cacc
CADL,Candel Therapeutics Inc. Common Stock,$13.20,0.35,2.724%,807882,1010045058.00,United States,2021,Biotechnology: Biological Products (No Diagnostic Substances),Health Care,/market-activity/stocks/cadl
CAE,CAE Inc. Common Shares,$23.72,0.16,0.679%,1033252,7626185415.00,Canada,,Industrial Machinery/Components,Miscellaneous,/market-activity/stocks/cae
CAES,Cantor Equity Partners VII Inc. Class A Ordinary Shares,$10.09,-0.005,-0.05%,5928,0.00,United States,2026,Blank Checks,Finance,/market-activity/stocks/caes
CAI,Caris Life Sciences Inc. Common Stock,$24.80,0.02,0.081%,5488382,7008360613.00,United States,2025,Medical Specialities,Health Care,/market-activity/stocks/cai
CAII,Collective Acquisition Corp. II Class A Ordinary Shares,$9.99,0.00,0.00%,14596,0.00,United States,2026,Blank Checks,Finance,/market-activity/stocks/caii
CAIIU,Collective Acquisition Corp. II Units,$10.06,0.00,0.00%,35,0.00,United States,2026,Blank Checks,Finance,/market-activity/stocks/caiiu
CAKE,Cheesecake Factory Incorporated (The) Common Stock,$108.57,0.21,0.194%,1236971,5402512033.00,United States,1992,Restaurants,Consumer Discretionary,/market-activity/stocks/cake
CALC,CalciMedica Inc. Common Stock,$2.10,0.10,5.00%,113739,14339413.00,United States,2023,Biotechnology: Pharmaceutical Preparations,Health Care,/market-activity/stocks/calc
CALM,Cal-Maine Foods Inc. Common Stock,$78.82,-0.20,-0.253%,606559,3697910844.00,United States,1996,Farming/Seeds/Milling,Consumer Staples,/market-activity/stocks/calm
CAMP,CAMP4 Therapeutics Corporation Common Stock,$3.80,0.01,0.264%,215209,238462160.00,United States,2024,Biotechnology: Pharmaceutical Preparations,Health Care,/market-activity/stocks/camp
CAMT,Camtek Ltd. Ordinary Shares,$131.91,3.77,2.942%,541289,6140226749.00,Israel,2000,Electronic Components,Technology,/market-activity/stocks/camt
CAN,Canaan Inc. American Depositary Shares,$0.3077,-0.0099,-3.117%,11457814,236919714.00,China,2019,Finance: Consumer Services,Finance,/market-activity/stocks/can
CAPN,Cayson Acquisition Corp Ordinary shares,$11.25,0.00,0.00%,35,0.00,United States,2024,,,/market-activity/stocks/capn
CAPNR,Cayson Acquisition Corp Right,$0.19,0.0032,1.713%,117,0.00,United States,2024,Blank Checks,Finance,/market-activity/stocks/capnr
CAPR,Capricor Therapeutics Inc. Common Stock,$9.89,-0.12,-1.199%,5165612,574994601.00,United States,,Biotechnology: Pharmaceutical Preparations,Health Care,/market-activity/stocks/capr
CAPS,Capstone Holding Corp. Common Stock,$0.1868,0.0018,0.973%,140986,4062900.00,United States,,RETAIL: Building Materials,Consumer Discretionary,/market-activity/stocks/caps
CAQ,Cambridge Acquisition Corp. Class A Ordinary Shares,$10.00,0.00,0.00%,5083,0.00,United States,2026,,,/market-activity/stocks/caq
CAR,Avis Budget Group Inc. Common Stock,$137.84,-2.86,-2.033%,249074,4869301931.00,United States,,Rental/Leasing Companies,Consumer Discretionary,/market-activity/stocks/car
CARE,Carter Bankshares Inc. Common Stock,$31.61,0.84,2.73%,356704,700601859.00,United States,,Major Banks,Finance,/market-activity/stocks/care
CARG,CarGurus Inc. Class A Common Stock ,$34.63,-0.14,-0.403%,720437,3084614543.00,United States,2017,EDP Services,Technology,/market-activity/stocks/carg
CARL,Carlsmed Inc. Common Stock,$16.34,-0.03,-0.183%,116042,446126821.00,United States,2025,Medical/Dental Instruments,Health Care,/market-activity/stocks/carl
CART,Maplebear Inc. Common Stock,$51.53,1.48,2.957%,2717579,11929198453.00,United States,2023,Business Services,Consumer Discretionary,/market-activity/stocks/cart
CASH,Pathward Financial Inc. Common Stock,$81.84,1.50,1.867%,206960,1700091946.00,United States,1993,Major Banks,Finance,/market-activity/stocks/cash
CASS,Cass Information Systems Inc Common Stock,$56.26,1.06,1.92%,55559,720473943.00,United States,,Business Services,Consumer Discretionary,/market-activity/stocks/cass
CAST,FreeCast Inc. Class A Common Stock,$1.37,-0.02,-1.439%,567649,65186055.00,United States,,EDP Services,Technology,/market-activity/stocks/cast
CASY,Casey's General Stores Inc. Common Stock,$753.59,-13.32,-1.737%,377546,27886533141.00,United States,1983,Retail-Auto Dealers and Gas Stations,Consumer Discretionary,/market-activity/stocks/casy
CATLU,Catalyst Acquisition Corp. Units,$9.98,0.00,0.00%,30968,0.00,United States,2026,,,/market-activity/stocks/catlu
CATY,Cathay General Bancorp Common Stock,$62.00,1.27,2.091%,502531,4136256840.00,United States,,Major Banks,Finance,/market-activity/stocks/caty
CBAT,CBAK Energy Technology Limited Ordinary Shares,$1.00,-0.03,-2.913%,433457,88645836.00,China,,Industrial Machinery/Components,Miscellaneous,/market-activity/stocks/cbat
CBC,Central Bancompany Inc. Class A Common Stock,$32.30,0.77,2.442%,529131,7736015796.00,United States,,Major Banks,Finance,/market-activity/stocks/cbc
CBFV,CB Financial Services Inc. Common Stock,$37.27,0.17,0.458%,5532,189390636.00,United States,,Major Banks,Finance,/market-activity/stocks/cbfv
CBIO,Crescent Biopharma Inc. Common Stock,$18.54,0.61,3.402%,214888,688648648.00,United States,2014,Biotechnology: Pharmaceutical Preparations,Health Care,/market-activity/stocks/cbio
CBK,Commercial Bancgroup Inc. Common Stock,$34.39,0.64,1.896%,52221,471186675.00,United States,2025,Major Banks,Finance,/market-activity/stocks/cbk
CBLL,CeriBell Inc. Common Stock,$24.81,0.23,0.936%,502832,952160686.00,United States,2024,Biotechnology: Electromedical & Electrotherapeutic Apparatus,Health Care,/market-activity/stocks/cbll
CBNK,Capital Bancorp Inc. Common Stock,$36.43,0.48,1.335%,48333,593461312.00,United States,2018,Major Banks,Finance,/market-activity/stocks/cbnk
CBRL,Cracker Barrel Old Country Store Inc Common Stock,$54.80,0.60,1.107%,652233,1224860008.00,United States,1981,Restaurants,Consumer Discretionary,/market-activity/stocks/cbrl
CBRS,Cerebras Systems Inc. Class A Common Stock,$184.52,11.90,6.894%,6991706,43835316845.00,United States,2026,Semiconductors,Technology,/market-activity/stocks/cbrs
CBSH,Commerce Bancshares Inc. Common Stock,$57.96,0.82,1.435%,995494,8313329037.00,United States,,Major Banks,Finance,/market-activity/stocks/cbsh
CBUS,Cibus Inc. Class A Common Stock,$1.56,0.00,0.00%,95102,119229184.00,United States,2017,Agricultural Chemicals,Industrials,/market-activity/stocks/cbus
CCAP,Crescent Capital BDC Inc. Common stock,$10.40,-0.08,-0.763%,301116,383197901.00,United States,,Finance: Consumer Services,Finance,/market-activity/stocks/ccap
CCAQ,Collective Acquisition Corp. Class A Ordinary Shares,$10.545,-0.005,-0.047%,5425,0.00,United States,2025,Blank Checks,Finance,/market-activity/stocks/ccaq
CCAQU,Collective Acquisition Corp. Units,$10.68,0.00,0.00%,12,0.00,United States,2025,Blank Checks,Finance,/market-activity/stocks/ccaqu
CCB,Coastal Financial Corporation Common Stock,$48.52,1.35,2.862%,174572,741692586.00,United States,2018,Major Banks,Finance,/market-activity/stocks/ccb
CCBG,Capital City Bank Group Common Stock,$50.98,0.84,1.675%,65342,872435881.00,United States,,Major Banks,Finance,/market-activity/stocks/ccbg
CCC,CCC Intelligent Solutions Holdings Inc. Common Stock,$7.18,-0.06,-0.829%,4738727,4228981975.00,United States,,Computer Software: Prepackaged Software,Technology,/market-activity/stocks/ccc
CCCC,C4 Therapeutics Inc. Common Stock,$3.79,-0.08,-2.067%,1835415,466265265.00,United States,2020,Biotechnology: Biological Products (No Diagnostic Substances),Health Care,/market-activity/stocks/cccc
CCCT,Columbus Circle Capital Corp III Class A Ordinary Shares,$9.83,0.00,0.00%,677,0.00,United States,2026,,,/market-activity/stocks/ccct
CCCTU,Columbus Circle Capital Corp III Units,$9.93,0.00,0.00%,3115,0.00,United States,2026,,,/market-activity/stocks/ccctu
CCCTW,Columbus Circle Capital Corp III Warrants,$0.365,0.00,0.00%,23,0.00,United States,2026,,,/market-activity/stocks/ccctw
CCD,Calamos Dynamic Convertible & Income Fund Common Stock,$24.17,-0.02,-0.083%,60766,0.00,United States,,Trusts Except Educational Religious and Charitable,Finance,/market-activity/stocks/ccd
CCEC,Capital Clean Energy Carriers Corp. Common Share,$22.65,0.045,0.199%,5558,1365563472.00,Greece,2007,Marine Transportation,Consumer Discretionary,/market-activity/stocks/ccec
CCEP,Coca-Cola Europacific Partners plc Ordinary Shares,$107.78,0.18,0.167%,1326077,48930226629.00,United Kingdom,,Beverages (Production/Distribution),Consumer Staples,/market-activity/stocks/ccep
CCG,Cheche Group Inc. Class A Ordinary Shares,$15.47,0.38,2.518%,27503,38758940.00,China,,Specialty Insurers,Finance,/market-activity/stocks/ccg
CCHH,CCH Holdings Ltd Class A Ordinary Shares,$1.25,0.01,0.806%,10661,24769659.00,Malaysia,2025,Restaurants,Consumer Discretionary,/market-activity/stocks/cchh
CCII,Cohen Circle Acquisition Corp. II Class A Ordinary Shares,$10.34,0.03,0.291%,482219,0.00,United States,2025,,,/market-activity/stocks/ccii
CCIIU,Cohen Circle Acquisition Corp. II Unit,$10.4701,0.00,0.00%,1,0.00,United States,2025,,,/market-activity/stocks/cciiu
CCIIW,Cohen Circle Acquisition Corp. II Warrant,$0.75,-0.0499,-6.238%,4553,0.00,United States,2025,,,/market-activity/stocks/cciiw
CCLD,CareCloud Inc. Common Stock,$2.24,-0.02,-0.885%,256084,95186244.00,United States,2014,Computer Software: Prepackaged Software,Technology,/market-activity/stocks/ccld
CCNE,CNB Financial Corporation Common Stock,$34.11,0.69,2.065%,150774,1010368387.00,United States,,Major Banks,Finance,/market-activity/stocks/ccne
CCNEP,CNB Financial Corporation Depositary Shares each representing a 1/40th ownership interest in a share of 7.125% Series A Fixed-Rate Non-Cumulative Perpetual Preferred Stock,$24.85,-0.0501,-0.201%,334,736078992.00,United States,,Major Banks,Finance,/market-activity/stocks/ccnep
CCOI,Cogent Communications Holdings Inc.,$10.22,1.21,13.43%,2646289,523424822.00,United States,,Telecommunications Equipment,Consumer Discretionary,/market-activity/stocks/ccoi
CCSI,Consensus Cloud Solutions Inc. Common Stock,$33.59,-2.54,-7.03%,389685,615534130.00,United States,,Computer Software: Prepackaged Software,Technology,/market-activity/stocks/ccsi
CCTG,CCSC Technology International Holdings Limited Class A Ordinary Shares,$0.6331,-0.0157,-2.42%,15314,8597616.00,Hong Kong,2024,Building Products,Consumer Discretionary,/market-activity/stocks/cctg
CCXI,Churchill Capital Corp XI Class A Ordinary Shares,$13.26,0.21,1.609%,932870,0.00,United States,2026,Blank Checks,Finance,/market-activity/stocks/ccxi
CCXIU,Churchill Capital Corp XI Units,$14.50,0.50,3.571%,533,0.00,United States,2025,Blank Checks,Finance,/market-activity/stocks/ccxiu
CCXIW,Churchill Capital Corp XI Warrants,$6.50,0.20,3.175%,991,0.00,United States,2026,,,/market-activity/stocks/ccxiw
CD,Chaince Digital Holdings Inc. Ordinary Shares,$3.20,0.17,5.611%,231801,352012160.00,China,2015,Finance: Consumer Services,Finance,/market-activity/stocks/cd
CDIO,Cardio Diagnostics Holdings Inc. Common stock,$1.84,-0.01,-0.541%,17806,5445423.00,United States,2022,Biotechnology: In Vitro & In Vivo Diagnostic Substances,Health Care,/market-activity/stocks/cdio
CDLX,Cardlytics Inc. Common Stock,$3.72,0.00,0.00%,26801,21906024.00,United States,2018,Computer Software: Programming Data Processing,Technology,/market-activity/stocks/cdlx
CDNA,CareDx Inc. Common Stock,$49.60,0.63,1.287%,826351,2566017461.00,United States,2014,Medical Specialities,Health Care,/market-activity/stocks/cdna
CDNL,Cardinal Infrastructure Group Inc. Class A Common Stock,$35.44,-0.57,-1.583%,532230,1682445211.00,United States,2025,Military/Government/Technical,Industrials,/market-activity/stocks/cdnl
CDNS,Cadence Design Systems Inc. Common Stock,$306.67,-6.37,-2.035%,2561175,84454771310.00,United States,,Computer Software: Prepackaged Software,Technology,/market-activity/stocks/cdns
CDRO,Codere Online Luxembourg S.A. Ordinary Shares,$8.70,0.05,0.578%,23313,395588261.00,Luxembourg,,Services-Misc. Amusement & Recreation,Consumer Discretionary,/market-activity/stocks/cdro
CDROW,Codere Online Luxembourg S.A. Warrants,$0.6822,0.00,0.00%,101,31019576.00,Luxembourg,,Services-Misc. Amusement & Recreation,Consumer Discretionary,/market-activity/stocks/cdrow
CDT,CDT Equity Inc. Common Stock,$0.9101,-0.5699,-38.507%,1295401,12462787.00,United States,2022,Biotechnology: Pharmaceutical Preparations,Health Care,/market-activity/stocks/cdt
CDTG,CDT Environmental Technology Investment Holdings Limited ordinary shares,$0.9632,-0.0368,-3.68%,199295,2909827.00,China,2024,Miscellaneous,Industrials,/market-activity/stocks/cdtg
CDTTW,CDT Equity Inc. Warrant,$0.0108,0.00,0.00%,200,147894.00,United States,2022,Biotechnology: Pharmaceutical Preparations,Health Care,/market-activity/stocks/cdttw
CDW,CDW Corporation Common Stock,$148.67,-1.63,-1.084%,1440868,18586340723.00,United States,2013,Catalog/Specialty Distribution,Consumer Discretionary,/market-activity/stocks/cdw
CDXS,Codexis Inc. Common Stock,$1.475,-0.035,-2.318%,998048,161521003.00,United States,2010,Major Chemicals,Industrials,/market-activity/stocks/cdxs
CDZI,CADIZ Inc. Common Stock,$4.07,0.10,2.519%,681157,344635695.00,United States,,Water Supply,Utilities,/market-activity/stocks/cdzi
CDZIP,Cadiz Inc. Depositary Shares,$21.96,-0.09,-0.408%,2691,1859508567.00,United States,,Water Supply,Utilities,/market-activity/stocks/cdzip
CECO,CECO Environmental Corp. Common Stock,$71.11,0.56,0.794%,684123,4164900611.00,United States,1998,Pollution Control Equipment,Industrials,/market-activity/stocks/ceco
CEG,Constellation Energy Corporation Common Stock ,$290.04,9.73,3.471%,2930852,102763312205.00,United States,,Electric Utilities: Central,Utilities,/market-activity/stocks/ceg
CELC,Celcuity Inc. Common Stock,$96.20,4.22,4.588%,819248,4707249550.00,United States,2017,Medical Specialities,Health Care,/market-activity/stocks/celc
CELH,Celsius Holdings Inc. Common Stock,$31.29,0.57,1.855%,6326243,7917466621.00,United States,,Beverages (Production/Distribution),Consumer Staples,/market-activity/stocks/celh
CELU,Celularity Inc. Class A Common Stock,$1.86,-0.02,-1.064%,654761,53839487.00,United States,2019,Biotechnology: Pharmaceutical Preparations,Health Care,/market-activity/stocks/celu
CELZ,Creative Medical Technology Holdings Inc. Common Stock,$1.13,0.03,2.727%,94591,7449589.00,United States,,Biotechnology: Biological Products (No Diagnostic Substances),Health Care,/market-activity/stocks/celz
CENN,Cenntro Inc. Common Stock,$3.91,-0.18,-4.401%,188091,9604727.00,New Zealand,,Auto Manufacturing,Industrials,/market-activity/stocks/cenn
CENT,Central Garden & Pet Company Common Stock,$42.33,0.21,0.499%,52685,2649544673.00,United States,1993,Consumer Specialties,Consumer Discretionary,/market-activity/stocks/cent
CENTA,Central Garden & Pet Company Class A Common Stock Nonvoting,$36.64,0.22,0.604%,362772,2293392791.00,United States,,Consumer Specialties,Consumer Discretionary,/market-activity/stocks/centa
CENX,Century Aluminum Company Common Stock,$47.28,0.50,1.069%,1491023,4680402988.00,United States,1996,Aluminum,Industrials,/market-activity/stocks/cenx
CEPF,Cantor Equity Partners IV Inc. Class A Ordinary Shares,$10.39,0.00,0.00%,7830,0.00,United States,2025,Blank Checks,Finance,/market-activity/stocks/cepf
CEPL,Capstone Energy Plus Inc. Common Stock,$5.52,-0.08,-1.429%,367447,180015971.00,United States,,Industrial Machinery/Components,Industrials,/market-activity/stocks/cepl
CEPO,Cantor Equity Partners I Inc. Class A Ordinary Shares,$10.76,0.00,0.00%,7602,0.00,United States,2025,Blank Checks,Finance,/market-activity/stocks/cepo
CEPS,Cantor Equity Partners VI Inc. Class A Ordinary Shares,$10.36,0.00,0.00%,138,0.00,United States,2026,Blank Checks,Finance,/market-activity/stocks/ceps
CEPV,Cantor Equity Partners V Inc. Class A Ordinary Shares,$10.38,0.00,0.00%,93,0.00,United States,2025,,,/market-activity/stocks/cepv
CERS,Cerus Corporation Common Stock,$2.60,-0.01,-0.383%,1574962,523964735.00,United States,1997,Medical/Dental Instruments,Health Care,/market-activity/stocks/cers
CERT,Certara Inc. Common Stock,$8.28,0.18,2.222%,1525534,1263021098.00,United States,2020,Computer Software: Prepackaged Software,Technology,/market-activity/stocks/cert
CETX,Cemtrex Inc. Common Stock,$2.52,-0.015,-0.592%,19872,4337275.00,United States,,Electrical Products,Technology,/market-activity/stocks/cetx
CETY,Clean Energy Technologies Inc. Common Stock,$1.11,0.075,7.246%,58645,13504378.00,United States,,Oil/Gas Transmission,Utilities,/market-activity/stocks/cety
CEVA,CEVA Inc. Common Stock,$26.25,0.02,0.076%,710776,739044390.00,United States,,Computer Software: Programming Data Processing,Technology,/market-activity/stocks/ceva
CFBK,CF Bankshares Inc. Common Stock,$35.06,0.41,1.183%,45138,224927851.00,United States,,Major Banks,Finance,/market-activity/stocks/cfbk
CFFI,C&F Financial Corporation Common Stock,$91.61,0.20,0.219%,33087,297887413.00,United States,,Major Banks,Finance,/market-activity/stocks/cffi
CFFN,Capitol Federal Financial Inc. Common Stock,$8.69,0.14,1.637%,784978,1092318079.00,United States,,Savings Institutions,Finance,/market-activity/stocks/cffn
CG,The Carlyle Group Inc. Common Stock,$47.14,0.60,1.289%,3154556,16797528098.00,United States,2012,Investment Managers,Finance,/market-activity/stocks/cg
CGABL,The Carlyle Group Inc. 4.625% Subordinated Notes due 2061,$16.06,-0.08,-0.496%,9846,5808980806.00,United States,,Investment Managers,Finance,/market-activity/stocks/cgabl
CGBD,Carlyle Secured Lending Inc. Common Stock,$11.56,0.01,0.087%,348825,795380956.00,United States,2017,Finance: Consumer Services,Finance,/market-activity/stocks/cgbd
CGC,Canopy Growth Corporation Common Shares,$0.9681,-0.007,-0.718%,1891883,409542773.00,Canada,, Medicinal Chemicals and Botanical Products ,Health Care,/market-activity/stocks/cgc
CGCF,Cartesian Growth Corporation IV Class A Ordinary Shares,$9.84,0.00,0.00%,1795,0.00,United States,2026,Blank Checks,Finance,/market-activity/stocks/cgcf
CGCFU,Cartesian Growth Corporation IV Unit,$9.965,0.005,0.05%,2603,0.00,United States,2026,Blank Checks,Finance,/market-activity/stocks/cgcfu
CGEM,Cullinan Therapeutics Inc. Common Stock,$22.33,0.54,2.478%,769715,1437040317.00,United States,2021,Biotechnology: Biological Products (No Diagnostic Substances),Health Care,/market-activity/stocks/cgem
CGEN,Compugen Ltd. Ordinary Shares,$2.63,0.04,1.544%,127928,248757593.00,Israel,2000,Biotechnology: Biological Products (No Diagnostic Substances),Health Care,/market-activity/stocks/cgen
CGNT,Cognyte Software Ltd. Ordinary Shares,$8.42,-0.02,-0.237%,707706,622241208.00,Israel,,Computer Software: Prepackaged Software,Technology,/market-activity/stocks/cgnt
CGNX,Cognex Corporation Common Stock,$59.94,-0.14,-0.233%,1575706,10083337089.00,United States,1989,Industrial Machinery/Components,Industrials,/market-activity/stocks/cgnx
CGO,Calamos Global Total Return Fund Common Stock,$13.05,0.04,0.307%,12931,0.00,United States,2005,Investment Managers,Finance,/market-activity/stocks/cgo
CGON,CG Oncology Inc. Common stock,$74.59,-1.27,-1.674%,663927,6611685571.00,United States,2024,Biotechnology: Biological Products (No Diagnostic Substances),Health Care,/market-activity/stocks/cgon
CGTL,Creative Global Technology Holdings Limited Class A Ordinary Shares,$4.45,-0.01,-0.224%,82843,7650685.00,China,2024,Retail: Computer Software & Peripheral Equipment,Technology,/market-activity/stocks/cgtl
CGTX,Cognition Therapeutics Inc. Common Stock,$1.05,0.04,3.96%,378420,99848433.00,United States,2021,Biotechnology: Biological Products (No Diagnostic Substances),Health Care,/market-activity/stocks/cgtx
CHA,Chagee Holdings Limited American Depositary Shares,$11.61,-0.32,-2.682%,876996,2214762215.00,China,2025,Restaurants,Consumer Discretionary,/market-activity/stocks/cha
CHAI,Core AI Holdings Inc. Common Shares,$0.3182,-0.0178,-5.298%,1618709,8230830.00,Canada,2020,Telecommunications Equipment,Telecommunications,/market-activity/stocks/chai
CHAR,Charlton Aria Acquisition Corporation Class A Ordinary Shares,$10.95,0.00,0.00%,533,0.00,United States,2024,,,/market-activity/stocks/char
CHARR,Charlton Aria Acquisition Corporation Rights,$0.13,0.00,0.00%,128,0.00,United States,2024,,,/market-activity/stocks/charr
CHCI,Comstock Holding Companies Inc. Class A Common Stock,$20.02,0.18,0.907%,23573,205844679.00,United States,2004,Real Estate,Finance,/market-activity/stocks/chci
CHCO,City Holding Company Common Stock,$144.00,1.76,1.237%,116206,2022503040.00,United States,,Major Banks,Finance,/market-activity/stocks/chco
CHDN,Churchill Downs Incorporated Common Stock,$89.18,2.53,2.92%,1170886,6215867671.00,United States,,Services-Misc. Amusement & Recreation,Consumer Discretionary,/market-activity/stocks/chdn
CHEC,Chenghe Acquisition III Co. Class A Ordinary Share,$10.24,0.01,0.098%,551,0.00,Singapore,2025,,,/market-activity/stocks/chec
CHECU,Chenghe Acquisition III Co. Units,$10.25,0.00,0.00%,10,0.00,Singapore,2025,Blank Checks,Finance,/market-activity/stocks/checu
CHEF,The Chefs' Warehouse Inc. Common Stock,$113.43,-2.09,-1.809%,928496,4627499695.00,United States,2011,Food Distributors,Consumer Discretionary,/market-activity/stocks/chef
CHGA,Change Agents Corporation Common Stock,$2.45,-0.05,-2.00%,46583,2581298.00,United States,,EDP Services,Technology,/market-activity/stocks/chga
CHI,Calamos Convertible Opportunities and Income Fund Common Stock,$12.41,-0.01,-0.081%,139127,0.00,United States,2002,Investment Managers,Finance,/market-activity/stocks/chi
CHKP,Check Point Software Technologies Ltd. Ordinary Shares,$133.89,-0.58,-0.431%,1039573,13670253886.00,Israel,1996,Computer Software: Prepackaged Software,Technology,/market-activity/stocks/chkp
CHMG,Chemung Financial Corp Common Stock,$83.90,4.01,5.019%,104565,404521501.00,United States,,Major Banks,Finance,/market-activity/stocks/chmg
CHNR,China Natural Resources Inc. Common Stock,$3.90,-0.0025,-0.064%,14003,4809562.00,Hong Kong,,Precious Metals,Basic Materials,/market-activity/stocks/chnr
CHPG,ChampionsGate Acquisition Corporation Class A Ordinary Share,$10.48,0.00,0.00%,32,0.00,United States,2025,,,/market-activity/stocks/chpg
CHPGR,ChampionsGate Acquisition Corporation Rights,$0.10,0.00,0.00%,302,0.00,United States,2025,,,/market-activity/stocks/chpgr
CHR,Cheer Holding Inc. Class A Ordinary Share,$1.77,0.00,0.00%,4697,3649887.00,China,2018,EDP Services,Technology,/market-activity/stocks/chr
CHRD,Chord Energy Corporation Common Stock,$149.58,-0.83,-0.552%,503975,8181707694.00,United States,,Oil & Gas Production,Energy,/market-activity/stocks/chrd
CHRN,ChronoScale Holdings Corporation Common Stock,$19.01,1.35,7.644%,110557,2768567963.00,United States,,Industrial Machinery/Components,Industrials,/market-activity/stocks/chrn
CHRS,Coherus Oncology Inc. Common Stock,$1.42,0.05,3.65%,621500,219391372.00,United States,2014,Biotechnology: Biological Products (No Diagnostic Substances),Health Care,/market-activity/stocks/chrs
CHRW,C.H. Robinson Worldwide Inc. Common Stock,$145.20,-2.68,-1.812%,1082255,16966802662.00,United States,1997,Integrated Freight & Logistics,Industrials,/market-activity/stocks/chrw
CHSCL,CHS Inc Class B Cumulative Redeemable Preferred Stock Series 4,$25.3684,0.0184,0.073%,19842,311321081.00,United States,,Farming/Seeds/Milling,Industrials,/market-activity/stocks/chscl
CHSCM,CHS Inc Class B Reset Rate Cumulative Redeemable Preferred Stock Series 3,$24.3185,0.0085,0.035%,9973,298436705.00,United States,,Farming/Seeds/Milling,Industrials,/market-activity/stocks/chscm
CHSCN,CHS Inc Preferred Class B Series 2 Reset Rate,$25.18,0.02,0.079%,6674,309009036.00,United States,,Farming/Seeds/Milling,Industrials,/market-activity/stocks/chscn
CHSCO,CHS Inc. Class B Cumulative Redeemable Preferred Stock,$25.90,-0.12,-0.461%,7405,317844878.00,United States,,Farming/Seeds/Milling,Industrials,/market-activity/stocks/chsco
CHSCP,CHS Inc. 8%  Cumulative Redeemable Preferred Stock,$26.6716,0.0216,0.081%,2432,327313955.00,United States,,Farming/Seeds/Milling,Industrials,/market-activity/stocks/chscp
CHSN,Chanson International Holding Class A Ordinary Shares,$1.05,0.00,0.00%,17095,3895276.00,China,2023,Packaged Foods,Consumer Staples,/market-activity/stocks/chsn
CHTR,Charter Communications Inc. Class A Common Stock New,$158.97,12.78,8.742%,2903605,18214383903.00,United States,,Cable & Other Pay Television Services,Telecommunications,/market-activity/stocks/chtr
CHTRP,Charter Communications Inc. Series A Cumulative Redeemable Preferred Stock,$22.77,0.015,0.066%,4044,2608929493.00,United States,,Cable & Other Pay Television Services,Telecommunications,/market-activity/stocks/chtrp
CHW,Calamos Global Dynamic Income Fund Common Stock,$8.55,0.16,1.907%,284561,0.00,United States,2007,Investment Managers,Finance,/market-activity/stocks/chw
CHY,Calamos Convertible and High Income Fund Common Stock,$12.675,0.005,0.039%,99059,0.00,United States,2003,Investment Managers,Finance,/market-activity/stocks/chy
CHYM,Chime Financial Inc. Class A Common Stock,$33.41,1.75,5.527%,5948645,12648528559.00,United States,2025,Finance: Consumer Services,Finance,/market-activity/stocks/chym
CIFR,Cipher Digital Inc. Common Stock,$15.18,0.57,3.901%,21544839,6300166360.00,United States,2020,Finance: Consumer Services,Finance,/market-activity/stocks/cifr
CIGI,Colliers International Group Inc. Subordinate Voting Shares,$97.77,-1.37,-1.382%,209755,4996420579.00,Canada,,Real Estate,Finance,/market-activity/stocks/cigi
CIGL,Concorde International Group Ltd Class A Ordinary Shares,$0.4104,-0.0096,-2.286%,78474,93154836.00,Singapore,2025,Diversified Commercial Services,Consumer Discretionary,/market-activity/stocks/cigl
CIIT,Tianci International Inc. Common Stock,$2.87,-0.01,-0.347%,16492,2776412.00,Hong Kong,,Computer Communications Equipment,Telecommunications,/market-activity/stocks/ciit
CINF,Cincinnati Financial Corporation Common Stock,$171.69,1.30,0.763%,538209,26350645546.00,United States,,Property-Casualty Insurers,Finance,/market-activity/stocks/cinf
CING,Cingulate Inc. Common Stock,$5.15,0.04,0.783%,83584,74890404.00,United States,2021,Biotechnology: Pharmaceutical Preparations,Health Care,/market-activity/stocks/cing
CINGW,Cingulate Inc. Warrants,$0.0113,0.0022,24.176%,10419,164323.00,United States,2021,Biotechnology: Pharmaceutical Preparations,Health Care,/market-activity/stocks/cingw
CIRC,Circle8 Group Inc. Common Stock,$0.6566,-0.0446,-6.361%,341141,75119586.00,United States,2024,Biotechnology: Laboratory Analytical Instruments,Industrials,/market-activity/stocks/circ
CISO,CISO Global Inc. Common Stock,$0.2251,0.0001,0.044%,38783,10247825.00,United States,,Professional Services,Consumer Discretionary,/market-activity/stocks/ciso
CISS,C3is Inc. Common Stock,$1.40,-0.17,-10.828%,425760,2083158.00,Greece,,Marine Transportation,Consumer Discretionary,/market-activity/stocks/ciss
CIVB,Civista Bancshares Inc. Common Stock,$27.41,0.44,1.631%,174668,569970064.00,United States,,Major Banks,Finance,/market-activity/stocks/civb
CJMB,Callan JMB Inc. Common Stock,$2.17,0.04,1.878%,247108,12482639.00,United States,2025,Business Services,Consumer Discretionary,/market-activity/stocks/cjmb
CLAR,Clarus Corporation Common Stock,$3.78,0.14,3.846%,99068,144729226.00,United States,,Recreational Games/Products/Toys,Consumer Discretionary,/market-activity/stocks/clar
CLBK,Columbia Financial Inc. Common Stock,$11.65,0.15,1.304%,3059322,1212153014.00,United States,2018,Savings Institutions,Finance,/market-activity/stocks/clbk
CLBT,Cellebrite DI Ltd. Ordinary Shares,$11.62,-0.23,-1.941%,2125600,2898490674.00,Israel,,Computer Software: Prepackaged Software,Technology,/market-activity/stocks/clbt
CLDX,Celldex Therapeutics Inc.,$39.48,0.24,0.612%,476612,3100345923.00,United States,,Biotechnology: In Vitro & In Vivo Diagnostic Substances,Health Care,/market-activity/stocks/cldx
CLFD,Clearfield Inc. Common Stock,$28.72,0.47,1.664%,110511,390131188.00,United States,,Telecommunications Equipment,Utilities,/market-activity/stocks/clfd
CLGN,CollPlant Biotechnologies Ltd Ordinary Shares,$0.3433,-0.0293,-7.864%,2873774,6491187.00,Israel,,Industrial Specialties,Health Care,/market-activity/stocks/clgn
CLIK,Click Holdings Limited Class A Ordinary Share,$1.37,-0.06,-4.196%,32968,11731355.00,Hong Kong,2024,Diversified Commercial Services,Consumer Discretionary,/market-activity/stocks/clik
CLIR,ClearSign Technologies Corporation Common Stock (DE),$4.25,0.10,2.41%,10720,28931684.00,United States,2012,Industrial Machinery/Components,Industrials,/market-activity/stocks/clir
CLLS,Cellectis S.A. American Depositary Shares,$3.25,-0.05,-1.515%,7306,326713647.00,France,2015,Biotechnology: Pharmaceutical Preparations,Health Care,/market-activity/stocks/clls
CLMB,Climb Global Solutions Inc. Common Stock,$27.41,-0.58,-2.072%,156449,511488115.00,United States,,Retail: Computer Software & Peripheral Equipment,Technology,/market-activity/stocks/clmb
CLMT,Calumet Inc. Common Stock,$53.07,1.55,3.009%,1435611,4664759278.00,United States,2006,Integrated oil Companies,Energy,/market-activity/stocks/clmt
CLNE,Clean Energy Fuels Corp. Common Stock,$1.72,0.11,6.832%,2462449,379165426.00,United States,2007,Natural Gas Distribution,Utilities,/market-activity/stocks/clne
CLNN,Clene Inc. Common Stock,$4.16,0.055,1.34%,107583,53449814.00,United States,,Biotechnology: Pharmaceutical Preparations,Health Care,/market-activity/stocks/clnn
CLOV,Clover Health Investments Corp. Class A Common Stock,$4.30,0.00,0.00%,3322620,2283971931.00,United States,,Medical Specialities,Health Care,/market-activity/stocks/clov
CLPS,CLPS Incorporation Common Stock,$1.08,-0.01,-0.917%,7758,32122928.00,China,2018,Computer Software: Prepackaged Software,Technology,/market-activity/stocks/clps
CLPT,ClearPoint Neuro Inc. Common Stock,$14.31,-0.59,-3.96%,803892,436515488.00,United States,,Medical/Dental Instruments,Health Care,/market-activity/stocks/clpt
CLRB,Cellectar Biosciences Inc.  Common Stock,$2.43,-0.03,-1.22%,48774,22968622.00,United States,,Biotechnology: Pharmaceutical Preparations,Health Care,/market-activity/stocks/clrb
CLRO,ClearOne Inc. Common Stock,$5.10,-0.12,-2.299%,11841,13644601.00,United States,,Telecommunications Equipment,Utilities,/market-activity/stocks/clro
CLSK,CleanSpark Inc. Common Stock,$11.33,0.27,2.441%,10458206,2909737437.00,United States,,Finance: Consumer Services,Finance,/market-activity/stocks/clsk
CLSKW,CleanSpark Inc. Warrant,$0.245,-0.015,-5.769%,62841,62920183.00,United States,,Finance: Consumer Services,Finance,/market-activity/stocks/clskw
CLST,Catalyst Bancorp Inc. Common Stock,$17.51,-0.24,-1.352%,2016,70631680.00,United States,2021,Savings Institutions,Finance,/market-activity/stocks/clst
CLWT,Euro Tech Holdings Company Limited Common Stock,$1.635,0.015,0.926%,3974,12117744.00,Hong Kong,1997,Professional and commerical equipment,Consumer Discretionary,/market-activity/stocks/clwt
CLYM,Climb Bio Inc. Common Stock,$15.05,0.23,1.552%,2214732,864415638.00,United States,2021,Biotechnology: Pharmaceutical Preparations,Health Care,/market-activity/stocks/clym
CMCO,Columbus McKinnon Corporation Common Stock,$17.54,0.28,1.622%,301122,506278840.00,United States,1996,Construction/Ag Equipment/Trucks,Industrials,/market-activity/stocks/cmco
CMCSA,Comcast Corporation Class A Common Stock,$26.81,0.51,1.939%,18891224,95138946522.00,United States,,Cable & Other Pay Television Services,Telecommunications,/market-activity/stocks/cmcsa
CMCT,Creative Media & Community Trust Corporation Common stock,$3.59,-0.04,-1.102%,7177,10581500.00,United States,,Real Estate Investment Trusts,Real Estate,/market-activity/stocks/cmct
CME,CME Group Inc. Class A Common Stock,$277.77,-8.68,-3.03%,2466708,99880331884.00,United States,2002,Investment Bankers/Brokers/Service,Finance,/market-activity/stocks/cme
CMMB,Chemomab Therapeutics Ltd. American Depositary Share,$2.73,0.00,0.00%,47831,19780510.00,Israel,2019,Biotechnology: Pharmaceutical Preparations,Health Care,/market-activity/stocks/cmmb
CMND,Clearmind Medicine Inc. Common Shares,$1.85,0.02,1.093%,47229,2748269.00,Canada,,Biotechnology: Pharmaceutical Preparations,Health Care,/market-activity/stocks/cmnd
CMPR,Cimpress plc Ordinary Shares (Ireland),$90.78,2.75,3.124%,139970,2210445431.00,Netherlands,2005,Publishing,Consumer Discretionary,/market-activity/stocks/cmpr
CMPS,COMPASS Pathways Plc American Depository Shares,$13.23,-0.01,-0.076%,1927451,1832048355.00,United Kingdom,2020,Biotechnology: Pharmaceutical Preparations,Health Care,/market-activity/stocks/cmps
CMPX,Compass Therapeutics Inc. Common Stock,$2.43,0.12,5.195%,2539834,437613633.00,United States,,Biotechnology: Biological Products (No Diagnostic Substances),Health Care,/market-activity/stocks/cmpx
CMRC,Commerce.com Inc. Series 1 Common Stock,$2.48,0.12,5.085%,889155,205490298.00,United States,2020,Computer Software: Prepackaged Software,Technology,/market-activity/stocks/cmrc
CMTL,Comtech Telecommunications Corp. Common Stock,$1.50,-0.07,-4.459%,451484,44942147.00,United States,,Radio And Television Broadcasting And Communications Equipment,Technology,/market-activity/stocks/cmtl
CMTV,Community Bancorp. Common Stock,$41.17,0.95,2.362%,27355,230589135.00,United States,,Major Banks,Finance,/market-activity/stocks/cmtv
CNCK,Coincheck Group N.V. Ordinary Shares,$2.06,-0.02,-0.962%,24307,395103824.00,Netherlands,,Finance: Consumer Services,Finance,/market-activity/stocks/cnck
CNDT,Conduent Incorporated Common Stock ,$1.89,0.09,5.00%,1250844,293934312.00,United States,,Business Services,Consumer Discretionary,/market-activity/stocks/cndt
CNET,ZW Data Action Technologies Inc. Common Stock,$1.29,0.02,1.575%,5920,4732273.00,China,,Computer Software: Programming Data Processing,Technology,/market-activity/stocks/cnet
CNEY,CN Energy Group Inc. Class A Ordinary Shares,$0.5403,-0.0242,-4.287%,18718,4432247.00,China,2021,Major Chemicals,Industrials,/market-activity/stocks/cney
CNL,Collective Mining Ltd. Common Shares,$16.28,1.19,7.886%,117690,1509851270.00,United States,,,,/market-activity/stocks/cnl
CNOB,ConnectOne Bancorp Inc. Common Stock,$31.73,0.89,2.886%,388868,1722792407.00,United States,,Major Banks,Finance,/market-activity/stocks/cnob
CNOBP,ConnectOne Bancorp Inc. Depositary Shares each representing a 1/40th interest in a share of 5.25% Fixed-Rate Reset Non-Cumulative Perpetual Preferred Stock Series A,$25.40,0.00,0.00%,2910,1379102652.00,United States,,Major Banks,Finance,/market-activity/stocks/cnobp
CNSP,CNS Pharmaceuticals Inc. Common Stock,$6.01,0.1179,2.001%,19677,8783308.00,United States,2019,Biotechnology: Pharmaceutical Preparations,Health Care,/market-activity/stocks/cnsp
CNSY,Cerenome Inc. Common Stock ,$2.94,0.23,8.487%,61124,22313498.00,United States,,Medical/Dental Instruments,Health Care,/market-activity/stocks/cnsy
CNTB,Connect Biopharma Holdings Limited Ordinary Shares,$2.76,0.40,16.949%,2613162,173809093.00,China,2021,Biotechnology: Pharmaceutical Preparations,Health Care,/market-activity/stocks/cntb
CNTN,Canton Strategic Holdings Inc. Common Stock,$2.08,-0.20,-8.772%,718262,165737231.00,United States,2022,Biotechnology: Pharmaceutical Preparations,Health Care,/market-activity/stocks/cntn
CNTX,Context Therapeutics Inc. Common Stock,$0.3627,-0.0016,-0.439%,1317860,33324577.00,United States,2021,Biotechnology: Pharmaceutical Preparations,Health Care,/market-activity/stocks/cntx
CNTY,Century Casinos Inc. Common Stock,$1.25,0.00,0.00%,43699,35172115.00,United States,,Hotels/Resorts,Consumer Discretionary,/market-activity/stocks/cnty
CNVS,Cineverse Corp. Class A Common Stock,$2.28,-0.07,-2.979%,103886,54198762.00,United States,,Consumer Electronics/Video Chains,Consumer Discretionary,/market-activity/stocks/cnvs
CNXC,Concentrix Corporation Common Stock,$32.37,0.09,0.279%,1163326,1975163990.00,United States,,Computer Software: Prepackaged Software,Technology,/market-activity/stocks/cnxc
CNXN,PC Connection Inc. Common Stock,$80.97,0.90,1.124%,107029,2043528876.00,United States,,Catalog/Specialty Distribution,Consumer Discretionary,/market-activity/stocks/cnxn
CNXU,Conexeu Sciences Inc. Common Stock,$5.56,-0.31,-5.281%,225406,148776315.00,United States,,Industrial Specialties,Health Care,/market-activity/stocks/cnxu
COAG,Hemab Therapeutics Holdings Inc. Common Stock,$44.70,0.68,1.545%,325217,2088031630.00,United States,2026,Biotechnology: Biological Products (No Diagnostic Substances),Health Care,/market-activity/stocks/coag
COCH,Envoy Medical Inc. Class A Common Stock,$0.689,-0.0154,-2.186%,57530,53187076.00,United States,2021,Industrial Specialties,Health Care,/market-activity/stocks/coch
COCHW,Envoy Medical Inc Warrant,$0.0402,0.0002,0.50%,24200,3103223.00,United States,2021,Industrial Specialties,Health Care,/market-activity/stocks/cochw
COCO,The Vita Coco Company Inc. Common Stock,$57.69,-0.37,-0.637%,999292,3386068283.00,United States,2021,Beverages (Production/Distribution),Consumer Staples,/market-activity/stocks/coco
COCP,Cocrystal Pharma Inc. Common Stock,$1.16,0.04,3.571%,56687,22345312.00,United States,,Biotechnology: Pharmaceutical Preparations,Health Care,/market-activity/stocks/cocp
CODA,Coda Octopus Group Inc. Common stock,$9.98,-0.08,-0.795%,175418,112581925.00,United States,,Industrial Machinery/Components,Industrials,/market-activity/stocks/coda
CODX,Co-Diagnostics Inc. Common Stock,$1.16,-0.03,-2.521%,70502,8098330.00,United States,2026,Medical/Dental Instruments,Health Care,/market-activity/stocks/codx
COFS,ChoiceOne Financial Services Inc. Common Stock,$33.73,0.645,1.95%,95138,504449690.00,United States,,Major Banks,Finance,/market-activity/stocks/cofs
COGT,Cogent Biosciences Inc. Common Stock,$34.57,-0.11,-0.317%,1181816,5998758628.00,United States,2018,Biotechnology: Pharmaceutical Preparations,Health Care,/market-activity/stocks/cogt
COHU,Cohu Inc. Common Stock,$45.75,1.59,3.601%,1081576,2165733310.00,United States,,Electrical Products,Industrials,/market-activity/stocks/cohu
COIN,Coinbase Global Inc. Class A Common Stock,$174.96,-1.86,-1.052%,5264072,46160908048.00,United States,,Finance: Consumer Services,Finance,/market-activity/stocks/coin
COKE,Coca-Cola Consolidated Inc. Common Stock,$195.26,2.10,1.087%,354458,12997344046.00,United States,1972,Beverages (Production/Distribution),Consumer Staples,/market-activity/stocks/coke
COLA,Columbus Acquisition Corp Ordinary Shares,$10.675,0.015,0.141%,70828,0.00,Singapore,2025,Blank Checks,Finance,/market-activity/stocks/cola
COLAR,Columbus Acquisition Corp Rights,$0.5095,-0.0076,-1.47%,14827,0.00,Singapore,2025,Blank Checks,Finance,/market-activity/stocks/colar
COLB,Columbia Banking System Inc. Common Stock,$30.08,0.76,2.592%,3838668,8509700221.00,United States,1992,Major Banks,Finance,/market-activity/stocks/colb
COLL,Collegium Pharmaceutical Inc. Common Stock,$24.30,0.30,1.25%,852692,791101396.00,United States,2015,Biotechnology: Pharmaceutical Preparations,Health Care,/market-activity/stocks/coll
COLM,Columbia Sportswear Company Common Stock,$56.86,0.05,0.088%,577919,2910845011.00,United States,1998,Apparel,Consumer Discretionary,/market-activity/stocks/colm
COO,The Cooper Companies Inc. Common Stock,$69.73,0.45,0.65%,1583486,13599485830.00,United States,,Ophthalmic Goods,Health Care,/market-activity/stocks/coo
COOT,Australian Oilseeds Holdings Limited Ordinary Shares,$0.5257,-0.0433,-7.61%,571344,15807065.00,Australia,,Packaged Foods,Consumer Staples,/market-activity/stocks/coot
COOTW,Australian Oilseeds Holdings Limited Warrant,$0.019,0.0001,0.529%,115,571303.00,Australia,,Packaged Foods,Consumer Staples,/market-activity/stocks/cootw
CORT,Corcept Therapeutics Incorporated Common Stock,$110.43,-2.95,-2.602%,960830,11937305981.00,United States,2004,Biotechnology: Pharmaceutical Preparations,Health Care,/market-activity/stocks/cort
CORZ,Core Scientific Inc. Common Stock,$16.81,0.74,4.605%,12983789,5401732813.00,United States,,Finance: Consumer Services,Finance,/market-activity/stocks/corz
CORZW,Core Scientific Inc. Tranche 1 Warrants,$10.17,0.72,7.619%,122606,3268032285.00,United States,,Finance: Consumer Services,Finance,/market-activity/stocks/corzw
CORZZ,Core Scientific Inc. Tranche 2 Warrants,$16.70,0.595,3.695%,4630,5366385365.00,United States,,Finance: Consumer Services,Finance,/market-activity/stocks/corzz
COSM,Cosmos Health Inc. Common Stock,$0.2243,-0.0036,-1.58%,1391634,22572155.00,United States,,Other Pharmaceuticals,Health Care,/market-activity/stocks/cosm
COST,Costco Wholesale Corporation Common Stock,$928.48,-11.48,-1.221%,2166720,411761199938.00,United States,,Department/Specialty Retail Stores,Consumer Discretionary,/market-activity/stocks/cost
COYA,Coya Therapeutics Inc. Common Stock,$4.42,-0.09,-1.996%,61909,103683693.00,United States,2022,Biotechnology: Pharmaceutical Preparations,Health Care,/market-activity/stocks/coya
CPB,The Campbell's Company Common Stock,$23.78,0.07,0.295%,6883922,7091344459.00,United States,,Packaged Foods,Consumer Staples,/market-activity/stocks/cpb
CPBI,Central Plains Bancshares Inc. Common Stock,$20.98,-0.07,-0.333%,1671,87533511.00,United States,2023,Savings Institutions,Finance,/market-activity/stocks/cpbi
CPHC,Canterbury Park Holding Corporation 'New' Common Stock,$15.91,0.01,0.063%,756,82467799.00,United States,,Services-Misc. Amusement & Recreation,Consumer Discretionary,/market-activity/stocks/cphc
CPIX,Cumberland Pharmaceuticals Inc. Common Stock,$6.52,-0.04,-0.61%,56633,97689858.00,United States,2009,Biotechnology: Pharmaceutical Preparations,Health Care,/market-activity/stocks/cpix
CPOP,Pop Culture Group Co. Ltd Class A Ordinary Shares,$0.307,0.002,0.656%,425143,3818682.00,China,2021,Services-Misc. Amusement & Recreation,Consumer Discretionary,/market-activity/stocks/cpop
CPRT,Copart Inc. (DE) Common Stock,$32.16,-0.305,-0.939%,6512864,29774097261.00,United States,1994,Retail-Auto Dealers and Gas Stations,Consumer Discretionary,/market-activity/stocks/cprt
CPSH,CPS Technologies Corp. Common Stock,$3.70,0.03,0.817%,105979,71735385.00,United States,,Building Materials,Consumer Discretionary,/market-activity/stocks/cpsh
CPSS,Consumer Portfolio Services Inc. Common Stock,$9.29,0.05,0.541%,42216,200243293.00,United States,1992,Finance: Consumer Services,Finance,/market-activity/stocks/cpss
CPZ,Calamos Long/Short Equity & Dynamic Income Trust Common Stock,$13.14,0.06,0.459%,59128,257967029.00,United States,2019,Trusts Except Educational Religious and Charitable,Finance,/market-activity/stocks/cpz
CRAC,Crown Reserve Acquisition Corp. I Class A Ordinary Shares,$10.18,0.00,0.00%,159,0.00,Cayman Islands,2025,,,/market-activity/stocks/crac
CRACR,Crown Reserve Acquisition Corp. I Rights,$0.1474,-0.0026,-1.733%,360,0.00,Cayman Islands,2025,,,/market-activity/stocks/cracr
CRAI,CRA International Inc. Common Stock,$170.98,-1.50,-0.87%,255694,1073217523.00,United States,1998,Other Consumer Services,Consumer Discretionary,/market-activity/stocks/crai
CRAN,Crane Harbor Acquisition Corp. II Class A Ordinary Shares,$10.14,0.00,0.00%,331932,0.00,United States,2026,Blank Checks,Finance,/market-activity/stocks/cran
CRANR,Crane Harbor Acquisition Corp. II Rights,$0.20,0.00,0.00%,19984,0.00,United States,2026,Blank Checks,Finance,/market-activity/stocks/cranr
CRANU,Crane Harbor Acquisition Corp. II Units,$10.355,0.00,0.00%,1,0.00,United States,2025,,,/market-activity/stocks/cranu
CRAQ,Cal Redwood Acquisition Corp. Class A Ordinary Shares,$10.38,0.02,0.193%,129883,0.00,United States,2025,Blank Checks,Finance,/market-activity/stocks/craq
CRAQR,Cal Redwood Acquisition Corp. Right,$0.16,0.00,0.00%,375300,0.00,United States,2025,Blank Checks,Finance,/market-activity/stocks/craqr
CRBP,Corbus Pharmaceuticals Holdings Inc. Common Stock,$11.48,0.20,1.773%,664477,222038044.00,United States,,Biotechnology: Pharmaceutical Preparations,Health Care,/market-activity/stocks/crbp
CRBU,Caribou Biosciences Inc. Common Stock,$1.60,0.05,3.226%,770682,171532021.00,United States,2021,Biotechnology: Biological Products (No Diagnostic Substances),Health Care,/market-activity/stocks/crbu
CRCT,Cricut Inc. Class A Common Stock,$5.76,-0.09,-1.538%,754153,1206399836.00,United States,2021,Industrial Machinery/Components,Technology,/market-activity/stocks/crct
CRDF,Cardiff Oncology Inc. Common Stock,$1.06,0.03,2.913%,701880,82462964.00,United States,,Biotechnology: Biological Products (No Diagnostic Substances),Health Care,/market-activity/stocks/crdf
CRDL,Cardiol Therapeutics Inc. Class A Common Shares,$2.17,0.02,0.93%,2175156,253505196.00,Canada,,Biotechnology: Biological Products (No Diagnostic Substances),Health Care,/market-activity/stocks/crdl
CRDO,Credo Technology Group Holding Ltd Ordinary Shares,$165.22,-41.41,-20.041%,30111896,31050565517.00,United States,2022,Semiconductors,Technology,/market-activity/stocks/crdo
CRE,Cre8 Enterprise Limited Class A Ordinary Shares,$2.95,-0.13,-4.221%,40564,5941256.00,Hong Kong,2025,Publishing,Consumer Discretionary,/market-activity/stocks/cre
CRESY,Cresud S.A.C.I.F. y A. American Depositary Shares,$12.20,0.53,4.542%,437837,865287391.00,Argentina,1997,Real Estate,Finance,/market-activity/stocks/cresy
CREX,Creative Realities Inc. Common Stock,$2.64,-0.22,-7.692%,50405,35709976.00,United States,,EDP Services,Technology,/market-activity/stocks/crex
CRGO,Freightos Limited Ordinary shares,$1.22,-0.04,-3.175%,25811,63053868.00,Israel,,Integrated Freight & Logistics,Industrials,/market-activity/stocks/crgo
CRGOW,Freightos Limited Warrants,$0.0422,-0.0018,-4.091%,1169,2181044.00,Israel,,Integrated Freight & Logistics,Industrials,/market-activity/stocks/crgow
CRIS,Curis Inc. Common Stock,$1.38,-0.04,-2.817%,85279,2884306.00,United States,,Biotechnology: Biological Products (No Diagnostic Substances),Health Care,/market-activity/stocks/cris
CRMD,CorMedix Inc. Common Stock,$8.61,0.23,2.745%,1102096,671100630.00,United States,,Biotechnology: Pharmaceutical Preparations,Health Care,/market-activity/stocks/crmd
CRML,Critical Metals Corp. Ordinary Shares,$7.30,0.38,5.491%,5844889,1072287897.00,British Virgin Islands,,Metal Mining,Basic Materials,/market-activity/stocks/crml
CRMLW,Critical Metals Corp. Warrants,$2.595,0.095,3.80%,15355,381176314.00,British Virgin Islands,,Metal Mining,Basic Materials,/market-activity/stocks/crmlw
CRMT,America's Car-Mart Inc Common Stock,$2.23,-0.01,-0.446%,91293,19319589.00,United States,,Retail-Auto Dealers and Gas Stations,Consumer Discretionary,/market-activity/stocks/crmt
CRNC,Cerence Inc. Common Stock,$8.51,0.09,1.069%,528200,384909487.00,United States,,Computer Software: Prepackaged Software,Technology,/market-activity/stocks/crnc
CRNT,Ceragon Networks Ltd. Ordinary Shares,$2.07,0.02,0.976%,287333,188950660.00,Israel,,Radio And Television Broadcasting And Communications Equipment,Technology,/market-activity/stocks/crnt
CRON,Cronos Group Inc. Common Share,$3.24,-0.14,-4.142%,855120,1193657679.00,Canada,, Medicinal Chemicals and Botanical Products ,Health Care,/market-activity/stocks/cron
CROX,Crocs Inc. Common Stock,$115.79,0.51,0.442%,784639,5551560234.00,United States,2006,Shoe Manufacturing,Consumer Discretionary,/market-activity/stocks/crox
CRSP,CRISPR Therapeutics AG Common Shares,$56.92,0.10,0.176%,911127,5503745809.00,Switzerland,2016,Biotechnology: Biological Products (No Diagnostic Substances),Health Care,/market-activity/stocks/crsp
CRSR,Corsair Gaming Inc. Common Stock,$12.10,0.48,4.131%,1071476,1308941204.00,United States,2020,Computer peripheral equipment,Technology,/market-activity/stocks/crsr
CRTO,Criteo S.A. Ordinary Shares,$18.30,0.89,5.112%,257165,896655330.00,France,2013,Advertising,Consumer Discretionary,/market-activity/stocks/crto
CRUS,Cirrus Logic Inc. Common Stock,$113.06,3.99,3.658%,1272018,5666291447.00,United States,1989,Semiconductors,Technology,/market-activity/stocks/crus
CRVL,CorVel Corp. Common Stock,$70.39,0.65,0.932%,161318,3555861433.00,United States,,Specialty Insurers,Finance,/market-activity/stocks/crvl
CRVO,CervoMed Inc. Common Stock,$2.64,0.07,2.724%,134541,39914413.00,United States,,Biotechnology: Pharmaceutical Preparations,Health Care,/market-activity/stocks/crvo
CRVS,Corvus Pharmaceuticals Inc. Common Stock,$14.20,-0.07,-0.491%,619923,1194517405.00,United States,2016,Biotechnology: Pharmaceutical Preparations,Health Care,/market-activity/stocks/crvs
CRWD,CrowdStrike Holdings Inc. Class A Common Stock,$203.42,-11.65,-5.417%,12386010,208288825560.00,United States,2019,Computer Software: Prepackaged Software,Technology,/market-activity/stocks/crwd
CRWS,Crown Crafts Inc Common Stock,$2.73,-0.07,-2.50%,141886,29375584.00,United States,,Textiles,Consumer Discretionary,/market-activity/stocks/crws
CRWV,CoreWeave Inc. Class A Common Stock,$80.93,-0.92,-1.124%,15574735,44635857200.00,United States,2025,Computer Software: Prepackaged Software,Technology,/market-activity/stocks/crwv
CSAI,Cloudastructure Inc. Class A Common Stock,$5.045,-0.085,-1.657%,7498,4376396.00,United States,,Computer Software: Programming Data Processing,Technology,/market-activity/stocks/csai
CSBR,Champions Oncology Inc. Common Stock,$5.15,0.15,3.00%,9242,71680641.00,United States,,Biotechnology: Biological Products (No Diagnostic Substances),Health Care,/market-activity/stocks/csbr
CSCO,Cisco Systems Inc. Common Stock (DE),$109.455,-0.285,-0.26%,11371865,431409731258.00,United States,1990,Computer Communications Equipment,Telecommunications,/market-activity/stocks/csco
CSGP,CoStar Group Inc. Common Stock,$31.26,-0.72,-2.251%,5170268,12666476601.00,United States,1998,Real Estate,Finance,/market-activity/stocks/csgp
CSHR,CoinShares PLC Ordinary Shares,$5.60,-0.075,-1.322%,234114,737969170.00,Jersey,,Investment Bankers/Brokers/Service,Finance,/market-activity/stocks/cshr
CSIQ,Canadian Solar Inc. Common Shares (ON),$13.36,0.70,5.529%,2552577,906031433.00,Canada,2006,Semiconductors,Technology,/market-activity/stocks/csiq
CSPI,CSP Inc. Common Stock,$7.94,-0.11,-1.366%,17976,80040321.00,United States,1982,EDP Services,Technology,/market-activity/stocks/cspi
CSQ,Calamos Strategic Total Return Common Stock,$20.89,0.16,0.772%,133168,3319162424.00,United States,2004,Finance Companies,Finance,/market-activity/stocks/csq
CSTE,Caesarstone Ltd. Ordinary Shares,$3.00,-0.06,-1.961%,44930,103731225.00,Israel,2012,Building Materials,Industrials,/market-activity/stocks/cste
CSTL,Castle Biosciences Inc. Common Stock,$33.42,-0.02,-0.06%,200332,1020964524.00,United States,2019,Medical Specialities,Health Care,/market-activity/stocks/cstl
CSWC,Capital Southwest Corporation Common Stock,$24.74,-0.22,-0.881%,530622,1537361561.00,United States,,Textiles,Consumer Discretionary,/market-activity/stocks/cswc
CSX,CSX Corporation Common Stock,$48.65,-0.05,-0.103%,9865396,90122904712.00,United States,,Railroads,Industrials,/market-activity/stocks/csx
CTAA,ClearThink 1 Acquisition Corp. Class A Ordinary Shares,$9.95,0.00,0.00%,65,0.00,United States,2026,Blank Checks,Finance,/market-activity/stocks/ctaa
CTAS,Cintas Corporation Common Stock,$198.09,-2.50,-1.246%,2173231,79269588338.00,United States,1983,Garments and Clothing,Industrials,/market-activity/stocks/ctas
CTBI,Community Trust Bancorp Inc. Common Stock,$77.06,1.35,1.783%,104961,1400022535.00,United States,,Major Banks,Finance,/market-activity/stocks/ctbi
CTKB,Cytek Biosciences Inc. Common Stock,$4.69,0.07,1.515%,564635,609621457.00,United States,2021,Biotechnology: Laboratory Analytical Instruments,Industrials,/market-activity/stocks/ctkb
CTMX,CytomX Therapeutics Inc. Common Stock,$3.72,0.05,1.362%,6497434,810585336.00,United States,2015,Biotechnology: Pharmaceutical Preparations,Health Care,/market-activity/stocks/ctmx
CTNM,Contineum Therapeutics Inc. Class A Common Stock,$17.24,0.69,4.169%,298624,648588316.00,United States,2024,Biotechnology: Pharmaceutical Preparations,Health Care,/market-activity/stocks/ctnm
CTNT,Cheetah Net Supply Chain Service Inc Class A Common Stock,$1.27,0.00,0.00%,65024,4012427.00,United States,2023,Motor Vehicles,Consumer Discretionary,/market-activity/stocks/ctnt
CTOR,Citius Oncology Inc. Common Stock,$0.7777,0.0277,3.693%,12120,72311482.00,United States,2022,Biotechnology: Pharmaceutical Preparations,Health Care,/market-activity/stocks/ctor
CTRM,Castor Maritime Inc. Common Shares,$2.29,-0.05,-2.137%,10362,22126791.00,Cyprus,,Marine Transportation,Consumer Discretionary,/market-activity/stocks/ctrm
CTRN,Citi Trends Inc. Common Stock,$67.50,-0.37,-0.545%,139310,562264740.00,United States,2005,Clothing/Shoe/Accessory Stores,Consumer Discretionary,/market-activity/stocks/ctrn
CTSH,Cognizant Technology Solutions Corporation Class A Common Stock,$63.40,0.01,0.016%,5852378,28558162851.00,United States,1998,EDP Services,Technology,/market-activity/stocks/ctsh
CTSO,Cytosorbents Corporation Common Stock,$0.3838,0.0458,13.55%,5798579,24119047.00,United States,,Medical/Dental Instruments,Health Care,/market-activity/stocks/ctso
CTW,CTW Class A Ordinary Shares,$2.48,-0.06,-2.362%,21118,154752000.00,Japan,2025,EDP Services,Technology,/market-activity/stocks/ctw
CTXR,Citius Pharmaceuticals Inc. Common Stock,$0.5795,0.0104,1.827%,223912,15908764.00,United States,,Biotechnology: Pharmaceutical Preparations,Health Care,/market-activity/stocks/ctxr
CUB,Lionheart Holdings Class A Ordinary Shares,$10.88,0.01,0.092%,215041,345642107.00,United States,2024,Industrial Machinery/Components,Industrials,/market-activity/stocks/cub
CUBWW,Lionheart Holdings Warrant,$0.1648,0.0048,3.00%,33496,0.00,United States,2024,Industrial Machinery/Components,Industrials,/market-activity/stocks/cubww
CUE,Cue Biopharma Inc. Common Stock,$26.96,-1.48,-5.204%,127898,195848601.00,United States,2018,Biotechnology: Pharmaceutical Preparations,Health Care,/market-activity/stocks/cue
CULP,Culp Inc. Common Stock,$3.27,-0.03,-0.909%,35814,41594145.00,United States,,Textiles,Consumer Discretionary,/market-activity/stocks/culp
CUPR,Cuprina Holdings (Cayman) Limited Class A Ordinary Shares,$2.79,-0.11,-3.793%,72177,7480688.00,Singapore,2025,Industrial Specialties,Health Care,/market-activity/stocks/cupr
CURI,CuriosityStream Inc. Class A Common Stock,$2.92,0.13,4.659%,1168648,173267042.00,United States,2020,Movies/Entertainment,Consumer Discretionary,/market-activity/stocks/curi
CURR,Currenc Group Inc. Ordinary Shares,$4.01,0.65,19.345%,2485817,450250359.00,Singapore,,Business Services,Consumer Discretionary,/market-activity/stocks/curr
CURX,Curanex Pharmaceuticals Inc Common Stock,$4.545,0.05,1.112%,7408,7127655.00,United States,2025,Biotechnology: Pharmaceutical Preparations,Health Care,/market-activity/stocks/curx
CUVL,Clinuvel Pharmaceuticals Limited American Depositary Shares,$6.20,-0.04,-0.641%,34424,310376340.00,Australia,,Miscellaneous,Miscellaneous,/market-activity/stocks/cuvl
CV,CapsoVision Inc. Common Stock,$5.93,0.06,1.022%,58644,296778194.00,United States,2025,Biotechnology: Electromedical & Electrotherapeutic Apparatus,Health Care,/market-activity/stocks/cv
CVBF,CVB Financial Corporation Common Stock,$22.29,0.42,1.92%,1037961,3922982826.00,United States,,Major Banks,Finance,/market-activity/stocks/cvbf
CVCO,Cavco Industries Inc. Common Stock When Issued,$561.85,9.00,1.628%,93211,4320290514.00,United States,,Homebuilding,Consumer Discretionary,/market-activity/stocks/cvco
CVGI,Commercial Vehicle Group Inc. Common Stock,$3.13,0.04,1.294%,180663,127180295.00,United States,2004,Auto Parts:O.E.M.,Consumer Discretionary,/market-activity/stocks/cvgi
CVKD,Cadrenal Therapeutics Inc. Common Stock,$1.33,-0.18,-11.921%,394401,4744897.00,United States,2023,Biotechnology: Pharmaceutical Preparations,Health Care,/market-activity/stocks/cvkd
CVLT,Commvault Systems Inc. Common Stock,$131.555,2.355,1.823%,611252,5452239617.00,United States,2006,Computer Software: Prepackaged Software,Technology,/market-activity/stocks/cvlt
CVRX,CVRx Inc. Common Stock,$3.07,0.03,0.987%,530043,81789703.00,United States,2021,Medical/Dental Instruments,Health Care,/market-activity/stocks/cvrx
CVV,CVD Equipment Corporation Common Stock,$6.61,0.05,0.762%,35645,45947452.00,United States,,Industrial Machinery/Components,Technology,/market-activity/stocks/cvv
CWBC,Community West Bancshares Common Stock,$26.24,0.51,1.982%,144395,711919487.00,United States,,Major Banks,Finance,/market-activity/stocks/cwbc
CWCO,Consolidated Water Co. Ltd. Ordinary Shares,$28.97,0.05,0.173%,80523,463892699.00,Cayman Islands,,Water Supply,Utilities,/market-activity/stocks/cwco
CWD,CaliberCos Inc. Class A Common Stock,$0.5037,-0.0028,-0.553%,209951,5230750.00,United States,2023,Real Estate,Finance,/market-activity/stocks/cwd
CWST,Casella Waste Systems Inc. Class A Common Stock,$93.40,0.75,0.809%,458370,5943980296.00,United States,1997,Environmental Services,Utilities,/market-activity/stocks/cwst
CXAI,CXApp Inc. Class A Common Stock,$3.59,0.06,1.70%,56433,8391288.00,United States,2021,EDP Services,Technology,/market-activity/stocks/cxai
CXAIW,CXApp Inc. Warrant,$0.034,-0.0009,-2.579%,13237,79472.00,United States,2021,EDP Services,Technology,/market-activity/stocks/cxaiw
CXDO,Crexendo Inc. Common Stock,$5.93,0.02,0.338%,440008,197194975.00,United States,,Telecommunications Equipment,Telecommunications,/market-activity/stocks/cxdo
CXII,Churchill Capital Corp XII Class A Ordinary Shares,$10.775,0.025,0.233%,50431,0.00,United States,2026,Blank Checks,Finance,/market-activity/stocks/cxii
CXIIU,Churchill Capital Corp XII Units,$10.97,0.00,0.00%,2,0.00,United States,2026,Blank Checks,Finance,/market-activity/stocks/cxiiu
CXIIW,Churchill Capital Corp XII Warrants,$2.25,-0.0499,-2.17%,358,0.00,United States,2026,Blank Checks,Finance,/market-activity/stocks/cxiiw
CYAB,Cyabra Inc. Common Stock,$0.4307,-0.0693,-13.86%,1230254,7579058.00,Israel,,Computer Software: Prepackaged Software,Technology,/market-activity/stocks/cyab
CYCN,Cyclerion Therapeutics Inc. Common Stock,$4.52,0.35,8.393%,114273,21159707.00,United States,,Biotechnology: Pharmaceutical Preparations,Health Care,/market-activity/stocks/cycn
CYCU,Cycurion Inc. Common Stock,$3.03,-0.09,-2.885%,283884,9787027.00,United States,2025,EDP Services,Technology,/market-activity/stocks/cycu
CYCUW,Cycurion Inc. Warrant,$0.026,0.00,0.00%,173,83981.00,United States,2025,EDP Services,Technology,/market-activity/stocks/cycuw
CYN,Cyngn Inc. Common Stock,$0.97,-0.0241,-2.424%,122826,13990583.00,United States,2021,EDP Services,Technology,/market-activity/stocks/cyn
CYPH,Cypherpunk Technologies Inc. Common Stock,$1.68,-0.03,-1.754%,4624805,181044162.00,United States,,Biotechnology: Pharmaceutical Preparations,Health Care,/market-activity/stocks/cyph
CYRX,CryoPort Inc. Common Stock,$15.78,0.23,1.479%,420161,799242798.00,United States,,Biotechnology: Pharmaceutical Preparations,Health Care,/market-activity/stocks/cyrx
CYTK,Cytokinetics Incorporated Common Stock,$71.93,0.53,0.742%,1605763,9999954457.00,United States,2004,Biotechnology: Pharmaceutical Preparations,Health Care,/market-activity/stocks/cytk
CZFS,Citizens Financial Services Inc. Common Stock,$82.60,2.70,3.379%,35376,397294023.00,United States,,Major Banks,Finance,/market-activity/stocks/czfs
CZNC,Citizens & Northern Corp Common Stock,$25.83,0.51,2.014%,77443,463257615.00,United States,,Major Banks,Finance,/market-activity/stocks/cznc
CZR,Caesars Entertainment Inc. Common Stock,$29.69,0.02,0.067%,2663233,6048457845.00,United States,,Hotels/Resorts,Consumer Discretionary,/market-activity/stocks/czr
CZWI,Citizens Community Bancorp Inc. Common Stock,$21.47,0.77,3.72%,68275,207190460.00,United States,2006,Savings Institutions,Finance,/market-activity/stocks/czwi
DAAQ,Digital Asset Acquisition Corp. Class A Ordinary shares,$10.44,0.01,0.096%,404161,0.00,United States,2025,Blank Checks,Finance,/market-activity/stocks/daaq
DAAQU,Digital Asset Acquisition Corp. Units,$11.00,0.56,5.364%,2645,0.00,United States,2025,Blank Checks,Finance,/market-activity/stocks/daaqu
DAAQW,Digital Asset Acquisition Corp. Warrant,$0.1868,0.0318,20.516%,1293,0.00,United States,2025,Blank Checks,Finance,/market-activity/stocks/daaqw
DAIC,CID HoldCo Inc. Common Stock,$3.045,-0.505,-14.225%,2489698,5976129.00,United States,,EDP Services,Technology,/market-activity/stocks/daic
DAICW,CID HoldCo Inc. Warrants,$0.0098,0.0018,22.50%,127510,19234.00,United States,,EDP Services,Technology,/market-activity/stocks/daicw
DAIO,Data I/O Corporation Common Stock,$2.82,-0.01,-0.353%,16299,29315668.00,United States,1981,Electrical Products,Industrials,/market-activity/stocks/daio
DAKT,Daktronics Inc. Common Stock,$19.13,-0.23,-1.188%,2858027,924090451.00,United States,1994,Miscellaneous manufacturing industries,Consumer Discretionary,/market-activity/stocks/dakt
DARE,Dare Bioscience Inc. Common Stock,$0.74,-0.0302,-3.921%,249087,14555121.00,United States,2014,Biotechnology: Pharmaceutical Preparations,Health Care,/market-activity/stocks/dare
DASH,DoorDash Inc. Class A Common Stock,$226.24,0.58,0.257%,3389843,98029325267.00,United States,,Business Services,Consumer Discretionary,/market-activity/stocks/dash
DAVE,Dave Inc. Class A Common Stock,$372.85,32.21,9.456%,335882,4755890785.00,United States,,Finance: Consumer Services,Finance,/market-activity/stocks/dave
DAVEW,Dave Inc. Warrants,$1.79,0.39,27.857%,45096,22832358.00,United States,,Finance: Consumer Services,Finance,/market-activity/stocks/davew
DBCA,D. Boral Acquisition I Corp. Class A Ordinary Shares,$10.03,0.0001,0.001%,2609,0.00,United States,2026,Blank Checks,Finance,/market-activity/stocks/dbca
DBCAW,D. Boral Acquisition I Corp. Warrants,$0.388,-0.0019,-0.487%,81859,0.00,United States,2026,Blank Checks,Finance,/market-activity/stocks/dbcaw
DBGI,Digital Brands Group Inc. Common Stock,$4.47,-0.42,-8.589%,192404,4172785.00,United States,2025,Clothing/Shoe/Accessory Stores,Consumer Discretionary,/market-activity/stocks/dbgi
DBVT,DBV Technologies S.A. American Depositary Shares,$13.61,0.19,1.416%,185683,805481106.00,France,2014,Biotechnology: Biological Products (No Diagnostic Substances),Health Care,/market-activity/stocks/dbvt
DBX,Dropbox Inc. Class A Common Stock,$34.50,0.24,0.701%,3458861,7786970333.00,United States,2018,Computer Software: Prepackaged Software,Technology,/market-activity/stocks/dbx
DCBO,Docebo Inc. Common Shares,$25.02,-0.375,-1.477%,69428,622984239.00,Canada,,Computer Software: Prepackaged Software,Technology,/market-activity/stocks/dcbo
DCGO,DocGo Inc. Common Stock,$0.4014,0.0159,4.125%,618945,39709847.00,United States,2020,Medical/Nursing Services,Health Care,/market-activity/stocks/dcgo
DCOY,Decoy Therapeutics Inc. Common Stock,$2.98,-0.08,-2.614%,9735,1952451.00,United States,2015,Biotechnology: Pharmaceutical Preparations,Health Care,/market-activity/stocks/dcoy
DCTH,Delcath Systems Inc. Common Stock,$16.58,0.18,1.098%,448657,575306021.00,United States,,Medical/Dental Instruments,Health Care,/market-activity/stocks/dcth
DCX,Digital Currency X Technology Inc. Class A Ordinary Shares,$0.719,-0.0074,-1.019%,163805,252783995.00,Cayman Islands,,Auto Manufacturing,Industrials,/market-activity/stocks/dcx
DDI,DoubleDown Interactive Co. Ltd. American Depository Shares,$12.79,0.09,0.709%,82729,633788498.00,South Korea,2021,EDP Services,Technology,/market-activity/stocks/ddi
DDOG,Datadog Inc. Class A Common Stock,$209.23,-14.61,-6.527%,6173942,75129267272.00,United States,2019,Computer Software: Prepackaged Software,Technology,/market-activity/stocks/ddog
DEFT,Defi Technologies Inc. Common Stock,$0.6493,-0.0145,-2.184%,1753670,251988931.00,Canada,,Finance: Consumer Services,Finance,/market-activity/stocks/deft
DERM,Journey Medical Corporation Common Stock,$7.77,0.20,2.642%,106193,219303549.00,United States,2021,Biotechnology: Pharmaceutical Preparations,Health Care,/market-activity/stocks/derm
DETX,Liberty Defense Holdings Ltd. Common Shares,$3.5608,0.1902,5.643%,6690,20232405.00,United States,,Industrial Machinery/Components,Industrials,/market-activity/stocks/detx
DFDV,DeFi Development Corp. Common Stock,$5.22,0.06,1.163%,1679855,161808464.00,United States,2023,Finance: Consumer Services,Finance,/market-activity/stocks/dfdv
DFDVW,DeFi Development Corp. Warrant,$0.6603,-0.0139,-2.062%,8209,20467841.00,United States,,Finance: Consumer Services,Finance,/market-activity/stocks/dfdvw
DFLI,Dragonfly Energy Holdings Corp. Common Stock (NV),$1.01,-0.02,-1.942%,313955,15128591.00,United States,2021,Industrial Machinery/Components,Miscellaneous,/market-activity/stocks/dfli
DFLIW,Dragonfly Energy Holdings Corp. Warrant,$0.023,-0.0031,-11.877%,44175,344512.00,United States,2021,Industrial Machinery/Components,Miscellaneous,/market-activity/stocks/dfliw
DFNS,T3 Defense Inc. Common Stock,$9.26,-0.82,-8.135%,605818,26301141.00,United States,2020,Professional Services,Consumer Discretionary,/market-activity/stocks/dfns
DFNSW,T3 Defense Inc. Warrants,$0.0534,-0.0193,-26.547%,231613,151672.00,United States,2020,Professional Services,Consumer Discretionary,/market-activity/stocks/dfnsw
DFSC,DEFSEC Technologies Inc. Common Stock,$1.56,-0.02,-1.266%,95663,7203848.00,Canada,,Computer Software: Prepackaged Software,Technology,/market-activity/stocks/dfsc
DFTX,Definium Therapeutics Inc. Common Shares,$38.90,0.40,1.039%,1429383,5226874355.00,United States,, Medicinal Chemicals and Botanical Products ,Health Care,/market-activity/stocks/dftx
DGICA,Donegal Group Inc. Class A Common Stock,$19.35,0.18,0.939%,107425,718258107.00,United States,,Property-Casualty Insurers,Finance,/market-activity/stocks/dgica
DGICB,Donegal Group Inc. Class B Common Stock,$23.79,0.6157,2.657%,719,883067719.00,United States,1986,Property-Casualty Insurers,Finance,/market-activity/stocks/dgicb
DGII,Digi International Inc. Common Stock,$69.61,-1.52,-2.137%,581768,2641568842.00,United States,1989,Computer Communications Equipment,Telecommunications,/market-activity/stocks/dgii
DGNX,Diginex Limited Ordinary Shares,$1.36,0.19,16.239%,922353,68176977.00,Hong Kong,2025,EDP Services,Technology,/market-activity/stocks/dgnx
DGXX,Digi Power X Inc. Subordinate Voting Shares,$3.43,0.01,0.292%,1388814,347779208.00,Canada,,Finance: Consumer Services,Finance,/market-activity/stocks/dgxx
DH,Definitive Healthcare Corp. Class A Common Stock,$1.04,0.1377,15.261%,8723477,150768848.00,United States,2021,Computer Software: Prepackaged Software,Technology,/market-activity/stocks/dh
DHC,Diversified Healthcare Trust Common Shares of Beneficial Interest,$7.65,0.02,0.262%,1191863,1852286758.00,United States,,Real Estate Investment Trusts,Real Estate,/market-activity/stocks/dhc
DHCNI,Diversified Healthcare Trust 5.625% Senior Notes due 2042,$18.39,-0.14,-0.756%,7636,4439610025.00,United States,,Real Estate Investment Trusts,Real Estate,/market-activity/stocks/dhcni
DHCNL,Diversified Healthcare Trust 6.25% Senior Notes Due 2046,$19.095,0.025,0.131%,1924,4609807147.00,United States,,Real Estate Investment Trusts,Real Estate,/market-activity/stocks/dhcnl
DIBS,1stdibs.com Inc. Common Stock,$4.60,0.19,4.308%,136644,154630348.00,United States,2021,Catalog/Specialty Distribution,Consumer Discretionary,/market-activity/stocks/dibs
DIOD,Diodes Incorporated Common Stock,$90.03,2.90,3.328%,657805,4146035001.00,United States,,Semiconductors,Technology,/market-activity/stocks/diod
DJCO,Daily Journal Corp. (S.C.) Common Stock,$617.54,2.30,0.374%,66494,850940478.00,United States,,Newspapers/Magazines,Consumer Discretionary,/market-activity/stocks/djco
DJT,Trump Media & Technology Group Corp. Common Stock,$9.14,0.08,0.883%,3250419,2540383244.00,United States,2024,Computer Software: Programming Data Processing,Technology,/market-activity/stocks/djt
DJTWW,Trump Media & Technology Group Corp. Warrants,$4.84,0.04,0.833%,16440,1345235766.00,United States,2021,Computer Software: Programming Data Processing,Technology,/market-activity/stocks/djtww
DKI,DarkIris Inc. Class A Ordinary Shares,$2.87,-0.26,-8.307%,103858,5962296.00,Hong Kong,2025,Computer Software: Prepackaged Software,Technology,/market-activity/stocks/dki
DKNG,DraftKings Inc. Class A Common Stock,$24.21,0.77,3.285%,10648396,12019152502.00,United States,2019,Services-Misc. Amusement & Recreation,Consumer Discretionary,/market-activity/stocks/dkng
DLHC,DLH Holdings Corp.,$4.32,0.01,0.232%,5951,62609911.00,United States,,Professional Services,Consumer Discretionary,/market-activity/stocks/dlhc
DLO,DLocal Limited Class A Common Shares,$15.57,0.74,4.99%,2882808,4592090555.00,Uruguay,2021,Business Services,Consumer Discretionary,/market-activity/stocks/dlo
DLPN,Dolphin Entertainment Inc. Common Stock,$1.17,0.06,5.405%,17672,15239895.00,United States,,Other Consumer Services,Consumer Discretionary,/market-activity/stocks/dlpn
DLTH,Duluth Holdings Inc. Class B Common Stock,$3.62,-0.01,-0.275%,156349,137567497.00,United States,2015,Clothing/Shoe/Accessory Stores,Consumer Discretionary,/market-activity/stocks/dlth
DLTR,Dollar Tree Inc. Common Stock,$131.91,0.20,0.152%,1250554,24750312741.00,United States,1995,Department/Specialty Retail Stores,Consumer Discretionary,/market-activity/stocks/dltr
DLXY,Delixy Holdings Limited Class A Ordinary Shares,$0.44,0.01,2.326%,528447,7194000.00,Singapore,2025,Oil Refining/Marketing,Energy,/market-activity/stocks/dlxy
DMAA,Drugs Made In America Acquisition Corp. Ordinary Shares,$10.76,0.005,0.046%,18220,0.00,United States,2025,,,/market-activity/stocks/dmaa
DMAAR,Drugs Made In America Acquisition Corp. Rights,$0.1175,-0.0124,-9.546%,15718,0.00,United States,2025,Blank Checks,Finance,/market-activity/stocks/dmaar
DMAC,DiaMedica Therapeutics Inc. Common Stock,$6.75,0.30,4.651%,175984,363998455.00,United States,2018,Biotechnology: Pharmaceutical Preparations,Health Care,/market-activity/stocks/dmac
DMII,Drugs Made In America Acquisition II Corp. Ordinary Shares,$10.17,0.015,0.148%,25351,0.00,United States,2025,Blank Checks,Finance,/market-activity/stocks/dmii
DMIIR,Drugs Made In America Acquisition II Corp. Right,$0.07,-0.009,-11.392%,22499,0.00,United States,2025,Blank Checks,Finance,/market-activity/stocks/dmiir
DMIIU,Drugs Made In America Acquisition II Corp. Unit,$10.1999,0.00,0.00%,2,0.00,United States,2025,,,/market-activity/stocks/dmiiu
DMLP,Dorchester Minerals L.P. Common Units Representing Limited Partnership Interests,$29.29,0.09,0.308%,98477,1437887340.00,United States,,Oil & Gas Production,Energy,/market-activity/stocks/dmlp
DMRA,Damora Therapeutics Inc. Ordinary Shares,$28.18,0.04,0.142%,462954,1739706925.00,Denmark,2020,Biotechnology: Pharmaceutical Preparations,Health Care,/market-activity/stocks/dmra
DMRC,Digimarc Corporation Common Stock,$5.43,-0.12,-2.162%,106144,122041036.00,United States,,EDP Services,Technology,/market-activity/stocks/dmrc
DNLI,Denali Therapeutics Inc. Common Stock,$22.85,-0.415,-1.784%,1768702,3652513159.00,United States,2017,Biotechnology: Biological Products (No Diagnostic Substances),Health Care,/market-activity/stocks/dnli
DNMX,Dynamix Corporation III Class A Ordinary Shares,$10.08,0.01,0.099%,25338,0.00,United States,2025,Blank Checks,Finance,/market-activity/stocks/dnmx
DNMXU,Dynamix Corporation III Unit,$10.16,0.0004,0.004%,244,0.00,United States,2025,Blank Checks,Finance,/market-activity/stocks/dnmxu
DNMXW,Dynamix Corporation III Warrants,$0.23,-0.02,-8.00%,1100,0.00,United States,2025,Blank Checks,Finance,/market-activity/stocks/dnmxw
DNTH,Dianthus Therapeutics Inc. Common Stock,$106.24,-0.38,-0.356%,565422,5942468319.00,United States,2018,Biotechnology: Pharmaceutical Preparations,Health Care,/market-activity/stocks/dnth
DNUT,Krispy Kreme Inc. Common Stock,$3.48,0.12,3.571%,2151033,603780000.00,United States,2021,Food Chains,Consumer Staples,/market-activity/stocks/dnut
DOCU,DocuSign Inc. Common Stock,$65.39,0.75,1.16%,2727809,12485867917.00,United States,1989,Computer Software: Prepackaged Software,Technology,/market-activity/stocks/docu
DOGZ,Dogness (International) Corporation Class A Common Stock,$0.98,-0.02,-2.00%,10682,14220445.00,China,2017,Miscellaneous manufacturing industries,Consumer Discretionary,/market-activity/stocks/dogz
DOMH,Dominari Holdings Inc. Common Stock,$2.19,-0.04,-1.794%,123996,53093585.00,United States,,Investment Bankers/Brokers/Service,Finance,/market-activity/stocks/domh
DOMO,Domo Inc. Class B Common Stock,$3.69,0.01,0.272%,739182,166605577.00,United States,2018,Computer Software: Prepackaged Software,Technology,/market-activity/stocks/domo
DOO,BRP Inc. Common Subordinate Voting Shares,$63.30,1.56,2.527%,264314,4674491869.00,Canada,,Industrial Specialties,Consumer Discretionary,/market-activity/stocks/doo
DORM,Dorman Products Inc. Common Stock,$128.54,1.36,1.069%,279213,3814503938.00,United States,,Auto Parts:O.E.M.,Consumer Discretionary,/market-activity/stocks/dorm
DOX,Amdocs Limited Ordinary Shares,$62.46,-0.14,-0.224%,830763,6742528206.00,Guernsey,,EDP Services,Technology,/market-activity/stocks/dox
DOYU,DouYu International Holdings Limited ADS,$4.30,-0.06,-1.376%,10939,129769094.00,China,2019,Computer Software: Programming Data Processing,Technology,/market-activity/stocks/doyu
DPRO,Draganfly Inc. Common Shares,$5.69,0.31,5.762%,2076419,210530000.00,Canada,,Aerospace,Industrials,/market-activity/stocks/dpro
DPU,Top KingWin Ltd Class A Ordinary Shares,$2.0887,0.0987,4.96%,2834,6278377.00,China,2023,Business Services,Consumer Discretionary,/market-activity/stocks/dpu
DPZ,Domino's Pizza Inc Common Stock,$346.68,6.31,1.854%,692379,11468775890.00,United States,2004,Food Distributors,Consumer Discretionary,/market-activity/stocks/dpz
DRCT,Direct Digital Holdings Inc. Class A Common Stock,$1.91,-0.04,-2.051%,14219,1533209.00,United States,2022,Advertising,Consumer Discretionary,/market-activity/stocks/drct
DRDB,Roman DBDR Acquisition Corp. II Ordinary shares,$10.66,0.00,0.00%,10121,0.00,United States,2025,,,/market-activity/stocks/drdb
DRDBW,Roman DBDR Acquisition Corp. II Warrants,$0.1699,-0.0002,-0.118%,806,0.00,United States,2025,,,/market-activity/stocks/drdbw
DRH,Diamondrock Hospitality Company Common Stock,$12.29,0.29,2.417%,2956276,2514603819.00,United States,2005,Real Estate Investment Trusts,Real Estate,/market-activity/stocks/drh
DRIO,DarioHealth Corp. Common Stock,$7.30,0.28,3.989%,79798,71536211.00,Israel,,Medical/Dental Instruments,Health Care,/market-activity/stocks/drio
DRMA,Dermata Therapeutics Inc. Common Stock,$1.28,-0.02,-1.538%,55134,5148343.00,United States,2021,Biotechnology: Pharmaceutical Preparations,Health Care,/market-activity/stocks/drma
DRS,Leonardo DRS Inc. Common Stock,$37.02,-0.68,-1.804%,895059,9880323885.00,Israel,,Industrial Machinery/Components,Industrials,/market-activity/stocks/drs
DRTS,Alpha Tau Medical Ltd. Ordinary Shares,$14.33,0.37,2.65%,372523,1325211947.00,Israel,,Medical/Dental Instruments,Health Care,/market-activity/stocks/drts
DRTSW,Alpha Tau Medical Ltd. Warrant,$3.76,0.31,8.986%,29912,347717859.00,Israel,,Medical/Dental Instruments,Health Care,/market-activity/stocks/drtsw
DRUG,Bright Minds Biosciences Inc. Common Stock,$71.12,0.28,0.395%,67024,701532018.00,Canada,,Biotechnology: Pharmaceutical Preparations,Health Care,/market-activity/stocks/drug
DRVN,Driven Brands Holdings Inc. Common Stock,$12.88,0.08,0.625%,1489307,2124940030.00,United States,2021,Automotive Aftermarket,Consumer Discretionary,/market-activity/stocks/drvn
DSAC,Daedalus Special Acquisition Corp. Class A Ordinary Shares,$10.155,-0.015,-0.147%,680,0.00,Cayman Islands,2026,Blank Checks,Finance,/market-activity/stocks/dsac
DSACW,Daedalus Special Acquisition Corp. Warrant,$0.59,0.00,0.00%,80,0.00,Cayman Islands,2026,Blank Checks,Finance,/market-activity/stocks/dsacw
DSC,DSC Holdings Ltd. American Depositary Shares,$7.90,0.07,0.894%,101918,395572687.00,China,2026,Computer Software: Programming Data Processing,Technology,/market-activity/stocks/dsc
DSGN,Design Therapeutics Inc. Common Stock,$15.53,0.39,2.576%,1003370,971893040.00,United States,2021,Biotechnology: Pharmaceutical Preparations,Health Care,/market-activity/stocks/dsgn
DSGR,Distribution Solutions Group Inc. Common Stock,$34.66,-0.04,-0.115%,577122,1603212927.00,United States,,Industrial Specialties,Consumer Discretionary,/market-activity/stocks/dsgr
DSGX,Descartes Systems Group Inc. (The) Common Stock,$78.49,-1.94,-2.412%,582177,6725873011.00,Canada,,Computer Software: Prepackaged Software,Technology,/market-activity/stocks/dsgx
DSP,Viant Technology Inc. Class A Common Stock,$13.12,0.49,3.88%,226758,872149875.00,United States,2021,Computer Software: Programming Data Processing,Technology,/market-activity/stocks/dsp
DSWL,Deswell Industries Inc. Common Shares,$3.10,0.19,6.529%,10704,49244241.00,Macau,1995,Plastic Products,Industrials,/market-activity/stocks/dswl
DSY,Big Tree Cloud Holdings Limited Class A Ordinary Shares,$3.93,0.13,3.421%,9921,18674857.00,China,,Containers/Packaging,Consumer Discretionary,/market-activity/stocks/dsy
DSYWW,Big Tree Cloud Holdings Limited Warrants,$0.0162,0.002,14.085%,627,76980.00,China,,Containers/Packaging,Consumer Discretionary,/market-activity/stocks/dsyww
DTCX,Datacentrex Inc. Common Stock,$1.88,-0.20,-9.615%,280009,75470017.00,United States,,EDP Services,Technology,/market-activity/stocks/dtcx
DTI,Drilling Tools International Corporation Common Stock,$2.61,0.02,0.772%,59170,92086605.00,United States,2021,Oil and Gas Field Machinery,Consumer Discretionary,/market-activity/stocks/dti
DTIL,Precision BioSciences Inc. Common Stock,$7.45,-0.19,-2.487%,358929,205631577.00,United States,2019,Biotechnology: Biological Products (No Diagnostic Substances),Health Care,/market-activity/stocks/dtil
DTSQ,DT Cloud Star Acquisition Corporation Ordinary Shares,$11.36,0.00,0.00%,176,0.00,United States,2024,,,/market-activity/stocks/dtsq
DTSQR,DT Cloud Star Acquisition Corporation Right,$0.1026,0.0025,2.498%,445,0.00,United States,2024,Blank Checks,Finance,/market-activity/stocks/dtsqr
DTSS,Datasea Intelligent Technology Ltd. Class A Ordinary Shares,$0.66,0.0195,3.044%,29378,9520421.00,China,,Computer Software: Prepackaged Software,Technology,/market-activity/stocks/dtss
DTST,Data Storage Corporation Common Stock,$2.96,-0.08,-2.632%,5835,6919704.00,United States,,EDP Services,Technology,/market-activity/stocks/dtst
DUKR,DUKE Robotics Corp. Common Stock,$5.66,-0.16,-2.749%,10628,19391035.00,Israel,,Aerospace,Industrials,/market-activity/stocks/dukr
DUKRW,DUKE Robotics Corp. Warrant,$1.47,0.125,9.294%,1541,5036188.00,Israel,,Aerospace,Industrials,/market-activity/stocks/dukrw
DUO,Fangdd Network Group Ltd. Class A Ordinary Shares,$0.5543,-0.0258,-4.448%,204463,21367385.00,China,2019,Real Estate,Finance,/market-activity/stocks/duo
DUOL,Duolingo Inc. Class A Common Stock,$157.85,-0.92,-0.579%,1302847,7385212562.00,United States,2021,Computer Software: Prepackaged Software,Technology,/market-activity/stocks/duol
DUOT,Duos Technologies Group Inc. Common Stock,$8.61,0.00,0.00%,722318,270978216.00,United States,,Computer Software: Prepackaged Software,Technology,/market-activity/stocks/duot
DVLT,Datavault AI Inc. Common Stock,$0.2854,-0.0021,-0.73%,10660453,271052544.00,United States,2018,Business Services,Consumer Discretionary,/market-activity/stocks/dvlt
DWSN,Dawson Geophysical Company Common Stock,$3.32,-0.15,-4.323%,290583,103104652.00,United States,,Oil & Gas Production,Energy,/market-activity/stocks/dwsn
DWTX,Dogwood Therapeutics Inc. Common Stock,$2.48,-0.15,-5.703%,50427,84301531.00,United States,2020,Biotechnology: Pharmaceutical Preparations,Health Care,/market-activity/stocks/dwtx
DXCM,DexCom Inc. Common Stock,$89.69,-0.45,-0.499%,1918398,33845487013.00,United States,2005,Medical/Dental Instruments,Health Care,/market-activity/stocks/dxcm
DXLG,Destination XL Group Inc. Common Stock,$0.608,0.0001,0.016%,28360,33606040.00,United States,,Clothing/Shoe/Accessory Stores,Consumer Discretionary,/market-activity/stocks/dxlg
DXPE,DXP Enterprises Inc. Common Stock,$180.48,-2.62,-1.431%,138939,2800534871.00,United States,,Industrial Machinery/Components,Industrials,/market-activity/stocks/dxpe
DXR,Daxor Corporation Common Stock,$10.74,-0.16,-1.468%,25767,62702526.00,United States,,Medical/Dental Instruments,Health Care,/market-activity/stocks/dxr
DXST,Decent Holding Inc Class A Ordinary Shares,$2.55,-0.04,-1.544%,23736,4628576.00,China,2025,Miscellaneous,Industrials,/market-activity/stocks/dxst
DYAI,Dyadic International Inc. Common Stock,$0.5242,-0.0079,-1.485%,124863,21001393.00,United States,,Biotechnology: Biological Products (No Diagnostic Substances),Health Care,/market-activity/stocks/dyai
DYN,Dyne Therapeutics Inc. Common Stock,$25.14,0.04,0.159%,2181300,4694805275.00,United States,2020,Biotechnology: Pharmaceutical Preparations,Health Care,/market-activity/stocks/dyn
DYNC,Dynamix Corporation Class A Ordinary Shares,$10.90,0.02,0.184%,50133,0.00,United States,2024,,,/market-activity/stocks/dync
DYNCW,Dynamix Corporation Warrant,$0.15,0.00,0.00%,1,0.00,United States,2024,,,/market-activity/stocks/dyncw
DYOR,Insight Digital Partners II Class A Ordinary Shares,$10.12,0.00,0.00%,65,0.00,United States,2025,Blank Checks,Finance,/market-activity/stocks/dyor
EBAY,eBay Inc. Common Stock,$106.70,1.72,1.638%,4229600,47481500000.00,United States,1998,Business Services,Consumer Discretionary,/market-activity/stocks/ebay
EBC,Eastern Bankshares Inc. Common Stock,$22.01,0.51,2.372%,3011067,5029539260.00,United States,2020,Savings Institutions,Finance,/market-activity/stocks/ebc
EBMT,Eagle Bancorp Montana Inc. Common Stock,$22.51,0.22,0.987%,48343,179301852.00,United States,2010,Major Banks,Finance,/market-activity/stocks/ebmt
EBON,Ebang International Holdings Inc. Class A Ordinary Shares,$2.3614,0.1014,4.487%,1531,15452855.00,China,2020,Investment Bankers/Brokers/Service,Finance,/market-activity/stocks/ebon
ECBK,ECB Bancorp Inc. Common Stock,$21.07,0.46,2.232%,13650,184103381.00,United States,2022,Banks,Finance,/market-activity/stocks/ecbk
ECHO,EchoStar  Corporation Common Stock,$86.69,0.65,0.755%,2143175,25182639477.00,United States,,Telecommunications Equipment,Consumer Discretionary,/market-activity/stocks/echo
ECOR,electroCore Inc. Common Stock,$9.51,0.46,5.083%,82229,85741066.00,United States,2018,Biotechnology: Electromedical & Electrotherapeutic Apparatus,Health Care,/market-activity/stocks/ecor
ECPG,Encore Capital Group Inc Common Stock,$96.55,3.54,3.806%,552874,2047764287.00,United States,,Finance Companies,Finance,/market-activity/stocks/ecpg
ECX,ECARX Holdings Inc. Class A Ordinary shares,$1.06,0.01,0.952%,458524,403923583.00,China,,EDP Services,Technology,/market-activity/stocks/ecx
ECXWW,ECARX Holdings Inc. Warrants,$0.0439,-0.004,-8.351%,5165,16728533.00,China,,EDP Services,Technology,/market-activity/stocks/ecxww
EDBL,Edible Garden AG Incorporated Common Stock,$1.49,-0.06,-3.871%,725864,2907748.00,United States,2022,Farming/Seeds/Milling,Consumer Staples,/market-activity/stocks/edbl
EDBLW,Edible Garden AG Incorporated Warrant,$0.0585,0.0001,0.171%,1009,114163.00,United States,2022,Farming/Seeds/Milling,Consumer Staples,/market-activity/stocks/edblw
EDHL,Everbright Digital Holding Limited Ordinary Shares,$4.10,-0.12,-2.844%,525562,24433028.00,Hong Kong,2025,Advertising,Consumer Discretionary,/market-activity/stocks/edhl
EDIT,Editas Medicine Inc. Common Stock,$3.08,0.01,0.326%,1678596,473026508.00,United States,2016,Biotechnology: Biological Products (No Diagnostic Substances),Health Care,/market-activity/stocks/edit
EDRY,EuroDry Ltd. Common Shares ,$56.01,4.22,8.148%,146495,160557762.00,Greece,,Marine Transportation,Consumer Discretionary,/market-activity/stocks/edry
EDSA,Edesa Biotech Inc. Common Shares,$4.76,-0.02,-0.418%,29823,64277721.00,United States,,Biotechnology: Pharmaceutical Preparations,Health Care,/market-activity/stocks/edsa
EDTK,Skillful Craftsman Education Technology Limited Ordinary Share,$0.88,0.00,0.00%,5993,14255517.00,China,2020,Other Consumer Services,Real Estate,/market-activity/stocks/edtk
EDUC,Educational Development Corporation Common Stock,$1.34,-0.01,-0.741%,72765,11423452.00,United States,,Consumer Specialties,Consumer Discretionary,/market-activity/stocks/educ
EEFT,Euronet Worldwide Inc. Common Stock,$72.965,4.825,7.081%,954708,2729153309.00,United States,1997,Investment Bankers/Brokers/Service,Finance,/market-activity/stocks/eeft
EEIQ,EpicQuest Education Group International Limited Common Stock,$2.75,-0.24,-8.027%,6236,4528213.00,United States,2021,Other Consumer Services,Real Estate,/market-activity/stocks/eeiq
EFOI,Energy Focus Inc. Common Stock,$2.77,-0.075,-2.636%,4230,17642745.00,United States,,Building Products,Consumer Discretionary,/market-activity/stocks/efoi
EFSC,Enterprise Financial Services Corporation Common Stock,$63.64,0.84,1.338%,300319,2303291973.00,United States,,Major Banks,Finance,/market-activity/stocks/efsc
EFSCP,Enterprise Financial Services Corporation Depositary Shares Each Representing a 1/40th Interest in a Share of 5% Fixed Rate Non-Cumulative Perpetual Preferred Stock Series A,$18.48,-0.33,-1.754%,2177,668837770.00,United States,,Major Banks,Finance,/market-activity/stocks/efscp
EFSI,Eagle Financial Services Inc Common Stock,$41.44,0.47,1.147%,56875,224257326.00,United States,,Major Banks,Finance,/market-activity/stocks/efsi
EGAN,eGain Corporation Common Stock,$7.23,-0.10,-1.364%,136836,198464086.00,United States,1999,Computer Software: Prepackaged Software,Technology,/market-activity/stocks/egan
EGBN,Eagle Bancorp Inc. Common Stock,$27.70,0.89,3.32%,227160,844406052.00,United States,,Major Banks,Finance,/market-activity/stocks/egbn
EH,EHang Holdings Limited ADS,$4.52,0.08,1.802%,559769,342821036.00,China,2019,Aerospace,Industrials,/market-activity/stocks/eh
EHGO,Eshallgo Inc. Class A Ordinary Shares,$1.12,-0.06,-5.085%,303517,6200966.00,China,2024,Diversified Commercial Services,Consumer Discretionary,/market-activity/stocks/ehgo
EHLD,Euroholdings Ltd. Common Stock ,$11.90,2.30,23.958%,24238,33517719.00,Greece,,Marine Transportation,Consumer Discretionary,/market-activity/stocks/ehld
EHTH,eHealth Inc. Common Stock,$0.9508,0.006,0.635%,799312,30456647.00,United States,2006,Specialty Insurers,Finance,/market-activity/stocks/ehth
EIKN,Eikon Therapeutics Inc. Common Stock,$11.38,0.50,4.596%,553432,616398041.00,United States,2026,Biotechnology: Biological Products (No Diagnostic Substances),Health Care,/market-activity/stocks/eikn
EJH,E-Home Household Service Holdings Limited Ordinary Shares,$1.20,-0.02,-1.639%,19765,3840185.00,China,2021,Other Consumer Services,Consumer Discretionary,/market-activity/stocks/ejh
ELAB,PMGC Holdings Inc. Common Stock,$5.09,0.06,1.193%,77891,4120757.00,United States,2023,Biotechnology: Pharmaceutical Preparations,Health Care,/market-activity/stocks/elab
ELBM,Electra Battery Materials Corporation Common Stock,$0.5692,-0.0196,-3.329%,376953,60790639.00,Canada,,Industrial Machinery/Components,Miscellaneous,/market-activity/stocks/elbm
ELDN,Eledon Pharmaceuticals Inc. Common Stock,$2.99,-0.02,-0.664%,1224339,242970844.00,United States,2014,Biotechnology: Pharmaceutical Preparations,Health Care,/market-activity/stocks/eldn
ELE,Elemental Royalty Corporation Common Stock,$21.31,0.76,3.698%,265535,1370363161.00,Canada,,Precious Metals,Basic Materials,/market-activity/stocks/ele
ELMT,The Elmet Group Co. Common Stock,$15.86,0.10,0.635%,223110,483087638.00,United States,2026,Metal Fabrications,Industrials,/market-activity/stocks/elmt
ELOG,Eastern International Ltd. Ordinary Shares,$0.705,-0.0249,-3.411%,6612,9046560.00,China,2025,Integrated Freight & Logistics,Industrials,/market-activity/stocks/elog
ELOX,Eloxx Pharmaceuticals Inc. Common Stock,$15.84,0.83,5.53%,57795,63937511.00,United States,,Biotechnology: Biological Products (No Diagnostic Substances),Health Care,/market-activity/stocks/elox
ELPW,Elong Power Holding Limited Class A Ordinary Shares,$3.48,0.21,6.422%,49955,3243670.00,China,,Industrial Machinery/Components,Miscellaneous,/market-activity/stocks/elpw
ELTK,Eltek Ltd. Ordinary Shares,$7.60,-0.4016,-5.019%,2799,51070685.00,Israel,1997,Electrical Products,Technology,/market-activity/stocks/eltk
ELTX,Elicio Therapeutics Inc. Common Stock,$2.55,-0.01,-0.391%,397666,67018799.00,United States,2021,Biotechnology: Pharmaceutical Preparations,Health Care,/market-activity/stocks/eltx
ELUT,Elutia Inc. Class A Common Stock,$0.8454,-0.0156,-1.812%,9455,37442115.00,United States,2020,Biotechnology: Biological Products (No Diagnostic Substances),Health Care,/market-activity/stocks/elut
ELVA,Electrovaya Inc. Common Shares,$6.47,-0.07,-1.07%,472553,323492864.00,Canada,,Industrial Machinery/Components,Miscellaneous,/market-activity/stocks/elva
ELVN,Enliven Therapeutics Inc. Common Stock,$59.01,1.15,1.988%,609996,4323707607.00,United States,2020,Biotechnology: Pharmaceutical Preparations,Health Care,/market-activity/stocks/elvn
ELVR,Elevra Lithium Limited American Depository Shares,$60.32,0.01,0.017%,14306,1021680677.00,Australia,,Mining & Quarrying of Nonmetallic Minerals (No Fuels),Industrials,/market-activity/stocks/elvr
ELWT,Elauwit Connection Inc. Common Stock,$7.32,0.175,2.449%,5220,48456907.00,United States,2025,Telecommunications Equipment,Consumer Discretionary,/market-activity/stocks/elwt
EMAT,Evolution Metals & Technologies Corp. Common Stock,$3.42,-0.10,-2.841%,531615,2126558209.00,United States,,Industrial Machinery/Components,Miscellaneous,/market-activity/stocks/emat
EMBC,Embecta Corp. Common Stock,$5.69,0.44,8.381%,1301684,322393118.00,United States,,Medical/Dental Instruments,Health Care,/market-activity/stocks/embc
EMIS,Emmis Acquisition Corp. Class A Ordinary Shares,$10.26,0.04,0.391%,34817,0.00,United States,2025,Biotechnology: Pharmaceutical Preparations,Health Care,/market-activity/stocks/emis
EMISR,Emmis Acquisition Corp. Rights,$0.0802,-0.0229,-22.211%,2000,0.00,United States,2025,,,/market-activity/stocks/emisr
EML,Eastern Company (The) Common Stock,$27.96,1.00,3.709%,14660,168250922.00,United States,,Industrial Machinery/Components,Consumer Discretionary,/market-activity/stocks/eml
EMPD,Empery Digital Inc. Common stock,$3.18,-0.33,-9.402%,484622,89390153.00,United States,2021,Auto Manufacturing,Industrials,/market-activity/stocks/empd
ENGN,enGene Therapeutics Inc. Common Stock,$1.89,0.035,1.887%,1061729,126610091.00,Canada,,Biotechnology: Biological Products (No Diagnostic Substances),Health Care,/market-activity/stocks/engn
ENGNW,enGene Therapeutics Inc. Warrants,$0.22,0.0247,12.647%,15330,14737683.00,Canada,,Biotechnology: Biological Products (No Diagnostic Substances),Health Care,/market-activity/stocks/engnw
ENGS,Energys Group Limited Ordinary Shares,$2.67,0.01,0.376%,439404,144651351.00,United Kingdom,2025,Engineering & Construction,Industrials,/market-activity/stocks/engs
ENLT,Enlight Renewable Energy Ltd. Ordinary Shares,$76.48,1.55,2.069%,117334,10664681709.00,Israel,2023,Electric Utilities: Central,Utilities,/market-activity/stocks/enlt
ENLV,Enlivex Ltd. Ordinary Shares,$1.25,-0.03,-2.344%,227510,21856828.00,Israel,2014,Biotechnology: Pharmaceutical Preparations,Health Care,/market-activity/stocks/enlv
ENPH,Enphase Energy Inc. Common Stock,$35.52,-0.02,-0.056%,5251396,4693777897.00,United States,2012,Semiconductors,Technology,/market-activity/stocks/enph
ENRD,Einride AB American Depositary Shares,$4.46,-0.35,-7.277%,133534,642978005.00,Sweden,,EDP Services,Technology,/market-activity/stocks/enrd
ENRDW,Einride AB Warrants,$0.4122,-0.0378,-8.40%,10395,59425008.00,Sweden,,EDP Services,Technology,/market-activity/stocks/enrdw
ENSC,Ensysce Biosciences Inc. Common Stock,$0.4428,0.0547,14.094%,1397695,8615468.00,United States,,Biotechnology: Pharmaceutical Preparations,Health Care,/market-activity/stocks/ensc
ENSG,The Ensign Group Inc. Common Stock,$172.70,-0.50,-0.289%,220484,10065376352.00,United States,2007,Hospital/Nursing Management,Health Care,/market-activity/stocks/ensg
ENTA,Enanta Pharmaceuticals Inc. Common Stock,$14.09,0.58,4.293%,251800,410376914.00,United States,2013,Biotechnology: Pharmaceutical Preparations,Health Care,/market-activity/stocks/enta
ENTG,Entegris Inc. Common Stock,$131.31,1.80,1.39%,1777831,20064168000.00,United States,2000,Plastic Products,Industrials,/market-activity/stocks/entg
ENTX,Entera Bio Ltd. Ordinary Shares,$2.92,0.02,0.69%,143505,507596071.00,Israel,2018,Biotechnology: Biological Products (No Diagnostic Substances),Health Care,/market-activity/stocks/entx
ENVB,Enveric Biosciences Inc. Common Stock,$1.44,0.07,5.109%,21284,6445273.00,United States,,Biotechnology: Pharmaceutical Preparations,Health Care,/market-activity/stocks/envb
ENVX,Enovix Corporation Common Stock,$3.33,-0.02,-0.597%,3546490,730763622.00,United States,2021,Industrial Machinery/Components,Miscellaneous,/market-activity/stocks/envx
EOLS,Evolus Inc. Common Stock,$9.06,-0.02,-0.22%,773990,598416986.00,United States,2018,Biotechnology: Pharmaceutical Preparations,Health Care,/market-activity/stocks/eols
EOSE,Eos Energy Enterprises Inc. Class A Common Stock,$3.61,0.57,18.75%,74685973,1314645556.00,United States,,Industrial Machinery/Components,Miscellaneous,/market-activity/stocks/eose
EOSEW,Eos Energy Enterprises Inc. Warrant,$3.20,0.30,10.345%,10532,1165336781.00,United States,,Industrial Machinery/Components,Miscellaneous,/market-activity/stocks/eosew
EPOW,E-Power Inc. Class A Ordinary Shares,$0.4062,-0.0448,-9.933%,758683,22466057.00,China,2021,Industrial Machinery/Components,Miscellaneous,/market-activity/stocks/epow
EPRX,Eupraxia Pharmaceuticals Inc. Common Stock,$7.45,1.11,17.508%,750014,491004408.00,Canada,,Pharmaceuticals and Biotechnology,Health Care,/market-activity/stocks/eprx
EPSM,Epsium Enterprise Limited Class A Ordinary Shares,$1.4691,0.0091,0.623%,1588,19741816.00,Macau,2025,Beverages (Production/Distribution),Consumer Staples,/market-activity/stocks/epsm
EPSN,Epsilon Energy Ltd. Common Share,$6.31,0.03,0.478%,205329,191090645.00,United States,,Oil & Gas Production,Energy,/market-activity/stocks/epsn
EQ,Equillium Inc. Common Stock,$2.25,0.045,2.041%,101250,142668185.00,United States,2018,Biotechnology: Pharmaceutical Preparations,Health Care,/market-activity/stocks/eq
EQIX,Equinix Inc. Common Stock REIT,$1019.24,-8.35,-0.813%,747713,100570129239.00,United States,2000,Real Estate Investment Trusts,Real Estate,/market-activity/stocks/eqix
EQPT,EquipmentShare.com Inc Class A Common Stock,$17.81,0.96,5.697%,2546606,4512625901.00,United States,2026,Diversified Commercial Services,Consumer Discretionary,/market-activity/stocks/eqpt
ERAS,Erasca Inc. Common Stock,$16.37,-0.39,-2.327%,5121475,5725604513.00,United States,2021,Biotechnology: Pharmaceutical Preparations,Health Care,/market-activity/stocks/eras
ERIC,Ericsson American Depositary Shares,$10.04,-0.02,-0.199%,7072336,33848371419.00,Sweden,,Radio And Television Broadcasting And Communications Equipment,Technology,/market-activity/stocks/eric
ERIE,Erie Indemnity Company Class A Common Stock,$258.41,2.32,0.906%,218367,11935717062.00,United States,,Specialty Insurers,Finance,/market-activity/stocks/erie
ERII,Energy Recovery Inc. Common Stock,$7.58,-0.15,-1.94%,947776,386920153.00,United States,2008,Industrial Machinery/Components,Technology,/market-activity/stocks/erii
ERNA,Ernexa Therapeutics Inc. Common Stock,$4.54,0.19,4.368%,23307,7411146.00,United States,,Biotechnology: Pharmaceutical Preparations,Health Care,/market-activity/stocks/erna
ERNAW,Ernexa Therapeutics Inc. Warrants,$0.0699,0.0258,58.503%,8316,114106.00,United States,,Biotechnology: Pharmaceutical Preparations,Health Care,/market-activity/stocks/ernaw
ESCA,Escalade Incorporated Common Stock,$20.26,0.14,0.696%,28645,278900659.00,United States,,Recreational Games/Products/Toys,Consumer Discretionary,/market-activity/stocks/esca
ESEA,Euroseas Ltd. Common Stock (Marshall Islands),$77.10,0.37,0.482%,34134,544008425.00,Greece,,Marine Transportation,Consumer Discretionary,/market-activity/stocks/esea
ESLA,Estrella Immunopharma Inc. Common Stock,$0.69,-0.0015,-0.217%,17454,30013526.00,United States,2021,Biotechnology: Biological Products (No Diagnostic Substances),Health Care,/market-activity/stocks/esla
ESLT,Elbit Systems Ltd. Ordinary Shares,$709.20,0.50,0.071%,70404,32984135284.00,Israel,,Military/Government/Technical,Industrials,/market-activity/stocks/eslt
ESOA,Energy Services of America Corporation Common Stock,$11.63,0.37,3.286%,176114,217006275.00,United States,,Water Sewer Pipeline Comm & Power Line Construction,Industrials,/market-activity/stocks/esoa
ESQ,Esquire Financial Holdings Inc. Common Stock,$114.47,2.91,2.608%,191257,1385611616.00,United States,2017,Commercial Banks,Finance,/market-activity/stocks/esq
ESTA,Establishment Labs Holdings Inc. Common Shares,$74.92,5.37,7.721%,591118,2232757674.00,Costa Rica,2018,Industrial Specialties,Health Care,/market-activity/stocks/esta
ETON,Eton Pharmaceuticals Inc. Common Stock,$61.96,1.53,2.532%,577847,1771011045.00,United States,2018,Biotechnology: Pharmaceutical Preparations,Health Care,/market-activity/stocks/eton
ETOR,eToro Group Ltd. Class A Common Shares,$31.85,0.04,0.126%,911687,2565400706.00,Israel,2025,Investment Bankers/Brokers/Service,Finance,/market-activity/stocks/etor
ETS,Elite Express Holding Inc. Class A Common Stock,$0.8301,0.0264,3.285%,4429,40439709.00,United States,2025,Trucking Freight/Courier Services,Industrials,/market-activity/stocks/ets
EU,enCore Energy Corp. Common Shares,$1.22,0.03,2.521%,3251102,237022785.00,United States,,Other Metals and Minerals,Basic Materials,/market-activity/stocks/eu
EUDA,EUDA Health Holdings Limited Ordinary Shares,$13.84,0.21,1.541%,8177,41441458.00,Singapore,2021,Medical/Nursing Services,Health Care,/market-activity/stocks/euda
EUDAW,EUDA Health Holdings Limited Warrant,$0.0299,0.00,0.00%,672,89530.00,Singapore,2021,Medical/Nursing Services,Health Care,/market-activity/stocks/eudaw
EURK,Eureka Acquisition Corp Class A Ordinary Share,$11.60,-0.05,-0.429%,4510,0.00,United States,2024,,,/market-activity/stocks/eurk
EVAX,Evaxion A/S American Depositary Share,$3.07,0.09,3.02%,60666,25604460.00,Denmark,2021,Biotechnology: Biological Products (No Diagnostic Substances),Health Care,/market-activity/stocks/evax
EVCM,EverCommerce Inc. Common Stock,$7.93,-0.14,-1.735%,182300,1400955401.00,United States,2021,Computer Software: Prepackaged Software,Technology,/market-activity/stocks/evcm
EVER,EverQuote Inc. Class A Common Stock,$25.50,0.67,2.698%,283063,898613651.00,United States,2018,Computer Software: Programming Data Processing,Technology,/market-activity/stocks/ever
EVGN,Evogene Ltd Ordinary Shares,$0.5394,0.0186,3.571%,36430,8523279.00,Israel,,Agricultural Chemicals,Industrials,/market-activity/stocks/evgn
EVGO,EVgo Inc. Class A Common Stock,$1.25,-0.02,-1.575%,3898294,393144650.00,United States,,Automotive Aftermarket,Consumer Discretionary,/market-activity/stocks/evgo
EVLV,Evolv Technologies Holdings Inc. Class A Common Stock,$5.10,0.04,0.791%,1730046,923743345.00,United States,2020,Computer peripheral equipment,Technology,/market-activity/stocks/evlv
EVO,Evotec SE American Depositary Shares,$1.90,0.10,5.556%,48228,675935572.00,Germany,2021,Biotechnology: Pharmaceutical Preparations,Health Care,/market-activity/stocks/evo
EVOX,Evolution Global Acquisition Corp Class A Ordinary Shares,$10.13,0.02,0.198%,64962,0.00,United States,2025,Blank Checks,Finance,/market-activity/stocks/evox
EVOXU,Evolution Global Acquisition Corp Units,$10.28,0.0199,0.194%,1991,0.00,United States,2025,Blank Checks,Finance,/market-activity/stocks/evoxu
EVOXW,Evolution Global Acquisition Corp Warrants,$0.42,0.0402,10.585%,37933,0.00,United States,2025,Blank Checks,Finance,/market-activity/stocks/evoxw
EVRG,Evergy Inc. Common Stock,$80.77,-0.75,-0.92%,2360218,18622910482.00,United States,,Power Generation,Utilities,/market-activity/stocks/evrg
EWAV,East West Ave Acquisition Corp. Common Stock,$9.88,0.00,0.00%,26490,0.00,United States,2026,Blank Checks,Finance,/market-activity/stocks/ewav
EWAVR,East West Ave Acquisition Corp. Rights,$0.17,0.01,6.25%,75014,0.00,United States,2026,Blank Checks,Finance,/market-activity/stocks/ewavr
EWAVU,East West Ave Acquisition Corp. Units,$10.04,0.02,0.20%,5640,0.00,United States,2026,Blank Checks,Finance,/market-activity/stocks/ewavu
EWBC,East West Bancorp Inc. Common Stock,$128.97,2.21,1.743%,636845,17670419068.00,United States,,Major Banks,Finance,/market-activity/stocks/ewbc
EWTX,Edgewise Therapeutics Inc. Common Stock,$41.98,-0.27,-0.639%,1003562,4559201335.00,United States,2021,Biotechnology: Pharmaceutical Preparations,Health Care,/market-activity/stocks/ewtx
EXC,Exelon Corporation Common Stock,$43.97,0.14,0.319%,11922120,45388206929.00,United States,,Power Generation,Utilities,/market-activity/stocks/exc
EXE,Expand Energy Corporation Common Stock,$99.32,-0.66,-0.66%,2057526,22992956323.00,United States,,Oil & Gas Production,Energy,/market-activity/stocks/exe
EXEL,Exelixis Inc. Common Stock,$58.53,1.64,2.883%,2851724,14502662433.00,United States,2000,Biotechnology: Biological Products (No Diagnostic Substances),Health Care,/market-activity/stocks/exel
EXFY,Expensify Inc. Class A Common Stock,$2.46,-0.03,-1.205%,567790,224319193.00,United States,2021,Computer Software: Prepackaged Software,Technology,/market-activity/stocks/exfy
EXLS,ExlService Holdings Inc. Common Stock,$36.91,-0.51,-1.363%,1394404,5596017338.00,United States,2006,Business Services,Consumer Discretionary,/market-activity/stocks/exls
EXOZ,eXoZymes Inc. Common Stock,$6.79,0.29,4.462%,928,63020428.00,United States,2024,Biotechnology: Biological Products (No Diagnostic Substances),Health Care,/market-activity/stocks/exoz
EXPE,Expedia Group Inc. Common Stock,$308.06,3.83,1.259%,1523739,35271604181.00,United States,,Transportation Services,Consumer Discretionary,/market-activity/stocks/expe
EXPO,Exponent Inc. Common Stock,$70.03,-0.27,-0.384%,435545,3329652263.00,United States,,Professional Services,Consumer Discretionary,/market-activity/stocks/expo
EXTR,Extreme Networks Inc. Common Stock,$22.01,0.23,1.056%,1104994,2872099273.00,United States,1999,Computer Communications Equipment,Telecommunications,/market-activity/stocks/extr
EXYN,Exyn Technologies Inc. Common Stock,$2.87,-0.01,-0.347%,182940,22827857.00,United States,2026,Computer Software: Prepackaged Software,Technology,/market-activity/stocks/exyn
EXYNW,Exyn Technologies Inc. Warrant,$0.60,0.02,3.448%,227,4772374.00,United States,2026,Computer Software: Prepackaged Software,Technology,/market-activity/stocks/exynw
EYE,National Vision Holdings Inc. Common Stock,$16.82,0.13,0.779%,2608645,1329945845.00,United States,2017,Ophthalmic Goods,Health Care,/market-activity/stocks/eye
EYPT,EyePoint Inc. Common Stock,$4.79,0.21,4.585%,4716209,412956141.00,United States,,Biotechnology: Laboratory Analytical Instruments,Industrials,/market-activity/stocks/eypt
EZGO,EZGO Technologies Ltd. Ordinary Shares,$0.8722,-0.0117,-1.324%,33805,2011205.00,China,2021,Motor Vehicles,Consumer Discretionary,/market-activity/stocks/ezgo
EZPW,EZCORP Inc. Class A Non Voting Common Stock,$32.59,0.79,2.484%,609205,2002439656.00,United States,1991,Other Specialty Stores,Consumer Discretionary,/market-activity/stocks/ezpw
EZRA,Reliance Global Group Inc. Common Stock,$2.73,-0.04,-1.444%,35245,4586225.00,United States,,Specialty Insurers,Finance,/market-activity/stocks/ezra
FA,First Advantage Corporation Common Stock,$20.07,-0.10,-0.496%,1095108,3447096578.00,United States,2021,EDP Services,Technology,/market-activity/stocks/fa
FABC,Fabric.AI Inc. Common Stock,$2.54,0.09,3.673%,106096,17789177.00,United States,,Telecommunications Equipment,Consumer Discretionary,/market-activity/stocks/fabc
FAC,Factorial Energy Inc. Class A Common Stock,$4.95,0.19,3.992%,253697,529765063.00,United States,2025,Industrial Machinery/Components,Miscellaneous,/market-activity/stocks/fac
FACT,FACT II Acquisition Corp. Class A Ordinary Shares,$10.70,0.00,0.00%,3395,0.00,United States,2024,,,/market-activity/stocks/fact
FACTW,FACT II Acquisition Corp. Warrant,$0.15,-0.006,-3.846%,1000,0.00,United States,2024,Blank Checks,Finance,/market-activity/stocks/factw
FAMI,Farmmi Inc. Class A Ordinary Shares,$0.1501,0.0314,26.453%,872646223,4806048.00,China,2018,Packaged Foods,Consumer Staples,/market-activity/stocks/fami
FANG,Diamondback Energy Inc. Common Stock,$203.42,0.26,0.128%,1593095,56962553887.00,United States,2012,Oil & Gas Production,Energy,/market-activity/stocks/fang
FAST,Fastenal Company Common Stock,$47.93,-0.82,-1.682%,7322100,54999558674.00,United States,1987,RETAIL: Building Materials,Consumer Discretionary,/market-activity/stocks/fast
FATE,Fate Therapeutics Inc. Common Stock,$2.45,0.02,0.823%,1218935,293560259.00,United States,2013,Biotechnology: Biological Products (No Diagnostic Substances),Health Care,/market-activity/stocks/fate
FATN,FatPipe Inc. Common Stock,$5.90,-0.25,-4.065%,69991,83357961.00,United States,2025,Computer Software: Prepackaged Software,Technology,/market-activity/stocks/fatn
FBDT,First Breach Inc. Common Stock,$0.835,0.0907,12.186%,1682657,46573128.00,United States,,Ordnance And Accessories,Industrials,/market-activity/stocks/fbdt
FBGL,FBS Global Limited Ordinary Shares,$0.3652,-0.0308,-7.778%,47975,4883925.00,Singapore,2025,Homebuilding,Consumer Discretionary,/market-activity/stocks/fbgl
FBIO,Fortress Biotech Inc. Common Stock,$2.73,0.05,1.866%,279783,91048211.00,United States,,Biotechnology: Pharmaceutical Preparations,Health Care,/market-activity/stocks/fbio
FBIOP,Fortress Biotech Inc. 9.375% Series A Cumulative Redeemable Perpetual Preferred Stock,$18.72,0.22,1.189%,7148,624330589.00,United States,,Biotechnology: Pharmaceutical Preparations,Health Care,/market-activity/stocks/fbiop
FBIZ,First Business Financial Services Inc. Common Stock,$71.85,2.05,2.937%,72335,601263792.00,United States,,Major Banks,Finance,/market-activity/stocks/fbiz
FBLA,FB Bancorp Inc. Common Stock,$15.71,0.12,0.77%,179834,250545876.00,United States,2024,Banks,Finance,/market-activity/stocks/fbla
FBLG,FibroBiologics Inc. Common Stock,$1.95,-0.16,-7.583%,639051,12983476.00,United States,,Biotechnology: Pharmaceutical Preparations,Health Care,/market-activity/stocks/fblg
FBNC,First Bancorp Common Stock,$64.11,1.83,2.938%,157497,2652501308.00,United States,1987,Major Banks,Finance,/market-activity/stocks/fbnc
FBYD,Falcon's Beyond Global Inc. Class A Common Stock,$7.70,0.21,2.804%,208436,933696210.00,United States,,Services-Misc. Amusement & Recreation,Consumer Discretionary,/market-activity/stocks/fbyd
FBYDW,Falcon's Beyond Global Inc. Warrants,$1.12,0.1801,19.162%,3132,135810358.00,United States,,Services-Misc. Amusement & Recreation,Consumer Discretionary,/market-activity/stocks/fbydw
FCAP,First Capital Inc. Common Stock,$63.37,1.91,3.108%,15974,211948886.00,United States,,Savings Institutions,Finance,/market-activity/stocks/fcap
FCBC,First Community Bankshares Inc. (VA) Common Stock,$48.70,0.58,1.205%,105301,920933022.00,United States,,Major Banks,Finance,/market-activity/stocks/fcbc
FCCO,First Community Corporation Common Stock,$33.84,0.88,2.67%,79319,318086897.00,United States,,Major Banks,Finance,/market-activity/stocks/fcco
FCEL,FuelCell Energy Inc. Common Stock,$14.40,-2.68,-15.691%,15390379,1151340422.00,United States,,Industrial Machinery/Components,Energy,/market-activity/stocks/fcel
FCFS,FirstCash Holdings Inc. Common Stock,$220.10,4.54,2.106%,445391,9546133180.00,United States,1991,Other Specialty Stores,Consumer Discretionary,/market-activity/stocks/fcfs
FCHL,Fitness Champs Holdings Limited Common Stock,$1.04,-0.02,-1.887%,10947,1371492.00,Singapore,2025,Services-Misc. Amusement & Recreation,Consumer Discretionary,/market-activity/stocks/fchl
FCNCA,First Citizens BancShares Inc. Class A Common Stock,$2177.11,35.95,1.679%,66471,24586364483.00,United States,,Major Banks,Finance,/market-activity/stocks/fcnca
FCNCN,First Citizens BancShares Inc. Depositary Shares each representing a 1/40th interest in a share of 6.625% Non-Cumulative Perpetual Preferred Stock Series E,$24.92,0.05,0.201%,32759,281424550.00,United States,,Major Banks,Finance,/market-activity/stocks/fcncn
FCNCO,First Citizens BancShares Inc. 5.625% Non-Cumulative Perpetual Preferred Stock Series C,$20.30,-0.21,-1.024%,18500,229250336.00,United States,,Major Banks,Finance,/market-activity/stocks/fcnco
FCNCP,First Citizens BancShares Inc. Depositary Shares,$19.815,-0.03,-0.151%,7433,223773173.00,United States,,Major Banks,Finance,/market-activity/stocks/fcncp
FCUV,Focus Universal Inc. Common Stock,$15.16,3.81,33.568%,678813,10653614.00,United States,,Industrial Machinery/Components,Industrials,/market-activity/stocks/fcuv
FDBC,Fidelity D & D Bancorp Inc. Common Stock,$53.86,0.83,1.565%,8723,312846241.00,United States,,Major Banks,Finance,/market-activity/stocks/fdbc
FDMM,Freedom Metals Acquisition Corp. Class A Ordinary Shares,$9.80,0.00,0.00%,85,0.00,United States,2026,Blank Checks,Finance,/market-activity/stocks/fdmm
FDMMU,Freedom Metals Acquisition Corp. Units,$9.98,0.00,0.00%,4119,0.00,United States,2026,Blank Checks,Finance,/market-activity/stocks/fdmmu
FDMT,4D Molecular Therapeutics Inc. Common Stock,$14.94,0.59,4.111%,1036460,825348512.00,United States,2020,Biotechnology: Biological Products (No Diagnostic Substances),Health Care,/market-activity/stocks/fdmt
FDSB,Fifth District Bancorp Inc. Common Stock,$18.35,-0.05,-0.272%,12739,96074324.00,United States,2024,Savings Institutions,Finance,/market-activity/stocks/fdsb
FDUS,Fidus Investment Corporation Common Stock,$19.60,-0.04,-0.204%,297559,743905534.00,United States,2011,Finance/Investors Services,Finance,/market-activity/stocks/fdus
FEAM,5E Advanced Materials Inc. Common Stock,$1.56,0.06,4.00%,121852,64763748.00,United States,,Mining & Quarrying of Nonmetallic Minerals (No Fuels),Industrials,/market-activity/stocks/feam
FEBO,Fenbo Holdings Limited Class A Ordinary Shares,$0.71,-0.005,-0.699%,2827,7854375.00,Hong Kong,2023,Home Furnishings,Consumer Discretionary,/market-activity/stocks/febo
FEED,ENvue Medical Inc. Common Stock,$4.11,-0.20,-4.64%,28303,3796481.00,United States,,Industrial Specialties,Health Care,/market-activity/stocks/feed
FEIM,Frequency Electronics Inc. Common Stock,$59.07,0.09,0.153%,153148,660256697.00,United States,,Electrical Products,Industrials,/market-activity/stocks/feim
FELE,Franklin Electric Co. Inc. Common Stock,$97.59,-0.84,-0.853%,434625,4314596772.00,United States,,Metal Fabrications,Consumer Discretionary,/market-activity/stocks/fele
FEMY,Femasys Inc. Common Stock,$3.10,-0.16,-4.908%,140724,25962584.00,United States,2021,Medical/Dental Instruments,Health Care,/market-activity/stocks/femy
FENC,Fennec Pharmaceuticals Inc. Common Stock,$12.31,0.28,2.328%,292054,431268540.00,United States,,Biotechnology: Biological Products (No Diagnostic Substances),Health Care,/market-activity/stocks/fenc
FER,Ferrovial N.V. Ordinary Shares,$57.84,0.14,0.243%,757117,41613436376.00,Netherlands,,Military/Government/Technical,Industrials,/market-activity/stocks/fer
FERA,Fifth Era Acquisition Corp I Class A Ordinary Shares,$10.51,0.00,0.00%,98063,0.00,Cayman Islands,2025,,,/market-activity/stocks/fera
FERAR,Fifth Era Acquisition Corp I Rights,$0.28,-0.03,-9.677%,201,0.00,Cayman Islands,2025,,,/market-activity/stocks/ferar
FFAI,Faraday Future Intelligent Electric Inc. Class A Common Stock,$1.92,-0.19,-9.005%,2154066,7402178.00,United States,2020,Auto Manufacturing,Industrials,/market-activity/stocks/ffai
FFBC,First Financial Bancorp. Common Stock,$32.67,0.65,2.03%,814394,3429335270.00,United States,,Major Banks,Finance,/market-activity/stocks/ffbc
FFIN,First Financial Bankshares Inc. Common Stock,$33.22,0.62,1.902%,776336,4761339783.00,United States,,Major Banks,Finance,/market-activity/stocks/ffin
FFIV,F5 Inc. Common Stock,$391.08,-4.64,-1.173%,359536,22145758337.00,United States,1999,Computer Communications Equipment,Telecommunications,/market-activity/stocks/ffiv
FGBI,First Guaranty Bancshares Inc. Common Stock,$8.32,0.01,0.12%,12599,137605262.00,United States,,Savings Institutions,Finance,/market-activity/stocks/fgbi
FGBIP,First Guaranty Bancshares Inc. 6.75% Series A Fixed-Rate Non-Cumulative Perpetual Preferred Stock,$18.585,-0.205,-1.091%,2882,307379062.00,United States,,Savings Institutions,Finance,/market-activity/stocks/fgbip
FGI,FGI Industries Ltd. Ordinary Shares,$6.74,-0.44,-6.128%,24460,13016767.00,United States,2022,Industrial Specialties,Industrials,/market-activity/stocks/fgi
FGII,FG Imperii Acquisition Corp. Class A Ordinary Shares,$10.02,0.02,0.20%,975,0.00,United States,2026,Blank Checks,Finance,/market-activity/stocks/fgii
FGIIU,FG Imperii Acquisition Corp. Units,$10.05,0.00,0.00%,1,0.00,United States,2026,Blank Checks,Finance,/market-activity/stocks/fgiiu
FGIWW,FGI Industries Ltd. Warrant,$0.04,0.00,0.00%,9,77251.00,United States,2022,Industrial Specialties,Industrials,/market-activity/stocks/fgiww
FGL,Founder Group Limited Class A Ordinary Shares,$16.10,-1.13,-6.558%,191642,184458.00,Malaysia,2024,Engineering & Construction,Consumer Discretionary,/market-activity/stocks/fgl
FGNX,FG Nexus Inc. Common Stock ,$8.38,0.39,4.881%,134385,42701865.00,United States,2014,Property-Casualty Insurers,Finance,/market-activity/stocks/fgnx
FGNXP,FG Nexus Inc. 8.00% Cumulative Preferred Stock,$24.85,0.00,0.00%,39,126627847.00,United States,,Property-Casualty Insurers,Finance,/market-activity/stocks/fgnxp
FHB,First Hawaiian Inc. Common Stock,$25.75,0.50,1.98%,1619629,3133276326.00,United States,2016,Major Banks,Finance,/market-activity/stocks/fhb
FHTX,Foghorn Therapeutics Inc. Common Stock,$5.17,-0.52,-9.139%,956870,307022079.00,United States,2020,Biotechnology: Pharmaceutical Preparations,Health Care,/market-activity/stocks/fhtx
FIBK,First Interstate BancSystem Inc. Common Stock (DE),$37.16,0.845,2.327%,891993,3541519196.00,United States,2010,Major Banks,Finance,/market-activity/stocks/fibk
FIEE,FiEE Inc Common Stock,$4.13,0.03,0.732%,6131,35223110.00,United States,,Telecommunications Equipment,Utilities,/market-activity/stocks/fiee
FIGR,Figure Technology Solutions Inc. Class A Common Stock,$33.19,-0.51,-1.513%,4626299,7447101572.00,U.S. Virgin Islands,2025,Finance: Consumer Services,Finance,/market-activity/stocks/figr
FIGX,FIGX Capital Acquisition Corp. Class A Ordinary Share,$10.32,0.00,0.00%,50,0.00,United States,2025,Blank Checks,Finance,/market-activity/stocks/figx
FIGXU,FIGX Capital Acquisition Corp. Units,$10.3501,0.00,0.00%,50,0.00,United States,2025,Blank Checks,Finance,/market-activity/stocks/figxu
FIGXW,FIGX Capital Acquisition Corp. Warrant,$0.1494,-0.0306,-17.00%,9851,0.00,United States,2025,,,/market-activity/stocks/figxw
FINW,FinWise Bancorp Common Stock,$14.08,0.10,0.715%,53154,195468134.00,United States,2021,Major Banks,Finance,/market-activity/stocks/finw
FIP,FTAI Infrastructure Inc. Common Stock ,$3.38,0.00,0.00%,972086,399454271.00,United States,,Railroads,Industrials,/market-activity/stocks/fip
FISI,Financial Institutions Inc. Common Stock,$40.84,0.80,1.998%,109457,804807742.00,United States,1999,Major Banks,Finance,/market-activity/stocks/fisi
FISN,Deep Fission Inc. Common Stock,$6.97,0.58,9.077%,339093,410574388.00,United States,2026,Electric Utilities: Central,Utilities,/market-activity/stocks/fisn
FISV,Fiserv Inc. Common Stock,$51.98,0.31,0.60%,5531577,27641234158.00,United States,1986,Business Services,Consumer Discretionary,/market-activity/stocks/fisv
FIVE,Five Below Inc. Common Stock,$243.08,-2.00,-0.816%,1871543,13441193921.00,United States,2012,Department/Specialty Retail Stores,Consumer Discretionary,/market-activity/stocks/five
FIVN,Five9 Inc. Common Stock,$33.59,-0.44,-1.293%,1080416,2509963406.00,United States,2014,EDP Services,Technology,/market-activity/stocks/fivn
FIZZ,National Beverage Corp. Common Stock,$32.09,0.40,1.262%,370899,3004115041.00,United States,,Beverages (Production/Distribution),Consumer Staples,/market-activity/stocks/fizz
FJDIU,ARC Group Securities Acquisition I Units,$9.97,-0.01,-0.10%,601,0.00,United States,2026,,,/market-activity/stocks/fjdiu
FKWL,Franklin Wireless Corp. Common Stock,$2.46,-0.03,-1.205%,7087,28989329.00,United States,,Telecommunications Equipment,Utilities,/market-activity/stocks/fkwl
FLD,Fold Holdings Inc. Class A Common Stock,$0.4603,-0.0019,-0.411%,4621799,25352029.00,United States,2025,Finance: Consumer Services,Finance,/market-activity/stocks/fld
FLDDW,Fold Holdings Inc. Warrant,$0.061,-0.0066,-9.763%,11078,3359708.00,United States,2025,Finance: Consumer Services,Finance,/market-activity/stocks/flddw
FLEX,Flex Ltd. Ordinary Shares,$105.95,-0.91,-0.852%,2799705,39138245519.00,Singapore,1994,Electrical Products,Technology,/market-activity/stocks/flex
FLGT,Fulgent Genetics Inc. Common Stock,$20.04,0.45,2.297%,412442,551406472.00,United States,2016,Medical Specialities,Health Care,/market-activity/stocks/flgt
FLL,Full House Resorts Inc. Common Stock,$1.98,-0.09,-4.348%,124159,72556070.00,United States,,Hotels/Resorts,Consumer Discretionary,/market-activity/stocks/fll
FLNA,Filana Therapeutics Inc. Common Stock,$0.8576,0.0003,0.035%,347830,41428852.00,United States,,Biotechnology: Pharmaceutical Preparations,Health Care,/market-activity/stocks/flna
FLNC,Fluence Energy Inc. Class A Common Stock,$10.56,0.14,1.344%,4742063,1949337657.00,United States,2021,Industrial Machinery/Components,Miscellaneous,/market-activity/stocks/flnc
FLNT,Fluent Inc. Common Stock,$3.12,-0.11,-3.406%,23776,98614108.00,United States,,Advertising,Consumer Discretionary,/market-activity/stocks/flnt
FLUX,Flux Power Holdings Inc. Common Stock,$0.5403,0.0143,2.719%,255895,11682173.00,United States,,Industrial Machinery/Components,Miscellaneous,/market-activity/stocks/flux
FLWS,1-800-FLOWERS.COM Inc. Common Stock,$3.625,0.185,5.378%,210763,232357001.00,United States,1999,Other Specialty Stores,Consumer Discretionary,/market-activity/stocks/flws
FLX,BingEx Limited American Depositary Shares,$1.96,0.09,4.813%,247744,143334624.00,China,2024,Trucking Freight/Courier Services,Industrials,/market-activity/stocks/flx
FLXS,Flexsteel Industries Inc. Common Stock,$81.26,2.04,2.575%,63186,332494874.00,United States,,Home Furnishings,Consumer Discretionary,/market-activity/stocks/flxs
FLY,Firefly Aerospace Inc. Common Stock,$21.07,0.40,1.935%,2103602,3527215870.00,United States,2025,Military/Government/Technical,Industrials,/market-activity/stocks/fly
FLYE,Fly-E Group Inc. Common Stock,$2.40,0.20,9.091%,2034233,3917726.00,United States,2024,Aerospace,Industrials,/market-activity/stocks/flye
FLYW,Flywire Corporation Voting Common Stock,$18.83,0.645,3.547%,1830293,2291002301.00,United States,2021,Business Services,Consumer Discretionary,/market-activity/stocks/flyw
FMAC,Future Money Acquisition Corporation Ordinary Shares,$10.06,0.00,0.00%,74,0.00,United States,2026,Blank Checks,Finance,/market-activity/stocks/fmac
FMACR,Future Money Acquisition Corporation Rights,$0.19,0.0198,11.633%,75200,0.00,United States,2026,Blank Checks,Finance,/market-activity/stocks/fmacr
FMAO,Farmers & Merchants Bancorp Inc. Common Stock,$34.56,0.67,1.977%,56953,476000479.00,United States,,Savings Institutions,Finance,/market-activity/stocks/fmao
FMBH,First Mid Bancshares Inc. Common Stock,$50.63,0.84,1.687%,141952,1346854805.00,United States,,Major Banks,Finance,/market-activity/stocks/fmbh
FMFC,Kandal M Venture Limited Class A Ordinary Shares,$0.20,-0.0298,-12.968%,2890246,4260000.00,Cambodia,2025,Apparel,Consumer Discretionary,/market-activity/stocks/fmfc
FMNB,Farmers National Banc Corp. Common Stock,$15.73,0.36,2.342%,323159,931964308.00,United States,,Major Banks,Finance,/market-activity/stocks/fmnb
FMST,Foremost Clean Energy Ltd. Common Shares,$1.02,-0.005,-0.488%,60686,30686336.00,Canada,,Other Metals and Minerals,Basic Materials,/market-activity/stocks/fmst
FMSTW,Foremost Clean Energy Ltd. Warrant,$0.36,0.01,2.857%,2371,10830471.00,Canada,,Other Metals and Minerals,Basic Materials,/market-activity/stocks/fmstw
FNGR,FingerMotion Inc. Common Stock,$0.2083,0.0019,0.921%,10313710,15040225.00,United States,,Computer Software: Prepackaged Software,Technology,/market-activity/stocks/fngr
FNKO,Funko Inc. Class A Common Stock,$5.99,-0.21,-3.387%,1448458,335414638.00,United States,2017,Recreational Games/Products/Toys,Consumer Discretionary,/market-activity/stocks/fnko
FNLC,First Bancorp Inc  (ME) Common Stock,$34.66,0.71,2.091%,26451,391045904.00,United States,,Major Banks,Finance,/market-activity/stocks/fnlc
FNRN,First Northern Community Bancorp Common stock,$16.97,0.34,2.044%,91556,278228292.00,United States,,Savings Institutions,Finance,/market-activity/stocks/fnrn
FNUC,Frontier Nuclear and Minerals Inc. Common Shares,$1.53,-0.04,-2.548%,330941,54925540.00,Canada,2021,Other Metals and Minerals,Basic Materials,/market-activity/stocks/fnuc
FNWB,First Northwest Bancorp Common Stock,$11.08,-0.02,-0.18%,27601,105388694.00,United States,2015,Banks,Finance,/market-activity/stocks/fnwb
FNWD,Finward Bancorp Common Stock,$43.41,0.85,1.997%,14998,188095617.00,United States,,Savings Institutions,Finance,/market-activity/stocks/fnwd
FOCL,EDAP TMS S.A. American Depositary Shares,$4.22,-0.09,-2.088%,112981,158367949.00,France,,Biotechnology: Electromedical & Electrotherapeutic Apparatus,Health Care,/market-activity/stocks/focl
FOFO,Hang Feng Technology Innovation Co. Ltd. Ordinary Shares,$2.47,0.00,0.00%,2585,18700563.00,Hong Kong,2025,Professional Services,Consumer Discretionary,/market-activity/stocks/fofo
FORM,FormFactor Inc. FormFactor Inc. Common Stock,$96.58,1.17,1.226%,1071586,7544899621.00,United States,2003,Semiconductors,Technology,/market-activity/stocks/form
FORR,Forrester Research Inc. Common Stock,$12.20,-0.03,-0.245%,110351,232275800.00,United States,1996,Diversified Commercial Services,Industrials,/market-activity/stocks/forr
FORTY,Formula Systems (1985) Ltd. American Depositary Shares,$125.72,0.00,0.00%,177,1925737095.00,Israel,,EDP Services,Technology,/market-activity/stocks/forty
FOSL,Fossil Group Inc. Common Stock,$5.04,0.16,3.279%,474075,298055782.00,United States,1993,Consumer Specialties,Consumer Discretionary,/market-activity/stocks/fosl
FOX,Fox Corporation Class B Common Stock,$60.27,1.53,2.605%,1391112,25292314480.00,United States,,Broadcasting,Industrials,/market-activity/stocks/fox
FOXA,Fox Corporation Class A Common Stock,$67.52,1.88,2.864%,4715431,28334778060.00,United States,,Broadcasting,Industrials,/market-activity/stocks/foxa
FOXF,Fox Factory Holding Corp. Common Stock,$20.41,0.37,1.846%,273350,857852730.00,United States,2013,Motor Vehicles,Consumer Discretionary,/market-activity/stocks/foxf
FOXX,Foxx Development Holdings Inc. Common Stock,$2.62,-0.075,-2.783%,1833,18447923.00,United States,,Computer Communications Equipment,Telecommunications,/market-activity/stocks/foxx
FOXXW,Foxx Development Holdings Inc. Warrant,$0.05,0.00,0.00%,40,352060.00,United States,,Computer Communications Equipment,Telecommunications,/market-activity/stocks/foxxw
FRAF,Franklin Financial Services Corporation Common Stock,$63.12,1.88,3.07%,57304,284013616.00,United States,,Major Banks,Finance,/market-activity/stocks/fraf
FRBA,First Bank Common Stock,$17.93,0.23,1.299%,119648,450659846.00,United States,2013,Major Banks,Finance,/market-activity/stocks/frba
FRBT,Forbright Inc. Class A Common Stock,$18.34,0.38,2.116%,78248,931018729.00,United States,2026,Major Banks,Finance,/market-activity/stocks/frbt
FRD,Friedman Industries Inc. Common Stock,$45.00,1.05,2.389%,77479,324575595.00,United States,,Steel/Iron Ore,Industrials,/market-activity/stocks/frd
FRGT,Freight Technologies Inc. Ordinary Shares,$1.20,-0.13,-9.774%,139727,686550.00,United States,2017,Integrated Freight & Logistics,Industrials,/market-activity/stocks/frgt
FRHC,Freedom Holding Corp. Common Stock,$169.00,-2.87,-1.67%,60784,10780115554.00,Kazakhstan,,Investment Bankers/Brokers/Service,Finance,/market-activity/stocks/frhc
FRME,First Merchants Corporation Common Stock,$41.67,0.76,1.858%,681677,2616935296.00,United States,,Major Banks,Finance,/market-activity/stocks/frme
FRMEP,First Merchants Corporation Depository Shares,$25.00,0.11,0.442%,1501,1570035575.00,United States,,Major Banks,Finance,/market-activity/stocks/frmep
FRMI,Fermi Inc. Common Stock,$4.77,0.14,3.024%,16039537,3055029250.00,United States,2025,Real Estate Investment Trusts,Real Estate,/market-activity/stocks/frmi
FRMM,Forum Markets Incorporated Common Stock,$5.53,0.25,4.735%,93606,72990182.00,United States,2017,Finance: Consumer Services,Finance,/market-activity/stocks/frmm
FRNM,Freenome Inc. Common stock,$15.95,0.70,4.59%,985283,1713776683.00,United States,,Medical Specialities,Health Care,/market-activity/stocks/frnm
FROG,JFrog Ltd. Ordinary Shares,$91.73,-0.05,-0.054%,2204136,11310429258.00,United States,2020,Computer Software: Prepackaged Software,Technology,/market-activity/stocks/frog
FRPH,FRP Holdings Inc. Common Stock,$22.16,0.09,0.408%,148745,425434350.00,United States,,Real Estate,Finance,/market-activity/stocks/frph
FRPT,Freshpet Inc. Common Stock,$70.765,0.455,0.647%,820203,3400829607.00,United States,2014,Packaged Foods,Consumer Staples,/market-activity/stocks/frpt
FRSH,Freshworks Inc. Class A Common Stock,$13.19,-0.27,-2.006%,2921901,3441544983.00,United States,2021,Computer Software: Prepackaged Software,Technology,/market-activity/stocks/frsh
FRST,Primis Financial Corp. Common Stock,$16.00,0.37,2.367%,160745,396785152.00,United States,2006,Major Banks,Finance,/market-activity/stocks/frst
FRSX,Foresight Autonomous Holdings Ltd. American Depositary Shares,$1.09,0.00,0.00%,12253,3248540.00,Israel,,Computer Software: Prepackaged Software,Technology,/market-activity/stocks/frsx
FRTT,Fort Technology Inc. Common Shares,$0.9843,0.0242,2.521%,82419,14806413.00,Canada,,Agricultural Chemicals,Industrials,/market-activity/stocks/frtt
FRVO,Fervo Energy Company Class A common stock,$17.98,-1.77,-8.962%,19643946,5299842318.00,United States,2026,Electric Utilities: Central,Utilities,/market-activity/stocks/frvo
FSBC,Five Star Bancorp Common Stock,$46.36,1.02,2.25%,178521,1137517425.00,United States,2021,Major Banks,Finance,/market-activity/stocks/fsbc
FSBW,FS Bancorp Inc. Common Stock,$43.11,0.68,1.603%,25217,338937200.00,United States,2012,Banks,Finance,/market-activity/stocks/fsbw
FSEA,First Seacoast Bancorp Inc. Common Stock,$17.17,-0.01,-0.058%,1092,80774977.00,United States,2019,Savings Institutions,Finance,/market-activity/stocks/fsea
FSHP,Flag Ship Acquisition Corp. Ordinary Shares,$11.54,0.00,0.00%,430,0.00,United States,2024,,,/market-activity/stocks/fshp
FSHPR,Flag Ship Acquisition Corp. Right,$0.0501,0.00,0.00%,209,0.00,United States,2024,,,/market-activity/stocks/fshpr
FSLR,First Solar Inc. Common Stock,$202.60,2.95,1.478%,1731451,21773379049.00,United States,2006,Semiconductors,Technology,/market-activity/stocks/fslr
FSLY,Fastly Inc. Class A Common Stock,$20.43,-0.34,-1.637%,3562615,3254499000.00,United States,,Computer Software: Prepackaged Software,Technology,/market-activity/stocks/fsly
FSTR,L.B. Foster Company Common Stock,$37.11,0.23,0.624%,37688,390388405.00,United States,,Metal Fabrications,Industrials,/market-activity/stocks/fstr
FSUN,FirstSun Capital Bancorp Common Stock,$40.17,0.79,2.006%,294281,1871278195.00,United States,,Major Banks,Finance,/market-activity/stocks/fsun
FSV,FirstService Corporation Common Shares,$138.10,-1.37,-0.982%,251589,6030795237.00,Canada,,Real Estate,Finance,/market-activity/stocks/fsv
FTAI,FTAI Aviation Ltd. Common Stock,$185.61,-3.68,-1.944%,1169321,19063463161.00,United States,,Misc Corporate Leasing Services,Industrials,/market-activity/stocks/ftai
FTAIM,FTAI Aviation Ltd. 9.500% Fixed-Rate Reset Series D Cumulative Perpetual Redeemable Preferred Shares,$27.10,-0.11,-0.404%,2440,2783362166.00,United States,,Misc Corporate Leasing Services,Industrials,/market-activity/stocks/ftaim
FTCI,FTC Solar Inc. Common Stock,$2.39,0.09,3.913%,216146,39486136.00,United States,2021,Semiconductors,Technology,/market-activity/stocks/ftci
FTDR,Frontdoor Inc. Common Stock,$81.06,1.55,1.949%,460995,5584492195.00,United States,,Diversified Commercial Services,Consumer Discretionary,/market-activity/stocks/ftdr
FTEK,Fuel Tech Inc. Common Stock,$1.39,0.03,2.206%,112859,43391337.00,United States,,Pollution Control Equipment,Industrials,/market-activity/stocks/ftek
FTFT,Future FinTech Group Inc. Common Stock,$1.75,-0.07,-3.846%,295809,16406250.00,China,,Business Services,Consumer Discretionary,/market-activity/stocks/ftft
FTH,Faeth Therapeutics Inc. Common Stock,$39.12,4.61,13.358%,575166,1010877426.00,United States,2021,Biotechnology: Pharmaceutical Preparations,Health Care,/market-activity/stocks/fth
FTHA,Forefront Tech Holdings Acquisition Corp Class A Ordinary Shares,$9.96,-0.01,-0.10%,535,0.00,Cayman Islands,2026,Blank Checks,Finance,/market-activity/stocks/ftha
FTHM,Fathom Holdings Inc. Common Stock,$0.6475,0.0253,4.066%,28774,22149187.00,United States,2020,Real Estate,Finance,/market-activity/stocks/fthm
FTLF,FitLife Brands Inc. Common Stock,$10.10,0.41,4.231%,19817,94849827.00,United States,, Medicinal Chemicals and Botanical Products ,Health Care,/market-activity/stocks/ftlf
FTNT,Fortinet Inc. Common Stock,$154.54,-7.31,-4.517%,5175251,113388107935.00,United States,2009,Computer peripheral equipment,Technology,/market-activity/stocks/ftnt
FTRE,Fortrea Holdings Inc. Common Stock,$18.36,0.64,3.612%,902492,1746036000.00,United States,,Medical Specialities,Health Care,/market-activity/stocks/ftre
FUFU,BitFuFu Inc. Class A Ordinary Shares,$1.23,-0.01,-0.806%,107486,204983926.00,Singapore,,Finance: Consumer Services,Finance,/market-activity/stocks/fufu
FULC,Fulcrum Therapeutics Inc. Common Stock,$3.85,-0.02,-0.517%,1633576,293744439.00,United States,2019,Biotechnology: Pharmaceutical Preparations,Health Care,/market-activity/stocks/fulc
FULT,Fulton Financial Corporation Common Stock,$23.69,0.48,2.068%,1332709,4522765997.00,United States,,Major Banks,Finance,/market-activity/stocks/fult
FULTP,Fulton Financial Corporation Depositary Shares Each Representing a 1/40th Interest in a Share of Fixed Rate Non-Cumulative Perpetual Preferred Stock Series A,$17.73,0.00,0.00%,5548,3384915202.00,United States,,Major Banks,Finance,/market-activity/stocks/fultp
FUNC,First United Corporation Common Stock,$43.79,1.63,3.866%,17802,282613478.00,United States,,Major Banks,Finance,/market-activity/stocks/func
FUND,Sprott Focus Trust Inc. Common Stock,$10.79,0.12,1.125%,10724,319746080.00,United States,,Investment Managers,Finance,/market-activity/stocks/fund
FUSB,First US Bancshares Inc. Common Stock,$16.45,0.05,0.305%,2668,90552463.00,United States,,Major Banks,Finance,/market-activity/stocks/fusb
FUSE,Fusemachines Inc. Common stock,$0.5908,-0.0467,-7.325%,170926,17124516.00,United States,,EDP Services,Technology,/market-activity/stocks/fuse
FUSEW,Fusemachines Inc. Warrants,$0.0425,-0.0177,-29.402%,25312,1231875.00,United States,,EDP Services,Technology,/market-activity/stocks/fusew
FUTU,Futu Holdings Limited American Depositary Shares,$118.08,-1.20,-1.006%,723081,16550993396.00,Hong Kong,2019,Investment Bankers/Brokers/Service,Finance,/market-activity/stocks/futu
FVAV,Fortress Value Acquisition Corp. V Class A Ordinary Shares,$10.21,0.00,0.00%,85,0.00,United States,2026,,,/market-activity/stocks/fvav
FVCB,FVCBankcorp Inc. Common Stock,$18.39,0.29,1.602%,101599,331649030.00,United States,,Major Banks,Finance,/market-activity/stocks/fvcb
FVN,Future Vision II Acquisition Corporation Ordinary shares,$10.46,0.15,1.455%,50611,0.00,China,2024,,,/market-activity/stocks/fvn
FVNNU,Future Vision II Acquisition Corporation Units,$12.50,1.30,11.607%,4619,0.00,China,2024,,,/market-activity/stocks/fvnnu
FWAC,Futurewave Acquisition Corporation Ordinary Shares,$9.91,-0.0006,-0.006%,392,0.00,United States,2026,,,/market-activity/stocks/fwac
FWACU,Futurewave Acquisition Corporation Units,$10.24,0.00,0.00%,12,0.00,United States,2026,,,/market-activity/stocks/fwacu
FWDI,Forward Industries Inc. Common Stock,$6.26,0.05,0.805%,2101374,462281488.00,United States,,Finance: Consumer Services,Finance,/market-activity/stocks/fwdi
FWONA,Liberty Media Corporation Series A Liberty Formula One Common Stock,$90.19,0.50,0.557%,143244,22611398262.00,United States,,Broadcasting,Industrials,/market-activity/stocks/fwona
FWONK,Liberty Media Corporation Series C Liberty Formula One Common Stock,$97.40,0.45,0.464%,1821018,24419006439.00,United States,,Broadcasting,Industrials,/market-activity/stocks/fwonk
FWRD,Forward Air Corporation Common Stock,$15.98,-0.40,-2.442%,440433,539818175.00,United States,,Integrated Freight & Logistics,Industrials,/market-activity/stocks/fwrd
FWRG,First Watch Restaurant Group Inc. Common Stock,$12.11,0.035,0.29%,1418882,747337588.00,United States,2021,Restaurants,Consumer Discretionary,/market-activity/stocks/fwrg
FXAC,FortuneX Acquisition Corporation Ordinary shares,$10.07,0.0194,0.193%,9379,0.00,United States,2026,Blank Checks,Finance,/market-activity/stocks/fxac
FXHO,UTime Limited Class A Ordinary Shares,$11.90,-0.54,-4.341%,107941,312688339.00,China,2021,Consumer Electronics/Appliances,Technology,/market-activity/stocks/fxho
FXNC,First National Corporation Common Stock,$30.89,0.59,1.947%,25400,279326810.00,United States,,Major Banks,Finance,/market-activity/stocks/fxnc
GABC,German American Bancorp Inc. Common Stock,$49.58,0.72,1.474%,121978,1863157301.00,United States,,Major Banks,Finance,/market-activity/stocks/gabc
GAIA,Gaia Inc. Class A Common Stock,$1.67,0.14,9.15%,206516,42461074.00,United States,1999,Movies/Entertainment,Consumer Discretionary,/market-activity/stocks/gaia
GAIN,Gladstone Investment Corporation Business Development Company,$16.40,0.03,0.183%,111402,653080259.00,United States,2005,Finance: Consumer Services,Finance,/market-activity/stocks/gain
GAING,Gladstone Investment Corporation 7.125% Notes due 2031,$24.9801,0.0101,0.04%,4835,0.00,United States,,Finance: Consumer Services,Finance,/market-activity/stocks/gaing
GAINI,Gladstone Investment Corporation 7.875% Notes due 2030,$25.43,-0.025,-0.098%,2241,0.00,United States,,Finance: Consumer Services,Finance,/market-activity/stocks/gaini
GAINZ,Gladstone Investment Corporation 4.875% Notes due 2028,$24.27,0.11,0.455%,1720,927580712.00,United States,,Finance: Consumer Services,Finance,/market-activity/stocks/gainz
GALT,Galectin Therapeutics Inc. Common Stock,$4.48,0.31,7.434%,460706,451806405.00,United States,,Biotechnology: Pharmaceutical Preparations,Health Care,/market-activity/stocks/galt
GAME,GameSquare Holdings Inc. Common Stock,$2.93,-0.10,-3.30%,124492,37457070.00,United States,,Services-Misc. Amusement & Recreation,Consumer Discretionary,/market-activity/stocks/game
GANX,Gain Therapeutics Inc. Common Stock,$1.79,0.02,1.13%,367695,78122078.00,United States,2021,Biotechnology: Pharmaceutical Preparations,Health Care,/market-activity/stocks/ganx
GASS,StealthGas Inc. Common Stock,$9.49,-0.12,-1.249%,280669,352892160.00,Greece,2005,Marine Transportation,Consumer Discretionary,/market-activity/stocks/gass
GAUZ,Gauzy Ltd. Ordinary Shares,$0.3828,0.0187,5.136%,76490,8799666.00,Israel,2024,Industrial Machinery/Components,Miscellaneous,/market-activity/stocks/gauz
GBDC,Golub Capital BDC Inc. Common Stock,$12.95,0.06,0.465%,1332951,3362488078.00,United States,2010,Finance: Consumer Services,Finance,/market-activity/stocks/gbdc
GBFH,GBank Financial Holdings Inc. Common Stock,$19.84,0.41,2.11%,60404,288006507.00,United States,,Major Banks,Finance,/market-activity/stocks/gbfh
GBLI,Global Indemnity Group LLC Class A Common Stock ,$30.00,1.00,3.448%,8741,439218420.00,United States,,Property-Casualty Insurers,Finance,/market-activity/stocks/gbli
GCBC,Greene County Bancorp Inc. Common Stock,$34.74,0.46,1.342%,17209,591465349.00,United States,,Banks,Finance,/market-activity/stocks/gcbc
GCGR,General Catalyst Global Resilience Merger Corp. Class A Ordinary Shares,$10.17,-0.01,-0.098%,275134,0.00,United States,2026,,,/market-activity/stocks/gcgr
GCL,GCL Global Holdings Ltd Ordinary Shares,$0.4972,-0.0172,-3.344%,248214,64703337.00,Singapore,,Computer Software: Prepackaged Software,Technology,/market-activity/stocks/gcl
GCLWW,GCL Global Holdings Ltd Warrants,$0.0245,0.0047,23.737%,151,3188318.00,Singapore,,Computer Software: Prepackaged Software,Technology,/market-activity/stocks/gclww
GCMG,GCM Grosvenor Inc. Class A Common Stock,$13.08,-0.22,-1.654%,592551,2652520668.00,United States,,Investment Managers,Finance,/market-activity/stocks/gcmg
GCT,GigaCloud Technology Inc Class A Ordinary Shares,$50.50,3.13,6.608%,453031,1803366969.00,United States,2022,Catalog/Specialty Distribution,Consumer Discretionary,/market-activity/stocks/gct
GCTK,GlucoTrack Inc. Common Stock,$3.53,-0.15,-4.076%,62098,2817448.00,United States,,Medical/Dental Instruments,Health Care,/market-activity/stocks/gctk
GDC,GD Culture Group Limited Common Stock,$1.45,-0.05,-3.333%,249845,6035625.00,United States,2015,Steel/Iron Ore,Industrials,/market-activity/stocks/gdc
GDEV,GDEV Inc. Ordinary Shares,$11.60,-0.30,-2.521%,1329,210545672.00,Cyprus,,EDP Services,Technology,/market-activity/stocks/gdev
GDHG,Golden Heaven Group Holdings Ltd. Class A Ordinary Shares,$1.28,0.0099,0.779%,48930,76148352.00,China,2023,Services-Misc. Amusement & Recreation,Consumer Discretionary,/market-activity/stocks/gdhg
GDRX,GoodRx Holdings Inc. Class A Common Stock,$3.45,-0.01,-0.289%,1298583,1176951589.00,United States,2020,EDP Services,Technology,/market-activity/stocks/gdrx
GDS,GDS Holdings Limited ADS,$30.815,-0.425,-1.36%,835418,6174636145.00,China,2016,Computer Software: Programming Data Processing,Technology,/market-activity/stocks/gds
GDTC,CytoMed Therapeutics Limited Ordinary Shares,$0.8799,-0.0288,-3.169%,12932,10407840.00,Singapore,2023,Biotechnology: Pharmaceutical Preparations,Health Care,/market-activity/stocks/gdtc
GDYN,Grid Dynamics Holdings Inc. Class A Common Stock,$7.85,0.00,0.00%,678340,636846016.00,United States,2018,Computer Software: Prepackaged Software,Technology,/market-activity/stocks/gdyn
GECC,Great Elm Capital Corp. Common Stock,$5.92,-0.08,-1.333%,83834,82227320.00,United States,,Finance: Consumer Services,Finance,/market-activity/stocks/gecc
GECCG,Great Elm Capital Corp. 7.75% Notes Due 2030,$25.125,0.365,1.474%,1919,0.00,United States,,Finance: Consumer Services,Finance,/market-activity/stocks/geccg
GECCH,Great Elm Capital Corp. 8.125% Notes Due 2029,$25.32,0.00,0.00%,30,0.00,United States,,,,/market-activity/stocks/gecch
GECCI,Great Elm Capital Corp. 8.50% NOTES DUE 2029,$25.30,0.01,0.04%,11302,0.00,United States,,Finance Companies,Finance,/market-activity/stocks/gecci
GEG,Great Elm Group Inc. Common Stock,$2.20,0.01,0.457%,6040,68408758.00,United States,,Computer Software: Prepackaged Software,Technology,/market-activity/stocks/geg
GEGGL,Great Elm Group Inc.  7.25% Notes due 2027,$24.661,-0.1489,-0.60%,3342,715089764.00,United States,,Computer Software: Prepackaged Software,Technology,/market-activity/stocks/geggl
GEHC,GE HealthCare Technologies Inc. Common Stock ,$70.56,0.14,0.199%,2067796,31870981941.00,United States,,Medical Electronics,Health Care,/market-activity/stocks/gehc
GELS,Gelteq Limited Ordinary Shares,$0.70,0.168,31.579%,71637662,7497741.00,Australia,2024,Biotechnology: Pharmaceutical Preparations,Health Care,/market-activity/stocks/gels
GEMI,Gemini Space Station Inc. Class A Common Stock,$4.29,0.13,3.125%,1012359,556207947.00,United States,2025,Finance: Consumer Services,Finance,/market-activity/stocks/gemi
GEN,Gen Digital Inc. Common Stock,$30.65,0.63,2.099%,4739155,18346692531.00,United States,,Computer Software: Prepackaged Software,Technology,/market-activity/stocks/gen
GENB,Generate Biomedicines Inc. Common Stock,$16.28,0.49,3.103%,892726,2089577658.00,United States,2026,Biotechnology: Pharmaceutical Preparations,Health Care,/market-activity/stocks/genb
GENK,GEN Restaurant Group Inc. Class A Common Stock,$1.92,0.02,1.053%,115157,63292067.00,United States,2023,Restaurants,Consumer Discretionary,/market-activity/stocks/genk
GENVR,Gen Digital Inc. Contingent Value Rights,$4.99,0.44,9.67%,49302,2986949290.00,United States,,Computer Software: Prepackaged Software,Technology,/market-activity/stocks/genvr
GEOS,Geospace Technologies Corporation Common Stock (Texas),$5.13,-0.06,-1.156%,60105,66359643.00,United States,,Industrial Machinery/Components,Industrials,/market-activity/stocks/geos
GERN,Geron Corporation Common Stock,$1.59,0.11,7.432%,26890060,1021532720.00,United States,1996,Biotechnology: Pharmaceutical Preparations,Health Care,/market-activity/stocks/gern
GEVO,Gevo Inc. Common Stock,$1.71,0.07,4.268%,2255397,422775448.00,United States,2011,Major Chemicals,Industrials,/market-activity/stocks/gevo
GFAI,Guardforce AI Co. Limited Ordinary Shares,$0.3812,-0.0063,-1.626%,61594,11967140.00,Singapore,,Diversified Commercial Services,Consumer Discretionary,/market-activity/stocks/gfai
GFAIW,Guardforce AI Co. Limited Warrant,$0.02,0.0056,38.889%,31051,627867.00,Singapore,,Diversified Commercial Services,Consumer Discretionary,/market-activity/stocks/gfaiw
GFS,GlobalFoundries Inc. Ordinary Shares,$43.97,0.04,0.091%,3416502,24465666746.00,United States,2021,Semiconductors,Technology,/market-activity/stocks/gfs
GFUZ,General Fusion Group Ltd. Common Shares,$7.63,-0.15,-1.928%,93198,484846763.00,United States,2025,Electric Utilities: Central,Utilities,/market-activity/stocks/gfuz
GFUZW,General Fusion Group Ltd. Warrant,$1.36,0.00,0.00%,131,86420917.00,United States,2025,Electric Utilities: Central,Utilities,/market-activity/stocks/gfuzw
GGAL,Grupo Financiero Galicia S.A. American Depositary Shares,$45.01,0.72,1.626%,793655,7229748039.00,Argentina,,Commercial Banks,Finance,/market-activity/stocks/ggal
GGR,Gogoro Inc. Ordinary Shares,$2.70,-0.02,-0.735%,7499,39888485.00,Taiwan,,Auto Manufacturing,Industrials,/market-activity/stocks/ggr
GH,Guardant Health Inc. Common Stock,$163.06,-1.35,-0.821%,1757557,21882027480.00,United States,2018,Medical Specialities,Health Care,/market-activity/stocks/gh
GHRS,GH Research PLC Ordinary Shares,$28.07,0.71,2.595%,111879,1924399874.00,Ireland,2021,Biotechnology: Pharmaceutical Preparations,Health Care,/market-activity/stocks/ghrs
GHXI,Gores Holdings XI Inc. Class A Ordinary Shares,$10.00,-0.02,-0.20%,5568,0.00,United States,2026,,,/market-activity/stocks/ghxi
GHXIU,Gores Holdings XI Inc. Units,$10.17,0.025,0.246%,200,0.00,United States,2026,,,/market-activity/stocks/ghxiu
GIBO,GIBO Holdings Limited Class A Ordinary Shares,$30.0616,-1.4684,-4.657%,424,78301600.00,Hong Kong,,Computer Software: Prepackaged Software,Technology,/market-activity/stocks/gibo
GIFT,Giftify Inc. Common Stock,$0.791,-0.009,-1.125%,34268,28021314.00,United States,,Catalog/Specialty Distribution,Consumer Discretionary,/market-activity/stocks/gift
GIGM,GigaMedia Limited Ordinary Shares,$1.42,-0.045,-3.072%,1538,15694174.00,Taiwan,,Computer Software: Programming Data Processing,Technology,/market-activity/stocks/gigm
GIII,G-III Apparel Group LTD. Common Stock,$28.47,-3.70,-11.501%,2130833,1201165613.00,United States,1989,Apparel,Consumer Discretionary,/market-activity/stocks/giii
GILD,Gilead Sciences Inc. Common Stock,$149.61,-0.31,-0.207%,4923298,185509690740.00,United States,1992,Biotechnology: Biological Products (No Diagnostic Substances),Health Care,/market-activity/stocks/gild
GILT,Gilat Satellite Networks Ltd. Ordinary Shares,$10.12,0.06,0.596%,496561,763765994.00,Israel,,Radio And Television Broadcasting And Communications Equipment,Technology,/market-activity/stocks/gilt
GIPR,Generation Income Properties Inc. Common Stock,$0.3943,0.0293,8.027%,9628514,1197939.00,United States,,Real Estate Investment Trusts,Real Estate,/market-activity/stocks/gipr
GIPRW,Generation Income Properties Inc Warrant,$0.007,0.00,0.00%,2,21267.00,United States,,Real Estate Investment Trusts,Real Estate,/market-activity/stocks/giprw
GITS,Global Interactive Technologies Inc. Common Stock,$2.18,0.04,1.869%,27569,8009773.00,South Korea,2023,Computer Software: Programming Data Processing,Technology,/market-activity/stocks/gits
GIW,GigCapital8 Corp. Class A Ordinary Shares,$10.16,0.00,0.00%,225794,0.00,United States,2025,Blank Checks,Finance,/market-activity/stocks/giw
GIX,GigCapital9 Corp. Class A Ordinary Share,$9.99,0.00,0.00%,202,0.00,United States,2026,Blank Checks,Finance,/market-activity/stocks/gix
GIXI,Gix Internet Ltd. Ordinary Shares,$12.00,12.00,,1195434,29908212.00,Israel,,Computer Software: Prepackaged Software,Technology,/market-activity/stocks/gixi
GLAD,Gladstone Capital Corporation Common Stock,$20.09,0.16,0.803%,211781,453894756.00,United States,2001,Textiles,Consumer Discretionary,/market-activity/stocks/glad
GLBE,Global-E Online Ltd. Ordinary Shares,$38.80,1.81,4.893%,1795332,6501649574.00,Israel,2021,Computer Software: Prepackaged Software,Technology,/market-activity/stocks/glbe
GLBS,Globus Maritime Limited Common Stock,$3.82,0.00,0.00%,235930,82444390.00,Greece,,Marine Transportation,Consumer Discretionary,/market-activity/stocks/glbs
GLE,Global Engine Group Holding Limited Class A Ordinary Shares,$0.5002,0.0002,0.04%,43688,9153660.00,Hong Kong,2024,EDP Services,Technology,/market-activity/stocks/gle
GLIBA,Liberty Capital Corporation Series A GCI Group Common Stock,$26.73,0.27,1.02%,44172,1066660490.00,United States,,Cable & Other Pay Television Services,Telecommunications,/market-activity/stocks/gliba
GLIBK,Liberty Capital Corporation Series C GCI Group Common Stock,$26.17,0.37,1.434%,269284,1044313693.00,United States,,Cable & Other Pay Television Services,Telecommunications,/market-activity/stocks/glibk
GLMD,Galmed Pharmaceuticals Ltd. Ordinary Shares,$4.119,0.194,4.943%,15619,4290206.00,Israel,2014,Biotechnology: Pharmaceutical Preparations,Health Care,/market-activity/stocks/glmd
GLND,Greenland Energy Company Common Stock,$1.34,-0.05,-3.597%,384973,58598460.00,United States,,Oil & Gas Production,Energy,/market-activity/stocks/glnd
GLNDW,Greenland Energy Company Warrant,$0.39,-0.0499,-11.343%,2413,17054776.00,United States,,Oil & Gas Production,Energy,/market-activity/stocks/glndw
GLNG,Golar Lng Ltd,$53.13,0.80,1.529%,1144678,5397437809.00,Bermuda,,Marine Transportation,Consumer Discretionary,/market-activity/stocks/glng
GLOO,Gloo Holdings Inc. Class A Common Stock,$3.05,-0.07,-2.244%,112916,293052235.00,United States,2025,EDP Services,Technology,/market-activity/stocks/gloo
GLPI,Gaming and Leisure Properties Inc. Common Stock,$42.34,0.54,1.292%,4179541,12317554621.00,United States,,Real Estate Investment Trusts,Real Estate,/market-activity/stocks/glpi
GLRE,Greenlight Capital Re Ltd. Class A Ordinary Shares,$15.23,-0.03,-0.197%,113451,497127669.00,Cayman Islands,2007,Property-Casualty Insurers,Finance,/market-activity/stocks/glre
GLSI,Greenwich LifeSciences Inc. Common Stock,$15.74,0.73,4.863%,104040,231034994.00,United States,2020,Biotechnology: Pharmaceutical Preparations,Health Care,/market-activity/stocks/glsi
GLUE,Monte Rosa Therapeutics Inc. Common Stock,$14.22,-0.09,-0.629%,1530386,1213156562.00,United States,2021,Biotechnology: Biological Products (No Diagnostic Substances),Health Care,/market-activity/stocks/glue
GLXG,Galaxy Payroll Group Limited Class A Ordinary Shares,$1.04,0.03,2.97%,9544,6199976.00,Hong Kong,2024,Diversified Commercial Services,Industrials,/market-activity/stocks/glxg
GLXY,Galaxy Digital Inc. Class A Common Stock,$24.06,0.63,2.689%,2489461,9404791505.00,United States,,Investment Bankers/Brokers/Service,Finance,/market-activity/stocks/glxy
GMAB,Genmab A/S ADS,$34.215,0.925,2.779%,2079537,4395834259.00,Denmark,2019,Biotechnology: Pharmaceutical Preparations,Health Care,/market-activity/stocks/gmab
GMEX,GMEX ROBOTICS CORPORATION Class A Ordinary Shares,$0.792,-0.0577,-6.791%,248464,716317.00,Australia,2023,Recreational Games/Products/Toys,Consumer Discretionary,/market-activity/stocks/gmex
GMHS,Gamehaus Holdings Inc. Class A Ordinary Shares,$0.8177,-0.0175,-2.095%,57183,46446300.00,China,,EDP Services,Technology,/market-activity/stocks/gmhs
GMM,Global Mofy AI Limited Class A Ordinary Shares,$2.25,-0.13,-5.462%,37944,21939766.00,China,2023,Computer Software: Programming Data Processing,Technology,/market-activity/stocks/gmm
GNLN,Greenlane Holdings Inc. Class A Common Stock,$2.89,0.12,4.332%,22349,2007232.00,United States,2019,Durable Goods,Consumer Discretionary,/market-activity/stocks/gnln
GNLX,Genelux Corporation Common Stock,$2.55,-0.05,-1.923%,158145,115375604.00,United States,2023,Biotechnology: Pharmaceutical Preparations,Health Care,/market-activity/stocks/gnlx
GNPX,Genprex Inc. Common Stock,$3.51,-0.04,-1.127%,39978,2877179.00,United States,2018,Biotechnology: Pharmaceutical Preparations,Health Care,/market-activity/stocks/gnpx
GNSS,Genasys Inc. Common Stock,$1.425,0.015,1.064%,57854,64897363.00,United States,,Consumer Electronics/Appliances,Consumer Staples,/market-activity/stocks/gnss
GNTA,Genenta Science S.p.A. American Depositary Shares,$0.9781,-0.0319,-3.158%,23448,47160909.00,Italy,2021,Biotechnology: Biological Products (No Diagnostic Substances),Health Care,/market-activity/stocks/gnta
GNTX,Gentex Corporation Common Stock,$22.86,0.73,3.299%,2621393,4816220947.00,United States,,Auto Parts:O.E.M.,Consumer Discretionary,/market-activity/stocks/gntx
GO,Grocery Outlet Holding Corp. Common Stock,$12.01,-0.10,-0.826%,2982681,1190004749.00,United States,2019,Food Chains,Consumer Staples,/market-activity/stocks/go
GOAI,Eva Live Inc. Common Stock,$2.55,-0.03,-1.163%,207179,101985057.00,United States,,Computer Software: Programming Data Processing,Technology,/market-activity/stocks/goai
GOGO,Gogo Inc. Common Stock,$2.53,-0.02,-0.784%,2305313,342834891.00,United States,2013,Telecommunications Equipment,Consumer Discretionary,/market-activity/stocks/gogo
GOOD,Gladstone Commercial Corporation Real Estate Investment Trust,$13.00,0.01,0.077%,414417,629297513.00,United States,2003,Real Estate,Real Estate,/market-activity/stocks/good
GOODN,Gladstone Commercial Corporation 6.625% Series E Cumulative Redeemable Preferred Stock,$23.28,0.1196,0.516%,831,1126926623.00,United States,,Real Estate,Real Estate,/market-activity/stocks/goodn
GOODO,Gladstone Commercial Corporation 6.00% Series G Cumulative Redeemable Preferred Stock par value $0.001 per share,$20.78,-0.18,-0.859%,2498,1005907871.00,United States,,Real Estate,Real Estate,/market-activity/stocks/goodo
GOOG,Alphabet Inc. Class C Capital Stock,$333.78,1.75,0.527%,12995911,4082129400000.00,United States,2004,Computer Software: Programming Data Processing,Technology,/market-activity/stocks/goog
GOOGL,Alphabet Inc. Class A Common Stock,$337.12,2.10,0.627%,22582444,4122977600000.00,United States,2004,Computer Software: Programming Data Processing,Technology,/market-activity/stocks/googl
GOOGM,Alphabet Inc. Depositary Shares representing a 1/20th Interest in a Share of Series A Mandatory Convertible Preferred Stock,$48.08,0.31,0.649%,531986,588018400000.00,United States,,Computer Software: Programming Data Processing,Technology,/market-activity/stocks/googm
GOOGN,Alphabet Inc. Depositary Shares representing a 1/20th Interest in a Share of Series B Mandatory Convertible Preferred Stock,$47.75,0.28,0.59%,313931,583982500000.00,United States,,Computer Software: Programming Data Processing,Technology,/market-activity/stocks/googn
GOSS,Gossamer Bio Inc. Common Stock,$0.1727,0.0053,3.166%,5758086,84423829.00,United States,2019,Biotechnology: Pharmaceutical Preparations,Health Care,/market-activity/stocks/goss
GOVX,GeoVax Labs Inc. Common Stock,$0.5525,-0.0531,-8.768%,375620,5024364.00,United States,,Biotechnology: Pharmaceutical Preparations,Health Care,/market-activity/stocks/govx
GP,GreenPower Motor Company Inc. Common Shares,$0.9141,-0.0385,-4.042%,173914,8036587.00,Canada,,Construction/Ag Equipment/Trucks,Consumer Discretionary,/market-activity/stocks/gp
GPAC,General Purpose Acquisition Corp. Class A Ordinary Shares,$10.06,0.00,0.00%,139,0.00,United States,2026,,,/market-activity/stocks/gpac
GPACU,General Purpose Acquisition Corp. Units,$10.17,0.00,0.00%,10,0.00,United States,2025,,,/market-activity/stocks/gpacu
GPACW,General Purpose Acquisition Corp. Warrant,$0.286,0.00,0.00%,7,0.00,United States,2026,Major Chemicals,Industrials,/market-activity/stocks/gpacw
GPAT,GP-Act III Acquisition Corp. Class A Ordinary Share,$10.93,0.00,0.00%,57,0.00,United States,2024,,,/market-activity/stocks/gpat
GPCR,Structure Therapeutics Inc. American Depositary Shares,$47.80,0.67,1.422%,1064774,3408611165.00,United States,2023,Biotechnology: Pharmaceutical Preparations,Health Care,/market-activity/stocks/gpcr
GPRE,Green Plains Inc. Common Stock,$15.215,0.465,3.153%,2819959,1066500416.00,United States,,Major Chemicals,Industrials,/market-activity/stocks/gpre
GPRO,GoPro Inc. Class A Common Stock,$1.69,0.46,37.398%,280461647,311812451.00,United States,2014,Industrial Machinery/Components,Consumer Discretionary,/market-activity/stocks/gpro
GRAB,Grab Holdings Limited Class A Ordinary Shares,$3.53,0.07,2.023%,33462687,14474700694.00,Singapore,,Business Services,Consumer Discretionary,/market-activity/stocks/grab
GRABW,Grab Holdings Limited Warrant,$0.0229,0.0023,11.165%,7692,93901033.00,Singapore,,Business Services,Consumer Discretionary,/market-activity/stocks/grabw
GRAL,GRAIL Inc. Common Stock ,$80.56,0.77,0.965%,449190,3598311811.00,United States,,Medical Specialities,Health Care,/market-activity/stocks/gral
GRAN,Grande Group Limited Class A Ordinary Shares,$1.20,0.02,1.695%,5579,29887500.00,Hong Kong,2025,Finance: Consumer Services,Finance,/market-activity/stocks/gran
GRCE,Grace Therapeutics Inc. Common Stock,$2.14,0.04,1.905%,48991,45016890.00,Canada,,Biotechnology: Pharmaceutical Preparations,Health Care,/market-activity/stocks/grce
GRDX,GridAI Technologies Corp. Common Stock,$3.46,-0.12,-3.352%,110919,24673686.00,United States,2016,Biotechnology: Pharmaceutical Preparations,Health Care,/market-activity/stocks/grdx
GREEL,Vulcan Infrastructure and Power Inc. 8.50% Senior Notes due 2026,$24.60,-0.07,-0.284%,2927,385566058.00,United States,,Finance: Consumer Services,Finance,/market-activity/stocks/greel
GRFS,Grifols S.A. American Depositary Shares,$7.83,0.10,1.294%,262236,5383554930.00,Spain,,Biotechnology: Pharmaceutical Preparations,Health Care,/market-activity/stocks/grfs
GRI,GRI Bio Inc. Common Stock,$2.00,0.09,4.712%,85840,4372230.00,United States,2021,Biotechnology: Pharmaceutical Preparations,Health Care,/market-activity/stocks/gri
GRML,Greenland Mines Ltd. Common Stock,$4.87,0.22,4.731%,1056104,23423707.00,United States,2022,Biotechnology: Biological Products (No Diagnostic Substances),Health Care,/market-activity/stocks/grml
GRMLW,Greenland Mines Ltd Warrant,$0.1614,0.004,2.541%,33274,776301.00,United States,2022,Biotechnology: Biological Products (No Diagnostic Substances),Health Care,/market-activity/stocks/grmlw
GRNQ,Greenpro Capital Corp. Common Stock,$14.3403,-0.1497,-1.033%,957,25995895.00,China,,Professional Services,Consumer Discretionary,/market-activity/stocks/grnq
GROW,U.S. Global Investors Inc. Class A Common Stock,$3.23,-0.13,-3.869%,11911,40065553.00,United States,,Investment Managers,Finance,/market-activity/stocks/grow
GRPN,Groupon Inc. Common Stock,$18.83,0.37,2.004%,782576,765727524.00,United States,2011,Advertising,Consumer Discretionary,/market-activity/stocks/grpn
GRRR,Gorilla Technology Group Inc. Ordinary shares,$13.72,-0.37,-2.626%,845014,380832543.00,Taiwan,,Computer Software: Prepackaged Software,Technology,/market-activity/stocks/grrr
GRRRW,Gorilla Technology Group Inc. Warrant,$0.169,-0.001,-0.588%,1998,4691013.00,Taiwan,,Computer Software: Prepackaged Software,Technology,/market-activity/stocks/grrrw
GRSD,Grandstand Limited Ordinary Shares,$1.94,0.14,7.778%,141422,68088549.00,Jersey,2021,Services-Misc. Amusement & Recreation,Consumer Discretionary,/market-activity/stocks/grsd
GRVY,GRAVITY Co. Ltd. American Depository Shares,$71.87,-1.03,-1.413%,18849,499417443.00,South Korea,2005,EDP Services,Technology,/market-activity/stocks/grvy
GRWG,GrowGeneration Corp. Common Stock,$1.63,0.02,1.242%,184668,96040332.00,United States,,RETAIL: Building Materials,Consumer Discretionary,/market-activity/stocks/grwg
GSAT,Globalstar Inc. Common Stock,$81.46,0.09,0.111%,382532,10554233749.00,United States,2025,Telecommunications Equipment,Consumer Discretionary,/market-activity/stocks/gsat
GSBC,Great Southern Bancorp Inc. Common Stock,$79.49,1.51,1.936%,93574,866242831.00,United States,1989,Major Banks,Finance,/market-activity/stocks/gsbc
GSHD,Goosehead Insurance Inc. Class A Common Stock,$68.80,0.35,0.511%,180923,2443494264.00,United States,2018,Specialty Insurers,Finance,/market-activity/stocks/gshd
GSHR,Gesher Acquisition Corp. II Class A Ordinary Shares,$10.54,0.00,0.00%,1056,0.00,United States,2025,,,/market-activity/stocks/gshr
GSIT,GSI Technology Common Stock,$5.34,0.00,0.00%,323639,205230031.00,United States,2007,Semiconductors,Technology,/market-activity/stocks/gsit
GSIW,Garden Stage Limited Class A Ordinary Shares,$17.00,0.35,2.102%,36652,182110783.00,Hong Kong,2023,Investment Bankers/Brokers/Service,Finance,/market-activity/stocks/gsiw
GSM,Ferroglobe PLC Ordinary Shares,$4.52,0.49,12.159%,2036533,844609537.00,United Kingdom,,Metal Mining,Basic Materials,/market-activity/stocks/gsm
GSRF,GSR IV Acquisition Corp. Class A ordinary share,$10.22,0.00,0.00%,78,0.00,United States,2025,,,/market-activity/stocks/gsrf
GSRV,GSR V Acquisition Corp. Class A ordinary shares,$9.89,0.00,0.00%,576516,0.00,United States,2026,Blank Checks,Finance,/market-activity/stocks/gsrv
GSUN,Golden Sun Technology Group Limited Class A Ordinary Shares,$0.225,-0.041,-15.414%,6632732,2256496.00,China,2022,Other Consumer Services,Real Estate,/market-activity/stocks/gsun
GT,The Goodyear Tire & Rubber Company Common Stock,$6.21,0.22,3.673%,8951602,1787851157.00,United States,,Automotive Aftermarket,Consumer Discretionary,/market-activity/stocks/gt
GTBP,GT Biopharma Inc. Common Stock,$0.283,-0.0059,-2.042%,246333,12765988.00,United States,,Biotechnology: Pharmaceutical Preparations,Health Care,/market-activity/stocks/gtbp
GTEC,Greenland Technologies Holding Corporation Class A Ordinary Shares,$0.8919,0.027,3.122%,199821,23674792.00,China,2018,Industrial Machinery/Components,Industrials,/market-activity/stocks/gtec
GTEN,Gores Holdings X Inc. Class A ordinary shares,$10.68,0.00,0.00%,136,0.00,United States,2025,,,/market-activity/stocks/gten
GTERA,Globa Terra Acquisition Corporation Class A Ordinary Shares,$10.41,-0.01,-0.096%,74441,0.00,Mexico,2025,Blank Checks,Finance,/market-activity/stocks/gtera
GTERR,Globa Terra Acquisition Corporation Rights,$0.0699,-0.0001,-0.143%,32129,0.00,Mexico,2025,Blank Checks,Finance,/market-activity/stocks/gterr
GTERU,Globa Terra Acquisition Corporation Units,$10.54,0.05,0.477%,200,0.00,Mexico,2025,Blank Checks,Finance,/market-activity/stocks/gteru
GTERW,Globa Terra Acquisition Corporation Warrants,$0.07,-0.0027,-3.714%,5100,0.00,Mexico,2025,Blank Checks,Finance,/market-activity/stocks/gterw
GTIM,Good Times Restaurants Inc. Common Stock,$1.55,0.06,4.027%,66347,16364739.00,United States,,Restaurants,Consumer Discretionary,/market-activity/stocks/gtim
GTLB,GitLab Inc. Class A Common Stock,$49.59,4.50,9.98%,28993590,8375751000.00,United States,2021,Computer Software: Prepackaged Software,Technology,/market-activity/stocks/gtlb
GTM,ZoomInfo Technologies Inc Common Stock,$4.09,-0.03,-0.728%,4286212,1190640088.00,United States,2020,Computer Software: Prepackaged Software,Technology,/market-activity/stocks/gtm
GTX,Garrett Motion Inc. Common Stock,$27.01,0.41,1.541%,3097836,5037187112.00,Switzerland,,Auto Parts:O.E.M.,Consumer Discretionary,/market-activity/stocks/gtx
GUAC,Berto Acquisition Corp. II Ordinary Shares,$9.9306,0.00,0.00%,99057,0.00,United States,2026,Blank Checks,Finance,/market-activity/stocks/guac
GUACU,Berto Acquisition Corp. II Unit,$10.12,0.00,0.00%,8,0.00,United States,2026,Blank Checks,Finance,/market-activity/stocks/guacu
GURE,Gulf Resources Inc. (NV) Common Stock,$3.55,-0.05,-1.389%,42756,6438035.00,China,,Major Chemicals,Industrials,/market-activity/stocks/gure
GUTS,Fractyl Health Inc. Common Stock,$0.7067,-0.0014,-0.198%,2654048,112492399.00,United States,2024,Medical/Dental Instruments,Health Care,/market-activity/stocks/guts
GVH,Globavend Holdings Limited Ordinary Shares,$1.01,0.00,0.00%,127806,4347218.00,Australia,2023,Integrated Freight & Logistics,Industrials,/market-activity/stocks/gvh
GWAV,Greenwave Technology Solutions Inc. Common Stock,$5.80,-0.05,-0.855%,16996,4811860.00,United States,,Metal Fabrications,Industrials,/market-activity/stocks/gwav
GWRS,Global Water Resources Inc. Common Stock,$8.80,-0.13,-1.456%,89598,263342605.00,United States,2016,Water Supply,Utilities,/market-activity/stocks/gwrs
GXAI,Gaxos.ai Inc. Common Stock,$0.755,-0.0429,-5.377%,565299,8112199.00,United States,2023,Computer Software: Prepackaged Software,Technology,/market-activity/stocks/gxai
GYGY,Game Your Game Inc. Common Stock,$1.73,0.35,25.362%,14854461,24898160.00,United States,,Computer Software: Prepackaged Software,Technology,/market-activity/stocks/gygy
GYRE,Gyre Therapeutics Inc. Common Stock,$6.36,-0.11,-1.70%,58071,709202640.00,United States,2006,Biotechnology: Pharmaceutical Preparations,Health Care,/market-activity/stocks/gyre
GYRO,Gyrodyne LLC Common Stock,$4.95,-0.11,-2.174%,1408,10886575.00,United States,,Building operators,Real Estate,/market-activity/stocks/gyro
HACQ,HCM IV Acquisition Corp. Class A Ordinary Share,$10.06,0.00,0.00%,9988,0.00,United States,2026,Blank Checks,Finance,/market-activity/stocks/hacq
HACQU,HCM IV Acquisition Corp. Unit,$10.14,0.00,0.00%,5000,0.00,United States,2026,,,/market-activity/stocks/hacqu
HACQW,HCM IV Acquisition Corp. Warrants,$0.43,0.00,0.00%,16985,0.00,United States,2026,Blank Checks,Finance,/market-activity/stocks/hacqw
HAFC,Hanmi Financial Corporation Common Stock,$31.60,0.74,2.398%,186108,936916458.00,United States,,Major Banks,Finance,/market-activity/stocks/hafc
HAIN,Hain Celestial Group Inc. (The) Common Stock,$0.6863,-0.0437,-5.986%,398071,61940965.00,United States,,Packaged Foods,Consumer Staples,/market-activity/stocks/hain
HALO,Halozyme Therapeutics Inc. Common Stock,$109.66,1.94,1.801%,1619725,12446190680.00,United States,,Biotechnology: Biological Products (No Diagnostic Substances),Health Care,/market-activity/stocks/halo
HAO,Haoxi Health Technology Limited Class A Ordinary Shares,$3.135,0.085,2.787%,57691,1147805.00,China,2024,Advertising,Consumer Discretionary,/market-activity/stocks/hao
HAPN,Happen Inc. Common Stock,$17.36,0.59,3.518%,744688,2003473575.00,United States,,Finance: Consumer Services,Finance,/market-activity/stocks/hapn
HAS,Hasbro Inc. Common Stock,$93.50,0.30,0.322%,1221377,13187657665.00,United States,,Recreational Games/Products/Toys,Consumer Discretionary,/market-activity/stocks/has
HAVA,Harvard Ave Acquisition Corporation Class A Ordinary Share,$10.21,0.00,0.00%,51,0.00,South Korea,2025,,,/market-activity/stocks/hava
HBAN,Huntington Bancshares Incorporated Common Stock,$16.88,0.46,2.801%,19791163,34104602263.00,United States,,Major Banks,Finance,/market-activity/stocks/hban
HBANL,Huntington Bancshares Incorporated Depositary Shares Each Representing a 1/40th Interest in a Share of 6.875% Series J Non-Cumulative Perpetual Preferred Stock,$25.23,0.03,0.119%,15592,50975066060.00,United States,,Major Banks,Finance,/market-activity/stocks/hbanl
HBANM,Huntington Bancshares Incorporated Depositary Shares each representing a 1/1000th interest in a share of Huntington Series I Preferred Stock,$20.65,0.14,0.683%,5505,41721566157.00,United States,,Major Banks,Finance,/market-activity/stocks/hbanm
HBANP,Huntington Bancshares Incorporated Depositary Shares 4.500% Series H Non-Cumulative Perpetual Preferred Stock,$16.12,-0.13,-0.80%,77431,32569086995.00,United States,,Major Banks,Finance,/market-activity/stocks/hbanp
HBANZ,Huntington Bancshares Incorporated Depositary Shares Each Representing a 1/1000th Interest in a Share of 5.50% Series L Non-Cumulative Perpetual Preferred Stock,$19.1751,-0.0549,-0.285%,9469,38741656330.00,United States,,Major Banks,Finance,/market-activity/stocks/hbanz
HBCP,Home Bancorp Inc. Common Stock,$69.34,1.37,2.016%,44988,545757805.00,United States,2008,Banks,Finance,/market-activity/stocks/hbcp
HBIO,Harvard Bioscience Inc. Common Stock,$8.20,0.16,1.99%,36462,37328901.00,United States,2000,Biotechnology: Laboratory Analytical Instruments,Industrials,/market-activity/stocks/hbio
HBNB,Hotel101 Global Holdings Corp. Class A Ordinary Shares,$5.43,0.00,0.00%,890,1270795856.00,Singapore,,Hotels/Resorts,Consumer Discretionary,/market-activity/stocks/hbnb
HBNC,Horizon Bancorp Inc. Common Stock,$19.65,0.40,2.078%,490859,1008919798.00,United States,,Major Banks,Finance,/market-activity/stocks/hbnc
HBT,HBT Financial Inc. Common Stock,$36.19,0.87,2.463%,124401,1316071498.00,United States,2019,Major Banks,Finance,/market-activity/stocks/hbt
HCAC,Hall Chadwick Acquisition Corp Class A Ordinary Shares,$10.095,0.00,0.00%,24313,0.00,Cayman Islands,2026,Auto Parts:O.E.M.,Consumer Discretionary,/market-activity/stocks/hcac
HCAI,Huachen AI Parking Management Technology Holding Co. Ltd. Class A Ordinary Shares,$4.54,0.09,2.022%,3900,37061273.00,China,2025,Miscellaneous manufacturing industries,Consumer Discretionary,/market-activity/stocks/hcai
HCAT,Health Catalyst Inc Common Stock,$1.69,-0.02,-1.17%,701633,127183284.00,United States,2019,Computer Software: Programming Data Processing,Technology,/market-activity/stocks/hcat
HCIC,Hennessy Capital Investment Corp. VIII Class A Ordinary Shares,$9.99,0.00,0.00%,306,0.00,United States,2026,,,/market-activity/stocks/hcic
HCICR,Hennessy Capital Investment Corp. VIII Share Rights,$0.1275,-0.0076,-5.625%,12800,0.00,United States,2026,,,/market-activity/stocks/hcicr
HCKT,Hackett Group Inc (The). Common Stock,$10.95,-0.02,-0.182%,174721,272412709.00,United States,,Professional Services,Consumer Discretionary,/market-activity/stocks/hckt
HCM,HUTCHMED (China) Limited American Depositary Shares,$12.04,0.13,1.092%,62311,2100564909.00,Hong Kong,2016,Biotechnology: Pharmaceutical Preparations,Health Care,/market-activity/stocks/hcm
HCMA,HCM III Acquisition Corp. Class A Ordinary Share,$10.29,0.00,0.00%,121,399380625.00,United States,2025,Hotels/Resorts,Consumer Discretionary,/market-activity/stocks/hcma
HCMAU,HCM III Acquisition Corp. Units,$10.47,0.00,0.00%,1,0.00,United States,2025,,,/market-activity/stocks/hcmau
HCSG,Healthcare Services Group Inc. Common Stock,$21.77,-0.05,-0.229%,558499,1494123038.00,United States,1983,Hospital/Nursing Management,Health Care,/market-activity/stocks/hcsg
HCTI,Healthcare Triangle Inc. Common Stock,$0.8203,0.0106,1.309%,49705,12283436.00,United States,2021,EDP Services,Technology,/market-activity/stocks/hcti
HCWB,HCW Biologics Inc. Common Stock,$3.355,-0.095,-2.754%,210759,6160867.00,United States,2021,Biotechnology: Pharmaceutical Preparations,Health Care,/market-activity/stocks/hcwb
HDL,SUPER HI INTERNATIONAL HOLDING LTD. American Depositary Shares,$12.73,-0.27,-2.077%,1391,827830627.00,Singapore,2024,Restaurants,Consumer Discretionary,/market-activity/stocks/hdl
HDRN,Hadron Energy Inc. Common Stock  ,$1.88,-0.11,-5.528%,58290,134417823.00,United States,2024,Electric Utilities: Central,Utilities,/market-activity/stocks/hdrn
HDRNW,Hadron Energy Inc. Warrant,$0.1696,0.0294,20.97%,18293,12126204.00,United States,2024,Electric Utilities: Central,Utilities,/market-activity/stocks/hdrnw
HDSN,Hudson Technologies Inc. Common Stock,$5.12,-0.02,-0.389%,618466,215493361.00,United States,,Industrial Specialties,Consumer Discretionary,/market-activity/stocks/hdsn
HELE,Helen of Troy Limited Common Stock,$28.59,0.08,0.281%,293732,665920024.00,Bermuda,,Home Furnishings,Consumer Discretionary,/market-activity/stocks/hele
HELP,Cybin Inc. Common Stock,$11.95,0.35,3.017%,2116702,740709732.00,Canada,,Biotechnology: Pharmaceutical Preparations,Health Care,/market-activity/stocks/help
HEPS,D-Market Electronic Services & Trading American Depositary Shares,$2.68,0.06,2.29%,79240,957363536.00,Turkey,2021,Catalog/Specialty Distribution,Consumer Discretionary,/market-activity/stocks/heps
HERE,Here Group Limited American Depositary Shares,$1.86,0.01,0.541%,12321,101155384.00,China,2023,Recreational Games/Products/Toys,Consumer Discretionary,/market-activity/stocks/here
HERZ,Herzfeld Credit Income Fund Inc. Common Stock,$16.09,-0.11,-0.679%,11682,0.00,United States,,Investment Managers,Finance,/market-activity/stocks/herz
HFBL,Home Federal Bancorp Inc. of Louisiana Common Stock,$25.03,0.73,3.004%,453,76438842.00,United States,2010,Savings Institutions,Finance,/market-activity/stocks/hfbl
HFFG,HF Foods Group Inc. Common Stock,$1.815,0.015,0.833%,59046,97830215.00,United States,2017,Food Distributors,Consumer Discretionary,/market-activity/stocks/hffg
HFWA,Heritage Financial Corporation Common Stock,$29.23,0.67,2.346%,359708,1195961760.00,United States,,Banks,Finance,/market-activity/stocks/hfwa
HGBL,Heritage Global Inc. Common Stock,$1.36,0.10,7.937%,489264,47109645.00,United States,,Business Services,Consumer Discretionary,/market-activity/stocks/hgbl
HHS,Harte Hanks Inc. Common Stock,$4.24,-0.04,-0.935%,79081,31605978.00,United States,,Advertising,Consumer Discretionary,/market-activity/stocks/hhs
HIFS,Hingham Institution for Savings Common Stock,$295.21,13.00,4.606%,56511,633933954.00,United States,,Banks,Finance,/market-activity/stocks/hifs
HIHO,Highway Holdings Limited Common Stock,$0.9035,0.00,0.00%,2996,4180202.00,Hong Kong,,Metal Fabrications,Industrials,/market-activity/stocks/hiho
HIMX,Himax Technologies Inc. American Depositary Shares,$13.495,0.085,0.634%,466558,2353877709.00,Taiwan,2006,Semiconductors,Technology,/market-activity/stocks/himx
HIND,Vyome Holdings Inc. Common Stock,$2.18,0.01,0.461%,4422,15300391.00,United States,2016,Biotechnology: Pharmaceutical Preparations,Health Care,/market-activity/stocks/hind
HIT,Health In Tech Inc. Class A Common Stock,$0.9762,0.0082,0.847%,34145,63974933.00,United States,2024,Specialty Insurers,Finance,/market-activity/stocks/hit
HITI,High Tide Inc. Common Shares,$2.52,0.04,1.613%,329463,221502650.00,Canada,,Other Specialty Stores,Consumer Discretionary,/market-activity/stocks/hiti
HIVE,HIVE Digital Technologies Ltd. Common Shares,$2.72,0.08,3.03%,8474833,746034359.00,Canada,,Finance: Consumer Services,Finance,/market-activity/stocks/hive
HKIT,Hitek Global Inc. Class A Ordinary Share,$2.85,0.04,1.423%,8139,25626801.00,China,2023,Computer Software: Prepackaged Software,Technology,/market-activity/stocks/hkit
HKPD,Cellyan Biotechnology Co. Ltd Class A Ordinary Shares,$0.152,-0.0295,-16.253%,13980935,7371994.00,Hong Kong,2025,Other Pharmaceuticals,Health Care,/market-activity/stocks/hkpd
HLIT,Harmonic Inc. Common Stock,$11.79,0.07,0.597%,1054188,1285893387.00,United States,1995,Radio And Television Broadcasting And Communications Equipment,Technology,/market-activity/stocks/hlit
HLMN,Hillman Solutions Corp. Common Stock,$7.58,0.26,3.552%,1870239,1474651092.00,United States,2020,Industrial Machinery/Components,Consumer Discretionary,/market-activity/stocks/hlmn
HLNE,Hamilton Lane Incorporated Class A Common Stock,$103.16,0.17,0.165%,659277,5685213416.00,United States,2017,Investment Managers,Finance,/market-activity/stocks/hlne
HLP,Hongli Group Inc. Class A Ordinary Shares,$1.37,-0.01,-0.725%,69251,102392088.00,China,2023,Industrial Machinery/Components,Industrials,/market-activity/stocks/hlp
HLXC,Helix Acquisition Corp. III Class A Ordinary Shares,$10.75,0.00,0.00%,1565,0.00,United States,2026,,,/market-activity/stocks/hlxc
HMH,HMH Holding Inc. Class A Common Stock,$19.66,0.49,2.556%,79544,863747886.00,United States,2026,Oil and Gas Field Machinery,Consumer Discretionary,/market-activity/stocks/hmh
HMR,Heidmar Maritime Holdings Corp. Common Stock,$1.35,0.11,8.871%,73145,79639196.00,Greece,,Marine Transportation,Consumer Discretionary,/market-activity/stocks/hmr
HNNA,Hennessy Advisors Inc. Common Stock,$10.235,0.12,1.186%,5256,80901636.00,United States,,Investment Managers,Finance,/market-activity/stocks/hnna
HNRG,Hallador Energy Company Common Stock,$16.35,-0.02,-0.122%,491307,770793887.00,United States,,Electric Utilities: Central,Utilities,/market-activity/stocks/hnrg
HNST,The Honest Company Inc. Common Stock,$5.72,0.09,1.599%,2376942,613666648.00,United States,2021,Catalog/Specialty Distribution,Consumer Discretionary,/market-activity/stocks/hnst
HNVR,Hanover Bancorp Inc. Common Stock,$27.25,0.56,2.098%,85358,192260304.00,United States,2022,Major Banks,Finance,/market-activity/stocks/hnvr
HODO,House of Doge Inc. Common Stock,$0.2332,-0.0058,-2.427%,985331,19799376.00,United States,2025,Finance: Consumer Services,Finance,/market-activity/stocks/hodo
HOFT,Hooker Furnishings Corporation Common Stock,$12.78,-0.02,-0.156%,45427,137278287.00,United States,,Home Furnishings,Consumer Discretionary,/market-activity/stocks/hoft
HOLO,MicroCloud Hologram Inc. Ordinary Shares,$1.68,-0.04,-2.326%,317598,38492765.00,United States,2021,Computer Software: Programming Data Processing,Technology,/market-activity/stocks/holo
HOLOW,MicroCloud Hologram Inc. Warrant,$0.0397,-0.0005,-1.244%,2579,909621.00,United States,2021,Computer Software: Programming Data Processing,Technology,/market-activity/stocks/holow
HON,Honeywell International Inc. Common Stock,$206.07,-3.91,-1.862%,2912369,65311827861.00,United States,,Aerospace,Industrials,/market-activity/stocks/hon
HONA,Honeywell Aerospace Inc. Common Stock ,$152.55,-1.69,-1.096%,2771526,48351138199.00,United States,,Aerospace,Industrials,/market-activity/stocks/hona
HOOD,Robinhood Markets Inc. Class A Common Stock,$106.99,3.48,3.362%,16848841,96192812388.00,United States,2021,Investment Bankers/Brokers/Service,Finance,/market-activity/stocks/hood
HOPE,Hope Bancorp Inc. Common Stock,$13.96,0.33,2.421%,953674,1783276031.00,United States,,Major Banks,Finance,/market-activity/stocks/hope
HOUR,Hour Loop Inc. Common Stock,$1.865,0.015,0.811%,2982,65647664.00,United States,2022,Catalog/Specialty Distribution,Consumer Discretionary,/market-activity/stocks/hour
HOVNP,Hovnanian Enterprises Inc Dep Shr Srs A Pfd,$19.71,0.00,0.00%,65,117469432.00,United States,,Homebuilding,Consumer Discretionary,/market-activity/stocks/hovnp
HOVR,New Horizon Aircraft Ltd. Class A Ordinary Share,$1.66,0.065,4.075%,632487,111425742.00,United States,2023,Aerospace,Industrials,/market-activity/stocks/hovr
HOVRW,New Horizon Aircraft Ltd. Warrant,$0.31,0.0199,6.86%,19326,20808422.00,United States,2023,Aerospace,Industrials,/market-activity/stocks/hovrw
HOWL,Werewolf Therapeutics Inc. Common Stock,$0.9983,0.0408,4.261%,1307523,48516448.00,United States,2021,Biotechnology: Pharmaceutical Preparations,Health Care,/market-activity/stocks/howl
HPAI,Helport AI Limited Ordinary Shares,$0.4194,0.0075,1.821%,29852,15789114.00,Singapore,,Computer Software: Prepackaged Software,Technology,/market-activity/stocks/hpai
HPK,HighPeak Energy Inc. Common Stock,$8.14,0.03,0.37%,361613,1029325825.00,United States,,Oil & Gas Production,Energy,/market-activity/stocks/hpk
HQ,Horizon Quantum Holdings Ltd. Class A Ordinary Shares,$17.50,2.91,19.945%,420179,944511400.00,Singapore,,EDP Services,Technology,/market-activity/stocks/hq
HQI,HireQuest Inc. Common Stock (DE),$16.71,0.64,3.983%,39354,232269000.00,United States,,Professional Services,Consumer Discretionary,/market-activity/stocks/hqi
HQWWW,Horizon Quantum Holdings Ltd. Warrant,$7.90,0.50,6.757%,22420,426379432.00,Singapore,,EDP Services,Technology,/market-activity/stocks/hqwww
HQY,HealthEquity Inc. Common Stock,$98.54,1.54,1.588%,784573,8150765268.00,United States,2014,Business Services,Consumer Discretionary,/market-activity/stocks/hqy
HRMY,Harmony Biosciences Holdings Inc. Common Stock,$42.86,1.61,3.903%,1167526,2496011804.00,United States,2020,Biotechnology: Pharmaceutical Preparations,Health Care,/market-activity/stocks/hrmy
HROW,Harrow Inc. Common Stock,$39.05,2.08,5.626%,470492,1463900543.00,United States,,Biotechnology: Pharmaceutical Preparations,Health Care,/market-activity/stocks/hrow
HRTX,Heron Therapeutics Inc. Common Stock,$0.3129,-0.0021,-0.667%,2170225,59404787.00,United States,,Biotechnology: Pharmaceutical Preparations,Health Care,/market-activity/stocks/hrtx
HRZN,Horizon Technology Finance Corporation Common Stock,$4.80,0.29,6.43%,893982,321762763.00,United States,2010,Finance: Consumer Services,Finance,/market-activity/stocks/hrzn
HSAI,Hesai Group American Depositary Share,$16.59,-0.19,-1.132%,1126632,2606989280.00,China,2023,Industrial Machinery/Components,Industrials,/market-activity/stocks/hsai
HSCS,HeartSciences Inc. Common Stock,$3.01,-0.11,-3.526%,25418,11737468.00,United States,2022,Industrial Specialties,Health Care,/market-activity/stocks/hscs
HSCSW,HeartSciences Inc. Warrant,$0.045,0.0047,11.663%,6747,175477.00,United States,2022,Industrial Specialties,Health Care,/market-activity/stocks/hscsw
HSDT,Solana Company Class A Common Stock (DE),$2.08,-0.01,-0.478%,261132,125754102.00,United States,,Biotechnology: Electromedical & Electrotherapeutic Apparatus,Health Care,/market-activity/stocks/hsdt
HSIC,Henry Schein Inc. Common Stock,$90.39,1.87,2.113%,859470,10073652931.00,United States,1995,Medical Specialities,Health Care,/market-activity/stocks/hsic
HST,Host Hotels & Resorts Inc. Common Stock,$22.11,0.47,2.172%,7455630,15148100462.00,United States,,Real Estate Investment Trusts,Real Estate,/market-activity/stocks/hst
HSTM,HealthStream Inc. Common Stock,$29.77,0.10,0.337%,173633,870473460.00,United States,2000,Computer Software: Programming Data Processing,Technology,/market-activity/stocks/hstm
HTCO,High-Trend International Group Class A Ordinary Shares,$2.40,-0.23,-8.745%,196722,16212778.00,Singapore,,Marine Transportation,Consumer Discretionary,/market-activity/stocks/htco
HTCR,Heartcore Enterprises Inc. Common Stock,$2.37,-0.1534,-6.079%,12130,3591327.00,Japan,2022,EDP Services,Technology,/market-activity/stocks/htcr
HTFL,Heartflow Inc. Common Stock,$50.00,-0.43,-0.853%,1752602,4347681350.00,United States,2025,Medical/Dental Instruments,Health Care,/market-activity/stocks/htfl
HTHT,H World Group Limited American Depositary Shares,$46.74,-0.23,-0.49%,755855,14373663300.00,China,2010,Hotels/Resorts,Consumer Discretionary,/market-activity/stocks/htht
HTLD,Heartland Express Inc. Common Stock,$12.10,0.19,1.595%,873685,935724593.00,United States,1986,Trucking Freight/Courier Services,Industrials,/market-activity/stocks/htld
HTLM,HomesToLife Ltd Ordinary Shares,$1.7499,-0.0157,-0.889%,2511,156944156.00,Singapore,2024,Other Specialty Stores,Consumer Discretionary,/market-activity/stocks/htlm
HTO,H2O America Common Stock,$63.45,-0.35,-0.549%,514003,2655814214.00,United States,,Water Supply,Utilities,/market-activity/stocks/hto
HTOO,Fusion Fuel Green PLC Class A Ordinary Shares,$2.30,0.04,1.77%,20375,16427812.00,Ireland,,Industrial Machinery/Components,Technology,/market-activity/stocks/htoo
HTZ,Hertz Global Holdings Inc Common Stock,$2.31,0.07,3.125%,23370630,823402718.00,United States,,Rental/Leasing Companies,Consumer Discretionary,/market-activity/stocks/htz
HTZWW,Hertz Global Holdings Inc Warrant,$1.095,0.0478,4.565%,21776,390314275.00,United States,,Rental/Leasing Companies,Consumer Discretionary,/market-activity/stocks/htzww
HUBC,Hub Cyber Security Ltd. Ordinary Shares,$0.7343,-0.0108,-1.449%,178280,24544829.00,Israel,,Computer Communications Equipment,Telecommunications,/market-activity/stocks/hubc
HUBCW,Hub Cyber Security Ltd. Warrant 2/27/28,$0.0097,0.0002,2.105%,16944,324234.00,Israel,,Computer Communications Equipment,Telecommunications,/market-activity/stocks/hubcw
HUBCZ,Hub Cyber Security Ltd. Warrant ,$0.0112,-0.0034,-23.288%,81715,374373.00,Israel,,Computer Communications Equipment,Telecommunications,/market-activity/stocks/hubcz
HUBG,Hub Group Inc. Class A Common Stock,$35.93,-2.01,-5.298%,1466397,2197245614.00,United States,1996,Integrated Freight & Logistics,Industrials,/market-activity/stocks/hubg
HUDI,Huadi International Group Co. Ltd. Ordinary Shares,$0.832,0.0766,10.14%,16041,11913559.00,China,2021,Steel/Iron Ore,Industrials,/market-activity/stocks/hudi
HUHU,HUHUTECH International Group Inc. Ordinary Shares,$4.22,-0.01,-0.236%,85907,107583621.00,China,2024,Metal Fabrications,Telecommunications,/market-activity/stocks/huhu
HUIZ,Huize Holding Limited American Depositary Shares,$1.48,-0.045,-2.951%,96175,14956992.00,China,2020,Specialty Insurers,Finance,/market-activity/stocks/huiz
HUMA,Humacyte Inc. Common Stock,$0.5966,0.0262,4.593%,5178849,165734349.00,United States,2020,Biotechnology: Biological Products (No Diagnostic Substances),Health Care,/market-activity/stocks/huma
HURA,TuHURA Biosciences Inc. Common Stock,$2.09,0.06,2.956%,139155,133188630.00,United States,,Biotechnology: Pharmaceutical Preparations,Health Care,/market-activity/stocks/hura
HURC,Hurco Companies Inc. Common Stock,$21.28,0.43,2.062%,60194,137816132.00,United States,,Industrial Machinery/Components,Industrials,/market-activity/stocks/hurc
HURN,Huron Consulting Group Inc. Common Stock,$156.64,-0.82,-0.521%,198147,2492153678.00,United States,2004,Professional Services,Consumer Discretionary,/market-activity/stocks/hurn
HUT,Hut 8 Corp. Common Stock,$80.68,3.11,4.009%,3720141,9944573878.00,United States,,Finance: Consumer Services,Finance,/market-activity/stocks/hut
HVII,Hennessy Capital Investment Corp. VII Ordinary Shares,$8.64,0.83,10.627%,45813,,United States,2025,,,/market-activity/stocks/hvii
HVIIR,Hennessy Capital Investment Corp. VII Rights,$0.30,0.0201,7.181%,96261,0.00,United States,2025,Blank Checks,Finance,/market-activity/stocks/hviir
HVMC,Highview Merger Corp. Class A Ordinary Share,$10.26,0.00,0.00%,77,0.00,United States,2025,,,/market-activity/stocks/hvmc
HVMCU,Highview Merger Corp. Units,$10.35,0.00,0.00%,2,0.00,United States,2025,Blank Checks,Finance,/market-activity/stocks/hvmcu
HWBK,Hawthorn Bancshares Inc. Common Stock,$39.05,0.31,0.80%,19385,269471476.00,United States,,Major Banks,Finance,/market-activity/stocks/hwbk
HWC,Hancock Whitney Corporation Common Stock,$74.84,1.60,2.185%,580438,6003893661.00,United States,,Major Banks,Finance,/market-activity/stocks/hwc
HWCPZ,Hancock Whitney Corporation 6.25% Subordinated Notes due 2060,$21.22,-0.12,-0.562%,8520,1798500633.00,United States,,Major Banks,Finance,/market-activity/stocks/hwcpz
HWH,HWH International Inc. Common Stock,$1.88,0.02,1.075%,3301,55885632.00,United States,2022,Other Pharmaceuticals,Health Care,/market-activity/stocks/hwh
HWKN,Hawkins Inc. Common Stock,$126.37,1.79,1.437%,249756,2637988535.00,United States,,Specialty Chemicals,Consumer Discretionary,/market-activity/stocks/hwkn
HXHX,Haoxin Holdings Limited Class A Ordinary Shares,$0.4856,0.01,2.103%,30900,6677000.00,China,2025,Trucking Freight/Courier Services,Industrials,/market-activity/stocks/hxhx
HYFM,Hydrofarm Holdings Group Inc. Common Stock,$1.01,0.0718,7.653%,72406,4867516.00,United States,2020,Consumer Specialties,Consumer Discretionary,/market-activity/stocks/hyfm
HYFT,MindWalk Holdings Corp. Common Stock,$1.335,0.035,2.692%,57804,62360341.00,Canada,,Biotechnology: Pharmaceutical Preparations,Health Care,/market-activity/stocks/hyft
HYMC,Hycroft Mining Holding Corporation Class A Common Stock,$23.21,1.58,7.305%,2114170,2162746816.00,United States,2018,Precious Metals,Basic Materials,/market-activity/stocks/hymc
HYNE,Hoyne Bancorp Inc. Common Stock,$16.43,-0.08,-0.485%,34591,133032691.00,United States,2025,Banks,Finance,/market-activity/stocks/hyne
HYPD,Hyperion DeFi Inc. Common Stock,$3.06,-0.025,-0.81%,309966,47550668.00,United States,2018,Biotechnology: Pharmaceutical Preparations,Health Care,/market-activity/stocks/hypd
HYPR,Hyperfine Inc. Class A Common Stock,$0.806,-0.0047,-0.58%,519561,85475227.00,United States,2021,Biotechnology: Electromedical & Electrotherapeutic Apparatus,Health Care,/market-activity/stocks/hypr
IA,Innovative Solutions and Support Inc. Common Stock,$18.12,-0.39,-2.107%,220205,324333015.00,United States,,EDP Services,Technology,/market-activity/stocks/ia
IACO,Idea Acquisition Corp. Class A Ordinary Shares,$9.99,0.00,0.00%,1153,0.00,United States,2026,Blank Checks,Finance,/market-activity/stocks/iaco
IACOW,Idea Acquisition Corp. Warrants,$0.25,-0.04,-13.793%,21604,0.00,United States,2026,Blank Checks,Finance,/market-activity/stocks/iacow
IACQ,Irenic Acquisition Corp. Class A Ordinary Shares,$9.95,0.02,0.201%,714,0.00,United States,2026,Blank Checks,Finance,/market-activity/stocks/iacq
IART,Integra LifeSciences Holdings Corporation Common Stock,$16.81,0.19,1.143%,528883,1307355826.00,United States,,Medical/Dental Instruments,Health Care,/market-activity/stocks/iart
IBAC,IB Acquisition Corp. Common Stock,$10.89,0.00,0.00%,24,0.00,United States,2024,Blank Checks,Finance,/market-activity/stocks/ibac
IBACR,IB Acquisition Corp. Right,$0.115,0.00,0.00%,400,0.00,United States,2024,Blank Checks,Finance,/market-activity/stocks/ibacr
IBCP,Independent Bank Corporation Common Stock,$36.75,0.64,1.772%,141217,815824091.00,United States,,Major Banks,Finance,/market-activity/stocks/ibcp
IBEX,IBEX Limited Common Shares,$38.94,0.69,1.804%,105237,521372177.00,Bermuda,2020,EDP Services,Technology,/market-activity/stocks/ibex
IBG,Innovation Beverage Group Limited Ordinary Shares,$0.97,0.0156,1.635%,31558,1761405.00,Australia,2024,Beverages (Production/Distribution),Consumer Staples,/market-activity/stocks/ibg
IBIO,iBio Inc. Common Stock,$1.31,0.05,3.968%,311042,84242505.00,United States,,Biotechnology: Pharmaceutical Preparations,Health Care,/market-activity/stocks/ibio
IBKR,Interactive Brokers Group Inc. Class A Common Stock,$89.12,-1.27,-1.405%,4384576,40378326600.00,United States,2019,Investment Bankers/Brokers/Service,Finance,/market-activity/stocks/ibkr
IBOC,International Bancshares Corporation Common Stock,$70.62,0.98,1.407%,409112,4391964719.00,United States,,Major Banks,Finance,/market-activity/stocks/iboc
IBRX,ImmunityBio Inc. Common Stock,$7.95,0.08,1.017%,7228409,8425698370.00,United States,2015,Biotechnology: Biological Products (No Diagnostic Substances),Health Care,/market-activity/stocks/ibrx
ICCC,ImmuCell Corporation Common Stock,$10.00,0.08,0.806%,16281,90821970.00,United States,1987,Biotechnology: In Vitro & In Vivo Diagnostic Substances,Health Care,/market-activity/stocks/iccc
ICCM,IceCure Medical Ltd. Ordinary Shares,$2.26,-0.02,-0.877%,71340,7743608.00,Israel,,Medical/Dental Instruments,Health Care,/market-activity/stocks/iccm
ICFI,ICF International Inc. Common Stock,$88.32,-0.49,-0.552%,181146,1583920635.00,United States,2006,Professional Services,Consumer Discretionary,/market-activity/stocks/icfi
ICG,Intchains Group Limited American Depositary Shares,$0.939,-0.0269,-2.785%,18169,113415145.00,China,2023,Semiconductors,Technology,/market-activity/stocks/icg
ICHR,Ichor Holdings Ordinary Shares,$52.63,0.87,1.681%,600467,1971216072.00,United States,2016,Semiconductors,Technology,/market-activity/stocks/ichr
ICLR,ICON plc Ordinary Shares,$159.84,-1.56,-0.967%,893201,12238521228.00,Ireland,1998,Biotechnology: Commercial Physical & Biological Resarch,Health Care,/market-activity/stocks/iclr
ICMB,Investcorp Credit Management BDC Inc. Common Stock,$0.84,0.017,2.066%,43346,12123276.00,United States,2014,Finance: Consumer Services,Finance,/market-activity/stocks/icmb
ICON,Icon Energy Corp. Common stock,$0.96,-0.0219,-2.23%,14826,3608941.00,Greece,2024,Marine Transportation,Consumer Discretionary,/market-activity/stocks/icon
ICU,SeaStar Medical Holding Corporation Common Stock,$2.88,-0.11,-3.679%,85435,12691702.00,United States,2021,Medical/Dental Instruments,Health Care,/market-activity/stocks/icu
ICUCW,SeaStar Medical Holding Corporation Warrant,$0.0166,-0.0003,-1.775%,14459,73154.00,United States,2021,Medical/Dental Instruments,Health Care,/market-activity/stocks/icucw
ICUI,ICU Medical Inc. Common Stock,$169.85,-0.96,-0.562%,360340,4247445404.00,United States,1992,Medical/Dental Instruments,Health Care,/market-activity/stocks/icui
IDAC,Iron Dome Acquisition I Corp. Class A Ordinary Shares,$10.00,0.00,0.00%,66,0.00,United States,2026,,,/market-activity/stocks/idac
IDACU,Iron Dome Acquisition I Corp. Units,$10.10,0.00,0.00%,6,0.00,United States,2026,,,/market-activity/stocks/idacu
IDAI,T Stamp Inc. Class A Common Stock,$3.21,0.16,5.246%,16702,18102124.00,United States,,Computer Software: Prepackaged Software,Technology,/market-activity/stocks/idai
IDCC,InterDigital Inc. Common Stock,$329.79,9.89,3.092%,189001,8510563049.00,United States,,Multi-Sector Companies,Miscellaneous,/market-activity/stocks/idcc
IDN,Intellicheck Inc. Common Stock,$2.68,-0.04,-1.471%,313581,54314871.00,United States,1999,Computer Software: Prepackaged Software,Technology,/market-activity/stocks/idn
IDXX,IDEXX Laboratories Inc. Common Stock,$538.99,-6.17,-1.132%,655554,42462233713.00,United States,1991,Biotechnology: In Vitro & In Vivo Diagnostic Substances,Health Care,/market-activity/stocks/idxx
IDYA,IDEAYA Biosciences Inc. Common Stock,$40.17,0.22,0.551%,765306,3875982572.00,United States,2019,Biotechnology: Pharmaceutical Preparations,Health Care,/market-activity/stocks/idya
IEAG,Infinite Eagle Acquisition Corp. Class A Ordinary Shares,$10.23,-0.0001,-0.001%,50118,0.00,United States,2026,Blank Checks,Finance,/market-activity/stocks/ieag
IEAGR,Infinite Eagle Acquisition Corp. Rights,$0.17,-0.0001,-0.059%,58801,0.00,United States,2026,Blank Checks,Finance,/market-activity/stocks/ieagr
IEAGU,Infinite Eagle Acquisition Corp. Unit,$10.37,0.00,0.00%,1,0.00,United States,2026,,,/market-activity/stocks/ieagu
IEP,Icahn Enterprises L.P. Common Stock,$6.80,-0.01,-0.147%,1076494,4834222632.00,United States,,Integrated oil Companies,Energy,/market-activity/stocks/iep
IESC,IES Holdings Inc. Common Stock,$302.64,2.05,0.682%,225083,12059814200.00,United States,,Engineering & Construction,Industrials,/market-activity/stocks/iesc
IFBD,Infobird Co. Ltd Ordinary Shares,$0.88,-0.0175,-1.95%,3087,7205945.00,China,2021,Computer Software: Prepackaged Software,Technology,/market-activity/stocks/ifbd
IFRX,InflaRx N.V. Common Stock,$2.29,0.13,6.019%,572045,337473226.00,Germany,2017,Biotechnology: Pharmaceutical Preparations,Health Care,/market-activity/stocks/ifrx
IGAC,Invest Green Acquisition Corporation Class A Ordinary Shares,$10.05,0.00,0.00%,63,0.00,United States,2025,Blank Checks,Finance,/market-activity/stocks/igac
IGACU,Invest Green Acquisition Corporation Units,$10.1801,0.00,0.00%,1,0.00,United States,2025,Blank Checks,Finance,/market-activity/stocks/igacu
IGIC,International General Insurance Holdings Ltd. Ordinary Share,$26.39,0.16,0.61%,62250,1130606080.00,Jordan,2018,Property-Casualty Insurers,Finance,/market-activity/stocks/igic
IHRT,iHeartMedia Inc. Class A Common Stock,$2.84,0.14,5.185%,580339,379705521.00,United States,,Broadcasting,Consumer Discretionary,/market-activity/stocks/ihrt
III,Information Services Group Inc. Common Stock,$5.03,-0.03,-0.593%,202059,243519714.00,United States,,Professional Services,Consumer Discretionary,/market-activity/stocks/iii
IIIV,i3 Verticals Inc. Class A Common Stock,$16.80,0.80,5.00%,454578,442209751.00,United States,2018,Computer Software: Prepackaged Software,Technology,/market-activity/stocks/iiiv
IKT,Inhibikase Therapeutics Inc. Common Stock,$2.50,0.12,5.042%,379054,348839750.00,United States,2020,Biotechnology: Biological Products (No Diagnostic Substances),Health Care,/market-activity/stocks/ikt
ILAG,Intelligent Living Application Group Inc. Ordinary Shares,$2.90,0.00,0.00%,360,6023149.00,Hong Kong,2022,Office Equipment/Supplies/Services,Consumer Discretionary,/market-activity/stocks/ilag
ILLR,Triller Group Inc. Common Stock,$0.9853,0.0053,0.541%,123368,20186217.00,United States,2019,Investment Managers,Finance,/market-activity/stocks/illr
ILLRW,Triller Group Inc. Warrant,$0.055,-0.0024,-4.181%,1261,1126806.00,United States,2019,Investment Managers,Finance,/market-activity/stocks/illrw
ILLU,Illumination Acquisition Corp I Class A Ordinary Shares,$9.97,0.01,0.10%,394116,0.00,United States,2026,Blank Checks,Finance,/market-activity/stocks/illu
ILMN,Illumina Inc. Common Stock,$213.25,6.12,2.955%,1771948,32200750000.00,United States,2000,Medical Specialities,Health Care,/market-activity/stocks/ilmn
ILPT,Industrial Logistics Properties Trust Common Shares of Beneficial Interest,$8.22,-0.03,-0.364%,317901,548651142.00,United States,2018,Real Estate Investment Trusts,Real Estate,/market-activity/stocks/ilpt
IMA,ImageneBio Inc. Common Stock,$4.96,-0.06,-1.195%,6248,56303222.00,United States,2021,Biotechnology: Biological Products (No Diagnostic Substances),Health Care,/market-activity/stocks/ima
IMCC,IM Cannabis Corp. Common Shares,$3.00,0.11,3.806%,24006,1811766.00,Canada,, Medicinal Chemicals and Botanical Products ,Health Care,/market-activity/stocks/imcc
IMCR,Immunocore Holdings plc American Depositary Shares,$37.37,0.51,1.384%,220702,1924503317.00,United Kingdom,2021,Biotechnology: Biological Products (No Diagnostic Substances),Health Care,/market-activity/stocks/imcr
IMDX,Insight Molecular Diagnostics Inc. Common Stock,$4.01,0.17,4.427%,80824,131224379.00,United States,,Biotechnology: In Vitro & In Vivo Diagnostic Substances,Health Care,/market-activity/stocks/imdx
IMKTA,Ingles Markets Incorporated Class A Common Stock,$81.40,0.81,1.005%,92363,1546142206.00,United States,1987,Food Chains,Consumer Staples,/market-activity/stocks/imkta
IMMP,Immutep Limited American Depositary Shares,$0.3829,0.0117,3.152%,118512,56359830.00,Australia,,Biotechnology: Pharmaceutical Preparations,Health Care,/market-activity/stocks/immp
IMMR,Immersion Corporation Common Stock,$7.54,0.14,1.892%,309247,250266934.00,United States,1999,Computer peripheral equipment,Technology,/market-activity/stocks/immr
IMMX,Immix Biopharma Inc. Common Stock,$13.96,-0.05,-0.357%,1578227,998688823.00,United States,2021,Biotechnology: Pharmaceutical Preparations,Health Care,/market-activity/stocks/immx
IMNM,Immunome Inc. Common Stock,$27.33,0.265,0.979%,811137,3104076601.00,United States,2020,Biotechnology: Pharmaceutical Preparations,Health Care,/market-activity/stocks/imnm
IMNN,Imunon Inc. Common Stock,$1.56,-0.04,-2.50%,34224,8753789.00,United States,,Biotechnology: Pharmaceutical Preparations,Health Care,/market-activity/stocks/imnn
IMOS,ChipMOS TECHNOLOGIES INC. American Depositary Shares,$56.15,-1.12,-1.956%,56167,1965202609.00,Taiwan,,Semiconductors,Technology,/market-activity/stocks/imos
IMPP,Imperial Petroleum Inc. Common Shares,$5.31,-0.15,-2.747%,306130,240084524.00,Greece,,Marine Transportation,Consumer Discretionary,/market-activity/stocks/impp
IMPPP,Imperial Petroleum Inc. 8.75% Series A Cumulative Redeemable Perpetual Preferred Shares,$25.90,0.20,0.778%,1136,1171033742.00,Greece,,Marine Transportation,Consumer Discretionary,/market-activity/stocks/imppp
IMRN,Immuron Limited American Depositary Shares,$1.17,0.10,9.346%,12779,9443306.00,Australia,2017,Biotechnology: Pharmaceutical Preparations,Health Care,/market-activity/stocks/imrn
IMRX,Immuneering Corporation Class A Common Stock,$5.02,0.17,3.505%,678748,324780958.00,United States,2021,Biotechnology: Pharmaceutical Preparations,Health Care,/market-activity/stocks/imrx
IMSR,Terrestrial Energy Inc. Common Stock  ,$5.09,0.11,2.209%,831778,539210443.00,United States,2024,Metal Fabrications,Industrials,/market-activity/stocks/imsr
IMSRW,Terrestrial Energy Inc. Warrant,$2.15,0.0501,2.386%,1955,227760796.00,United States,2024,Metal Fabrications,Industrials,/market-activity/stocks/imsrw
IMTE,Integrated Media Technology Limited Ordinary Shares,$0.4761,-0.0071,-1.469%,7598,1640847.00,Australia,,Consumer Electronics/Appliances,Consumer Staples,/market-activity/stocks/imte
IMTX,Immatics N.V. Ordinary Shares,$9.50,0.07,0.742%,761123,1421500922.00,Germany,,Biotechnology: Biological Products (No Diagnostic Substances),Health Care,/market-activity/stocks/imtx
IMUX,Immunic Inc. Common Stock,$14.24,-0.34,-2.332%,225183,194297210.00,United States,2014,Biotechnology: Pharmaceutical Preparations,Health Care,/market-activity/stocks/imux
IMVT,Immunovant Inc. Common Stock,$39.49,-0.41,-1.028%,1331064,8156765412.00,United States,2019,Biotechnology: Biological Products (No Diagnostic Substances),Health Care,/market-activity/stocks/imvt
IMXI,International Money Express Inc. Common Stock,$14.385,-0.025,-0.173%,235010,434594254.00,United States,2017,Business Services,Consumer Discretionary,/market-activity/stocks/imxi
INAB,IN8bio Inc. Common Stock,$1.10,0.01,0.917%,6738,10844221.00,United States,2021,Biotechnology: Biological Products (No Diagnostic Substances),Health Care,/market-activity/stocks/inab
INAC,Indigo Acquisition Corp. Ordinary Shares,$10.31,0.00,0.00%,51,0.00,United States,2025,,,/market-activity/stocks/inac
INBK,First Internet Bancorp Common Stock,$28.46,0.96,3.491%,45368,248557516.00,United States,,Major Banks,Finance,/market-activity/stocks/inbk
INBKZ,First Internet Bancorp 6.0% Fixed-to-Floating Rate Subordinated Notes Due 2029,$25.24,0.065,0.258%,1061,219918493.00,United States,,Major Banks,Finance,/market-activity/stocks/inbkz
INBS,Intelligent Bio Solutions Inc. Common Stock,$2.47,0.04,1.646%,183707,7477851.00,United States,2020,Medical/Dental Instruments,Health Care,/market-activity/stocks/inbs
INBX,Inhibrx Biosciences Inc. Common Stock,$124.97,0.31,0.249%,189912,1839265970.00,United States,,Biotechnology: Biological Products (No Diagnostic Substances),Health Care,/market-activity/stocks/inbx
INCR,Intercure Ltd. Ordinary Shares,$5.40,-0.11,-1.996%,11873,63966839.00,Israel,,Biotechnology: Pharmaceutical Preparations,Health Care,/market-activity/stocks/incr
INCY,Incyte Corp. Common Stock,$128.83,3.82,3.056%,2324562,26113550617.00,United States,,Biotechnology: Commercial Physical & Biological Resarch,Health Care,/market-activity/stocks/incy
INDB,Independent Bank Corp. Common Stock,$81.65,1.71,2.139%,285425,3867686933.00,United States,,Major Banks,Finance,/market-activity/stocks/indb
INDI,indie Semiconductor Inc. Class A Common Stock,$3.57,0.02,0.563%,3421180,827557712.00,United States,,Semiconductors,Technology,/market-activity/stocks/indi
INDP,Indaptus Therapeutics Inc. Common Stock,$1.17,0.04,3.54%,331840,155893519.00,United States,,Biotechnology: Pharmaceutical Preparations,Health Care,/market-activity/stocks/indp
INDV,Indivior Pharmaceuticals Inc. Common Stock,$35.05,0.49,1.418%,2975001,4136965170.00,United Kingdom,,Biotechnology: Pharmaceutical Preparations,Health Care,/market-activity/stocks/indv
INEO,INNEOVA Holdings Limited Class A Ordinary Shares,$0.5668,0.0446,8.541%,36025,9165510.00,Singapore,2024,Motor Vehicles,Consumer Discretionary,/market-activity/stocks/ineo
INGN,Inogen Inc Common Stock,$5.39,0.06,1.126%,249489,143041636.00,United States,2014,Industrial Specialties,Health Care,/market-activity/stocks/ingn
INHD,Inno Holdings Inc. Common Stock,$4.95,-0.22,-4.255%,83425,12476876.00,United States,2023,Steel/Iron Ore,Industrials,/market-activity/stocks/inhd
INIO,INNIO N.V. Ordinary Shares,$20.07,0.60,3.082%,5463129,15052500000.00,Germany,2026,Metal Fabrications,Consumer Discretionary,/market-activity/stocks/inio
INKT,MiNK Therapeutics Inc. Common Stock,$11.33,0.38,3.47%,8325,57817013.00,United States,2021,Biotechnology: Biological Products (No Diagnostic Substances),Health Care,/market-activity/stocks/inkt
INLF,INLIF LIMITED Class A Ordinary Shares,$3.91,-0.12,-2.978%,20580,4263065.00,China,2025,Industrial Machinery/Components,Industrials,/market-activity/stocks/inlf
INM,InMed Pharmaceuticals Inc. Common Shares,$1.35,0.03,2.273%,19982,4473985.00,Canada,,Biotechnology: Pharmaceutical Preparations,Health Care,/market-activity/stocks/inm
INMB,INmune Bio Inc. Common stock,$2.35,0.11,4.911%,171026,65221404.00,United States,2019,Biotechnology: Biological Products (No Diagnostic Substances),Health Care,/market-activity/stocks/inmb
INMD,InMode Ltd. Ordinary Shares,$14.95,-0.08,-0.532%,412766,859337541.00,Israel,2019,Biotechnology: Electromedical & Electrotherapeutic Apparatus,Health Care,/market-activity/stocks/inmd
INNV,InnovAge Holding Corp. Common Stock,$10.81,-0.02,-0.185%,232456,1467310408.00,United States,2021,Medical/Nursing Services,Health Care,/market-activity/stocks/innv
INO,Inovio Pharmaceuticals Inc. Common Stock,$1.36,0.03,2.256%,4423956,140620624.00,United States,,Biotechnology: Pharmaceutical Preparations,Health Care,/market-activity/stocks/ino
INOD,Innodata Inc. Common Stock,$54.29,-0.35,-0.641%,866281,1866634123.00,United States,1993,EDP Services,Technology,/market-activity/stocks/inod
INSE,Inspired Entertainment Inc. Common Stock,$5.62,0.17,3.119%,198485,148134051.00,United States,2014,Computer Software: Prepackaged Software,Technology,/market-activity/stocks/inse
INSG,Inseego Corp. Common Stock,$4.17,0.11,2.709%,307729,68473869.00,United States,,Telecommunications Equipment,Telecommunications,/market-activity/stocks/insg
INSM,Insmed Incorporated Common Stock,$126.63,5.12,4.214%,1998836,27653649725.00,United States,,Biotechnology: Pharmaceutical Preparations,Health Care,/market-activity/stocks/insm
INTA,Intapp Inc. Common Stock,$41.49,-0.73,-1.729%,515791,3174447531.00,United States,2021,Computer Software: Prepackaged Software,Technology,/market-activity/stocks/inta
INTC,Intel Corporation Common Stock,$90.05,1.08,1.214%,61554721,475920509466.00,United States,,Semiconductors,Technology,/market-activity/stocks/intc
INTG,Intergroup Corporation (The) Common Stock,$34.88,0.26,0.751%,166468,74950563.00,United States,,Building operators,Real Estate,/market-activity/stocks/intg
INTJ,Intelligent Group Limited Class A Ordinary Shares ,$3.00,0.15,5.263%,2369,4612494.00,Hong Kong,2024,Professional Services,Consumer Discretionary,/market-activity/stocks/intj
INTR,Inter & Co. Inc. Class A Common Shares,$5.88,0.29,5.188%,3218487,2594971378.00,Brazil,,Commercial Banks,Finance,/market-activity/stocks/intr
INTS,Intensity Therapeutics Inc. Common stock,$4.00,-0.07,-1.72%,14218,13059516.00,United States,2023,Biotechnology: Biological Products (No Diagnostic Substances),Health Care,/market-activity/stocks/ints
INTU,Intuit Inc. Common Stock,$342.94,-1.99,-0.577%,3135309,93806778780.00,United States,1993,Computer Software: Prepackaged Software,Technology,/market-activity/stocks/intu
INTZ,Intrusion Inc. Common Stock,$0.855,0.00,0.00%,133941,20953445.00,United States,,Computer Communications Equipment,Telecommunications,/market-activity/stocks/intz
INV,Innventure Inc. Common Stock,$1.125,-0.065,-5.462%,3171589,95189239.00,United States,,Blank Checks,Finance,/market-activity/stocks/inv
INVA,Innoviva Inc. Common Stock,$21.35,0.27,1.281%,600616,1542441105.00,United States,2004,Biotechnology: Pharmaceutical Preparations,Health Care,/market-activity/stocks/inva
INVE,Identiv Inc. Common Stock,$2.78,0.02,0.725%,43030,67375393.00,United States,,Computer peripheral equipment,Technology,/market-activity/stocks/inve
INVZ,Innoviz Technologies Ltd. Ordinary shares,$0.3254,-0.0101,-3.01%,1935813,115418947.00,Israel,,Auto Parts:O.E.M.,Consumer Discretionary,/market-activity/stocks/invz
IOND,Ionic Digital Inc. Class A Common Stock,$72.37,0.22,0.305%,290920,3250963672.00,United States,,Finance: Consumer Services,Finance,/market-activity/stocks/iond
IONR,ioneer Ltd American Depositary Shares,$3.09,-0.02,-0.643%,113284,237515473.00,Australia,,Mining & Quarrying of Nonmetallic Minerals (No Fuels),Industrials,/market-activity/stocks/ionr
IONS,Ionis Pharmaceuticals Inc. Common Stock,$61.33,1.45,2.422%,1845869,10192084468.00,United States,,Biotechnology: Pharmaceutical Preparations,Health Care,/market-activity/stocks/ions
IOSP,Innospec Inc. Common Stock,$93.76,1.15,1.242%,156456,2309406967.00,United States,,Major Chemicals,Industrials,/market-activity/stocks/iosp
IOTR,iOThree Limited Ordinary Shares,$2.55,0.03,1.19%,22909,12402879.00,Singapore,2025,Telecommunications Equipment,Consumer Discretionary,/market-activity/stocks/iotr
IOVA,Iovance Biotherapeutics Inc. Common Stock,$8.62,0.34,4.106%,12393404,3904613744.00,United States,,Biotechnology: Biological Products (No Diagnostic Substances),Health Care,/market-activity/stocks/iova
IPAR,Interparfums Inc. Common Stock,$116.46,-0.65,-0.555%,228821,3729722455.00,United States,,Package Goods/Cosmetics,Consumer Discretionary,/market-activity/stocks/ipar
IPDN,Professional Diversity Network Inc. Common Stock,$0.1206,-0.0034,-2.742%,9351343,1742709.00,United States,2013,Computer Software: Programming Data Processing,Technology,/market-activity/stocks/ipdn
IPEX,Inflection Point Acquisition Corp. V Class A Ordinary Shares,$11.00,0.40,3.774%,18334,,United States,2025,Biotechnology: Pharmaceutical Preparations,Health Care,/market-activity/stocks/ipex
IPEXR,Inflection Point Acquisition Corp. V Rights,$0.50,0.0067,1.358%,117734,0.00,United States,2025,Blank Checks,Finance,/market-activity/stocks/ipexr
IPEXU,Inflection Point Acquisition Corp. V Units,$11.50,0.45,4.072%,2523,0.00,United States,2025,Blank Checks,Finance,/market-activity/stocks/ipexu
IPFX,Inflection Point Acquisition Corp. VI Class A Ordinary Shares,$10.10,-0.005,-0.049%,247130,0.00,United States,2026,Blank Checks,Finance,/market-activity/stocks/ipfx
IPFXU,Inflection Point Acquisition Corp. VI Units,$10.59,0.09,0.857%,5381,0.00,United States,2026,Blank Checks,Finance,/market-activity/stocks/ipfxu
IPFXW,Inflection Point Acquisition Corp. VI Warrant,$0.8988,-0.0213,-2.315%,55764,0.00,United States,2026,Blank Checks,Finance,/market-activity/stocks/ipfxw
IPGP,IPG Photonics Corporation Common Stock,$76.48,1.28,1.702%,393880,3253041543.00,United States,2006,Semiconductors,Technology,/market-activity/stocks/ipgp
IPHA,Innate Pharma S.A. ADS,$2.17,0.05,2.358%,17407,203524393.00,France,2019,Biotechnology: Biological Products (No Diagnostic Substances),Health Care,/market-activity/stocks/ipha
IPHXU,Inflection Point Acquisition Corp. VIII Unit,$10.12,-0.01,-0.099%,182468,0.00,United States,2026,,,/market-activity/stocks/iphxu
IPM,Intelligent Protection Management Corp. Common Stock ,$1.83,-0.03,-1.613%,11331,16535384.00,United States,,Computer Software: Programming Data Processing,Technology,/market-activity/stocks/ipm
IPSC,Century Therapeutics Inc. Common Stock,$2.11,0.08,3.941%,465907,382068927.00,United States,2021,Biotechnology: Biological Products (No Diagnostic Substances),Health Care,/market-activity/stocks/ipsc
IPST,IP Strategy Holdings Inc. Common Stock,$4.12,-0.13,-3.059%,62354,2972901.00,United States,2024,Beverages (Production/Distribution),Consumer Staples,/market-activity/stocks/ipst
IPVV,InterPrivate Investment Partners V Inc. Class A Ordinary Shares,$9.85,0.01,0.102%,114783,0.00,United States,2026,Blank Checks,Finance,/market-activity/stocks/ipvv
IPW,iPower Inc. Common Stock,$1.81,0.00,0.00%,25924,1700450.00,United States,2021,RETAIL: Building Materials,Consumer Discretionary,/market-activity/stocks/ipw
IPWR,Ideal Power Inc. Common Stock,$4.89,0.15,3.165%,85310,80365463.00,United States,2013,Semiconductors,Technology,/market-activity/stocks/ipwr
IPX,IperionX Limited American Depositary Share,$21.33,0.60,2.894%,259154,723906221.00,United States,,Other Metals and Minerals,Basic Materials,/market-activity/stocks/ipx
IPXG,Inflection Point Acquisition Corp. VII Class A Ordinary Shares,$10.045,-0.02,-0.199%,34105,0.00,United States,2026,Blank Checks,Finance,/market-activity/stocks/ipxg
IPXGW,Inflection Point Acquisition Corp. VII Warrant,$0.70,0.00,0.00%,4701,0.00,United States,2026,Blank Checks,Finance,/market-activity/stocks/ipxgw
IQ,iQIYI Inc. American Depositary Shares,$0.8601,-0.0438,-4.846%,14348035,830017775.00,China,2018,Consumer Electronics/Video Chains,Consumer Discretionary,/market-activity/stocks/iq
IQMX,IQM Quantum Computers Oyj American Depositary Shares,$10.94,0.46,4.389%,915221,2073088625.00,Finland,,Computer Software: Prepackaged Software,Technology,/market-activity/stocks/iqmx
IQMXW,IQM Quantum Computers Oyj Warrants to purchase American Depositary Shares,$2.21,0.15,7.282%,11274,418786642.00,Finland,,Blank Checks,Finance,/market-activity/stocks/iqmxw
IQST,iQSTEL Inc. Common Stock,$0.9102,-0.0099,-1.076%,94512,9935615.00,United States,,Telecommunications Equipment,Telecommunications,/market-activity/stocks/iqst
IRD,Opus Genetics Inc. Common Stock,$4.45,0.62,16.188%,4998162,370221412.00,United States,,Biotechnology: Pharmaceutical Preparations,Health Care,/market-activity/stocks/ird
IRDM,Iridium Communications Inc Common Stock,$46.97,0.25,0.535%,519965,4976959190.00,United States,,Telecommunications Equipment,Consumer Discretionary,/market-activity/stocks/irdm
IREN,IREN Limited Ordinary Shares,$39.60,2.78,7.55%,40648154,15604722461.00,Australia,2021,Finance: Consumer Services,Finance,/market-activity/stocks/iren
IRHO,Iron Horse Acquisitions II Corp. Common Stock,$10.05,0.01,0.10%,321,0.00,United States,2026,Blank Checks,Finance,/market-activity/stocks/irho
IRHOR,Iron Horse Acquisitions Corp. II Rights,$0.151,0.00,0.00%,105,0.00,United States,2026,Blank Checks,Finance,/market-activity/stocks/irhor
IRIX,IRIDEX Corporation Common Stock,$0.7211,-0.0087,-1.192%,14816,12666058.00,United States,1996,Biotechnology: Electromedical & Electrotherapeutic Apparatus,Health Care,/market-activity/stocks/irix
IRMD,iRadimed Corporation Common Stock,$86.17,-0.21,-0.243%,96051,1101855014.00,United States,2014,Medical/Dental Instruments,Health Care,/market-activity/stocks/irmd
IRON,Disc Medicine Inc. Common Stock,$80.05,1.38,1.754%,522570,3073347162.00,United States,,Biotechnology: Pharmaceutical Preparations,Health Care,/market-activity/stocks/iron
IRTC,iRhythm Holdings Inc. Common Stock,$122.485,0.135,0.11%,338462,4037473422.00,United States,2016,Medical/Dental Instruments,Health Care,/market-activity/stocks/irtc
IRWD,Ironwood Pharmaceuticals Inc. Class A Common Stock,$4.41,0.14,3.279%,2432025,728708166.00,United States,2010,Biotechnology: Pharmaceutical Preparations,Health Care,/market-activity/stocks/irwd
ISBA,Isabella Bank Corporation Common stock,$39.85,1.30,3.372%,106639,304010589.00,United States,,Major Banks,Finance,/market-activity/stocks/isba
ISNR,Snow Rothschild Acquisition Corp. Class A Ordinary Shares,$9.83,0.03,0.306%,2275,0.00,United States,2026,Blank Checks,Finance,/market-activity/stocks/isnr
ISNRU,Snow Rothschild Acquisition Corp. Units,$9.97,-0.01,-0.10%,4102,0.00,United States,2026,Blank Checks,Finance,/market-activity/stocks/isnru
ISNRW,Snow Rothschild Acquisition Corp. Warrants,$0.2295,0.0094,4.271%,401,0.00,United States,2026,Blank Checks,Finance,/market-activity/stocks/isnrw
ISPC,iSpecimen Inc. Common Stock,$1.49,-0.01,-0.667%,57206,3752699.00,United States,2021,Biotechnology: Commercial Physical & Biological Resarch,Health Care,/market-activity/stocks/ispc
ISPR,Ispire Technology Inc. Common Stock,$1.55,0.10,6.897%,14744,88969064.00,United States,2023, Medicinal Chemicals and Botanical Products ,Health Care,/market-activity/stocks/ispr
ISRG,Intuitive Surgical Inc. Common Stock,$371.88,2.63,0.712%,2053577,131377036771.00,United States,2000,Industrial Specialties,Health Care,/market-activity/stocks/isrg
ISTR,Investar Holding Corporation Common Stock,$30.40,0.64,2.151%,96215,418821590.00,United States,2014,Major Banks,Finance,/market-activity/stocks/istr
ITG,ITG Inc. Class A Common Stock,$12.88,0.89,7.423%,164785,1599144981.00,United States,2026,Water Sewer Pipeline Comm & Power Line Construction,Industrials,/market-activity/stocks/itg
ITHA,ITHAX Acquisition Corp III Class A Ordinary Shares,$10.05,-0.02,-0.199%,240,0.00,United States,2026,,,/market-activity/stocks/itha
ITHAW,ITHAX Acquisition Corp III Warrants,$0.17,-0.01,-5.556%,15411,0.00,United States,2026,,,/market-activity/stocks/ithaw
ITIC,Investors Title Company Common Stock,$291.71,-1.80,-0.613%,66518,550747313.00,United States,,Specialty Insurers,Finance,/market-activity/stocks/itic
ITOC,iTonic Holdings Ltd Class A Ordinary Shares,$0.3001,0.0082,2.809%,33434,5116705.00,China,2024,Biotechnology: Electromedical & Electrotherapeutic Apparatus,Health Care,/market-activity/stocks/itoc
ITRI,Itron Inc. Common Stock,$96.12,1.02,1.073%,271701,4208782698.00,United States,1993,Electrical Products,Industrials,/market-activity/stocks/itri
ITRN,Ituran Location and Control Ltd. Ordinary Shares,$51.40,0.34,0.666%,69861,1022530012.00,Israel,2005,Electronic Components,Technology,/market-activity/stocks/itrn
IVA,Inventiva S.A. American Depository Shares,$4.86,0.09,1.887%,811211,1148321782.00,France,2020,Biotechnology: Pharmaceutical Preparations,Health Care,/market-activity/stocks/iva
IVDA,Iveda Solutions Inc. Common Stock,$0.27,0.00,0.00%,774503,3380137.00,United States,,Computer Software: Prepackaged Software,Technology,/market-activity/stocks/ivda
IVF,INVO Fertility Inc. Common Stock,$1.01,0.00,0.00%,124960,2532039.00,United States,,Medical/Dental Instruments,Health Care,/market-activity/stocks/ivf
IVVD,Invivyd Inc. Common Stock,$0.804,-0.0759,-8.626%,4994117,236986032.00,United States,2021,Biotechnology: Biological Products (No Diagnostic Substances),Health Care,/market-activity/stocks/ivvd
IXHL,Incannex Healthcare Inc. Common Stock,$3.27,0.09,2.83%,34334,39124092.00,Australia,,Biotechnology: Pharmaceutical Preparations,Health Care,/market-activity/stocks/ixhl
IZEA,IZEA Worldwide Inc. Common Stock,$2.98,-0.01,-0.334%,19186,51900532.00,United States,,Advertising,Consumer Discretionary,/market-activity/stocks/izea
IZM,ICZOOM Group Inc. Class A Ordinary Shares,$0.2456,0.0116,4.957%,18519,2951648.00,China,2023,Consumer Electronics/Video Chains,Consumer Discretionary,/market-activity/stocks/izm
JACK,Jack In The Box Inc. Common Stock,$15.86,0.23,1.472%,493783,304184174.00,United States,,Restaurants,Consumer Discretionary,/market-activity/stocks/jack
JAGX,Jaguar Health Inc. Common Stock,$0.7299,-0.0011,-0.15%,118798,3772342.00,United States,2015,Biotechnology: Pharmaceutical Preparations,Health Care,/market-activity/stocks/jagx
JAKK,JAKKS Pacific Inc. Common Stock,$24.53,-0.18,-0.728%,51901,280746144.00,United States,1996,Recreational Games/Products/Toys,Consumer Discretionary,/market-activity/stocks/jakk
JANX,Janux Therapeutics Inc. Common Stock,$19.70,0.81,4.288%,1525709,1204394428.00,United States,2021,Biotechnology: Pharmaceutical Preparations,Health Care,/market-activity/stocks/janx
JATT,JATT II Acquisition Corp Ordinary Shares,$11.76,-0.24,-2.00%,2361,0.00,United States,2026,Blank Checks,Finance,/market-activity/stocks/jatt
JAZZ,Jazz Pharmaceuticals plc Common Stock (Ireland),$245.57,1.86,0.763%,1156088,15941072674.00,Ireland,2007,Biotechnology: Pharmaceutical Preparations,Health Care,/market-activity/stocks/jazz
JBDI,JBDI Holdings Limited Ordinary Shares,$1.36,0.02,1.493%,149551,12939764.00,Singapore,2024,,,/market-activity/stocks/jbdi
JBHT,J.B. Hunt Transport Services Inc. Common Stock,$260.22,3.74,1.458%,831495,24438545427.00,United States,,Trucking Freight/Courier Services,Industrials,/market-activity/stocks/jbht
JBIO,Jade Biosciences Inc. Common Stock,$21.40,0.38,1.808%,506188,1360984082.00,United States,2021,Biotechnology: Pharmaceutical Preparations,Health Care,/market-activity/stocks/jbio
JBLU,JetBlue Airways Corporation Common Stock,$4.64,0.17,3.803%,18944114,1750728520.00,United States,2002,Air Freight/Delivery Services,Consumer Discretionary,/market-activity/stocks/jblu
JBSS,John B. Sanfilippo & Son Inc. Common Stock,$73.90,0.02,0.027%,116494,864148246.00,United States,1991,Specialty Foods,Consumer Staples,/market-activity/stocks/jbss
JCAP,Jefferson Capital Inc. Common Stock,$21.15,0.48,2.322%,144582,1214550086.00,United States,2025,Finance Companies,Finance,/market-activity/stocks/jcap
JCSE,JE Cleantech Holdings Limited Ordinary Shares,$1.36,-0.06,-4.225%,4930,7143699.00,Singapore,2022,Miscellaneous manufacturing industries,Consumer Discretionary,/market-activity/stocks/jcse
JCTC,Jewett-Cameron Trading Company Common Shares,$2.99,0.05,1.701%,11870,10525138.00,United States,,RETAIL: Building Materials,Consumer Discretionary,/market-activity/stocks/jctc
JD,JD.com Inc. American Depositary Shares,$27.83,-0.07,-0.251%,6766544,37403520000.00,China,2014,Other Specialty Stores,Consumer Discretionary,/market-activity/stocks/jd
JDZG,JIADE LIMITED Class A Ordinary Shares,$3.08,0.25,8.834%,80166,16728968.00,China,2024,Other Consumer Services,Real Estate,/market-activity/stocks/jdzg
JEM,707 Cayman Holdings Limited Ordinary Shares,$4.40,0.12,2.804%,52059,2952176.00,China,2025,Clothing/Shoe/Accessory Stores,Consumer Discretionary,/market-activity/stocks/jem
JF,J and Friends Holdings Limited American Depositary Shares,$0.923,0.003,0.326%,4211,16927962.00,China,2018,Computer Software: Programming Data Processing,Technology,/market-activity/stocks/jf
JFB,JFB Construction Holdings Class A Common Stock,$4.74,-0.10,-2.066%,1259202,95892110.00,United States,2025,General Bldg Contractors - Nonresidential Bldgs,Consumer Discretionary,/market-activity/stocks/jfb
JFIN,Jiayin Group Inc. American Depositary Shares,$1.81,-0.09,-4.737%,94332,94716478.00,China,2019,Finance: Consumer Services,Finance,/market-activity/stocks/jfin
JFU,9F Inc. American Depositary Shares,$2.46,-0.33,-11.828%,13613,28962399.00,China,2019,Finance: Consumer Services,Finance,/market-activity/stocks/jfu
JG,Aurora Mobile Limited American Depositary Shares,$6.04,0.04,0.667%,2858,36007961.00,China,2018,Computer Software: Programming Data Processing,Technology,/market-activity/stocks/jg
JJSF,J & J Snack Foods Corp. Common Stock,$86.37,-0.64,-0.736%,174437,1613530483.00,United States,1986,Specialty Foods,Consumer Staples,/market-activity/stocks/jjsf
JKHY,Jack Henry & Associates Inc. Common Stock,$167.03,-1.07,-0.637%,889743,11710908914.00,United States,1985,EDP Services,Technology,/market-activity/stocks/jkhy
JL,J-Long Group Limited Class A Ordinary Shares,$4.79,-0.09,-1.844%,55860,17077313.00,Hong Kong,2024,Clothing/Shoe/Accessory Stores,Consumer Discretionary,/market-activity/stocks/jl
JLHL,Julong Holding Limited Class A Ordinary Shares,$6.33,0.71,12.633%,11753259,135769841.00,China,2025,Military/Government/Technical,Consumer Discretionary,/market-activity/stocks/jlhl
JMSB,John Marshall Bancorp Inc. Common Stock,$23.02,0.46,2.039%,53714,324861325.00,United States,,Major Banks,Finance,/market-activity/stocks/jmsb
JONEU,Jones Ventures INTL Acquisition1 Corp Units,$9.92,0.00,0.00%,33,0.00,United States,2026,,,/market-activity/stocks/joneu
JOUT,Johnson Outdoors Inc. Class A Common Stock,$45.72,1.40,3.159%,72146,479130512.00,United States,,Recreational Games/Products/Toys,Consumer Discretionary,/market-activity/stocks/jout
JOYY,JOYY Inc. American Depositary Shares,$74.56,0.52,0.702%,315594,3856391724.00,Singapore,2012,EDP Services,Technology,/market-activity/stocks/joyy
JRSH,Jerash Holdings (US) Inc. Common Stock,$5.465,-0.055,-0.996%,51193,69405172.00,United States,2018,Apparel,Consumer Discretionary,/market-activity/stocks/jrsh
JRVR,James River Group Holdings Inc. Common Stock,$4.06,0.04,0.995%,296471,187730462.00,Bermuda,2014,Property-Casualty Insurers,Finance,/market-activity/stocks/jrvr
JSM,Navient Corporation 6% Senior Notes due December 15 2043,$18.12,-0.11,-0.603%,13854,1801690409.00,United States,,Investment Bankers/Brokers/Service,Finance,/market-activity/stocks/jsm
JSPR,Jasper Therapeutics Inc. Common Stock,$0.7049,0.0073,1.046%,380358,23455238.00,United States,2020,Biotechnology: Biological Products (No Diagnostic Substances),Health Care,/market-activity/stocks/jspr
JSPRW,Japer Therapeutics Inc. Warrants,$0.0092,0.00,0.00%,3346,306126.00,United States,2020,Biotechnology: Biological Products (No Diagnostic Substances),Health Care,/market-activity/stocks/jsprw
JTAI,Jet.AI Inc. Common Stock,$1.28,-0.17,-11.724%,223156,4553627.00,United States,2021,Transportation Services,Consumer Discretionary,/market-activity/stocks/jtai
JTTT,JATT III Acquisition Corp Ordinary Shares,$11.00,-0.12,-1.079%,6858,0.00,United States,2026,Blank Checks,Finance,/market-activity/stocks/jttt
JUNS,Jupiter Neurosciences Inc. Common Stock,$3.43,0.08,2.388%,35201,4522527.00,United States,2024,Biotechnology: Pharmaceutical Preparations,Health Care,/market-activity/stocks/juns
JVA,Coffee Holding Co. Inc. Common Stock,$3.45,0.02,0.583%,29354,19694667.00,United States,2005,Packaged Foods,Consumer Staples,/market-activity/stocks/jva
JWEL,Jowell Global Ltd. Ordinary Shares,$2.32,-0.04,-1.695%,41836,5512624.00,China,2021,Other Consumer Services,Consumer Discretionary,/market-activity/stocks/jwel
JXG,JX Luxventure Group Inc. Common Stock,$8.50,-0.09,-1.048%,13235,102508955.00,China,2013,Office Equipment/Supplies/Services,Industrials,/market-activity/stocks/jxg
JYD,Jayud Global Logistics Limited Class A Ordinary Shares,$0.8602,0.0295,3.551%,49886,7138714.00,China,2023,Integrated Freight & Logistics,Industrials,/market-activity/stocks/jyd
JYNT,The Joint Corp. Common Stock,$8.24,-0.12,-1.435%,100633,116539589.00,United States,2014,Multi-Sector Companies,Miscellaneous,/market-activity/stocks/jynt
JZ,Jianzhi Education Technology Group Company Limited American Depositary Shs,$1.09,-0.07,-6.034%,285395,2625061.00,China,2022,Other Consumer Services,Real Estate,/market-activity/stocks/jz
JZXN,Jiuzi Holdings Inc. Ordinary Shares,$1.14,0.01,0.885%,53952,58724545.00,China,2021,Retail-Auto Dealers and Gas Stations,Consumer Discretionary,/market-activity/stocks/jzxn
KALA,KALA BIO Inc. Common Stock,$0.5225,-0.0097,-1.823%,441128,10105038.00,United States,2017,Biotechnology: Pharmaceutical Preparations,Health Care,/market-activity/stocks/kala
KALU,Kaiser Aluminum Corporation Common Stock,$162.59,-0.72,-0.441%,252252,2658198868.00,United States,,Metal Fabrications,Industrials,/market-activity/stocks/kalu
KARD,Kardigan Inc. Common Stock,$21.92,2.32,11.837%,354964,2049601082.00,United States,2026,Biotechnology: Pharmaceutical Preparations,Health Care,/market-activity/stocks/kard
KARO,Karooooo Ltd. Ordinary Shares,$64.64,-0.36,-0.554%,46668,1996942912.00,Singapore,2021,Computer Software: Prepackaged Software,Technology,/market-activity/stocks/karo
KAZR,Skyline Builders Group Holding Limited Class A Ordinary Shares,$2.09,-0.02,-0.948%,51086,37498976.00,Hong Kong,2025,Engineering & Construction,Consumer Discretionary,/market-activity/stocks/kazr
KBON,Karbon Capital Partners Corp. Class A Ordinary Shares,$10.10,0.00,0.00%,106,0.00,United States,2026,Blank Checks,Finance,/market-activity/stocks/kbon
KBONU,Karbon Capital Partners Corp. Units,$10.30,0.00,0.00%,102,0.00,United States,2025,Blank Checks,Finance,/market-activity/stocks/kbonu
KBSX,FST Corp. Ordinary Shares,$1.00,0.0006,0.06%,7361,44766003.00,Taiwan,,Recreational Games/Products/Toys,Consumer Discretionary,/market-activity/stocks/kbsx
KC,Kingsoft Cloud Holdings Limited American Depositary Shares,$10.25,0.01,0.098%,818462,3068539056.00,China,2020,Computer Software: Prepackaged Software,Technology,/market-activity/stocks/kc
KCHV,Kochav Defense Acquisition Corp. Class A Ordinary Shares,$10.45,0.01,0.096%,300944,0.00,United States,2025,,,/market-activity/stocks/kchv
KCHVR,Kochav Defense Acquisition Corp. Right,$0.09,-0.01,-10.00%,6210,0.00,United States,2025,Blank Checks,Finance,/market-activity/stocks/kchvr
KCHVU,Kochav Defense Acquisition Corp. Units,$10.48,0.00,0.00%,8,0.00,United States,2025,,,/market-activity/stocks/kchvu
KDK,Kodiak AI Inc. Common Stock ,$3.57,0.07,2.00%,814501,716206867.00,United States,,EDP Services,Technology,/market-activity/stocks/kdk
KDKRW,Kodiak AI Inc. Warrants,$0.56,-0.02,-3.448%,232,112346175.00,United States,,EDP Services,Technology,/market-activity/stocks/kdkrw
KDP,Keurig Dr Pepper Inc. Common Stock,$32.59,0.70,2.195%,8435419,44349320578.00,United States,,Beverages (Production/Distribution),Consumer Staples,/market-activity/stocks/kdp
KE,Kimball Electronics Inc. Common Stock,$24.21,0.31,1.297%,170314,580240949.00,United States,,Electrical Products,Technology,/market-activity/stocks/ke
KEEL,Keel Infrastructure Corp. Common Stock,$3.11,0.04,1.303%,26488965,1920652689.00,Canada,,Finance: Consumer Services,Finance,/market-activity/stocks/keel
KELYA,Kelly Services Inc. Class A Common Stock,$16.48,-0.21,-1.258%,291841,572382421.00,United States,,Professional Services,Consumer Discretionary,/market-activity/stocks/kelya
KELYB,Kelly Services Inc. Class B Common Stock,$24.10,-0.09,-0.372%,469,837039826.00,United States,,Professional Services,Consumer Discretionary,/market-activity/stocks/kelyb
KEQU,Kewaunee Scientific Corporation Common Stock,$36.31,-1.36,-3.61%,7723,104224587.00,United States,,Medical Specialities,Industrials,/market-activity/stocks/kequ
KEYY,Keystone Acquisition Corp. Class A Ordinary Shares,$9.92,0.025,0.253%,291161,0.00,United States,2026,Blank Checks,Finance,/market-activity/stocks/keyy
KEYYU,Keystone Acquisition Corp. Unit,$10.05,0.00,0.00%,4,0.00,United States,2026,Blank Checks,Finance,/market-activity/stocks/keyyu
KEYYW,Keystone Acquisition Corp. Warrants,$0.35,0.00,0.00%,41906,0.00,United States,2026,Blank Checks,Finance,/market-activity/stocks/keyyw
KFFB,Kentucky First Federal Bancorp Common Stock,$5.61,0.0553,0.996%,4628,45366471.00,United States,2005,Savings Institutions,Finance,/market-activity/stocks/kffb
KFII,K&F Growth Acquisition Corp. II Class A Ordinary shares,$10.65,0.00,0.00%,303089,0.00,United States,2025,,,/market-activity/stocks/kfii
KFIIR,K&F Growth Acquisition Corp. II Rights,$0.10,-0.0198,-16.528%,10234,0.00,United States,2025,,,/market-activity/stocks/kfiir
KG,Kestrel Group Ltd.,$7.755,0.145,1.905%,69757,60675353.00,Bermuda,2008,Property-Casualty Insurers,Finance,/market-activity/stocks/kg
KGEI,Kolibri Global Energy Inc. Common stock,$6.41,0.19,3.055%,206791,229312609.00,United States,,Oil & Gas Production,Energy,/market-activity/stocks/kgei
KHC,The Kraft Heinz Company Common Stock,$26.26,0.39,1.508%,16591652,31139731885.00,United States,,Packaged Foods,Consumer Staples,/market-activity/stocks/khc
KIDS,OrthoPediatrics Corp. Common Stock,$22.80,-0.20,-0.87%,202908,595303166.00,United States,2017,Medical/Dental Instruments,Health Care,/market-activity/stocks/kids
KIDZ,KIDZ AI Inc. Class B Common Stock,$3.76,-0.29,-7.16%,694258,3236146.00,United States,,Other Consumer Services,Real Estate,/market-activity/stocks/kidz
KIDZW,KIDZ AI Inc. Warrants,$0.0099,0.0018,22.222%,16836,8521.00,United States,,Other Consumer Services,Real Estate,/market-activity/stocks/kidzw
KINS,Kingstone Companies Inc. Common Stock,$19.85,0.25,1.276%,108832,287351240.00,United States,,Property-Casualty Insurers,Finance,/market-activity/stocks/kins
KITT,Nauticus Robotics Inc. Common stock,$0.7378,-0.0582,-7.312%,11067174,5512812.00,United States,2021,Industrial Machinery/Components,Industrials,/market-activity/stocks/kitt
KITTW,Nauticus Robotics Inc. Warrant,$0.0155,0.0026,20.155%,79873,115815.00,United States,2021,Industrial Machinery/Components,Industrials,/market-activity/stocks/kittw
KLAC,KLA Corporation Common Stock,$172.26,1.37,0.802%,6469537,225065748840.00,United States,1980,Electronic Components,Technology,/market-activity/stocks/klac
KLIC,Kulicke and Soffa Industries Inc. Common Stock,$78.95,0.91,1.166%,532853,4131383629.00,Singapore,,Semiconductors,Technology,/market-activity/stocks/klic
KLRA,Kailera Therapeutics Inc. Common Stock,$15.85,-0.56,-3.413%,737288,2054852265.00,United States,2026,Biotechnology: Pharmaceutical Preparations,Health Care,/market-activity/stocks/klra
KLRS,Kalaris Therapeutics Inc. Common Stock,$3.90,-0.02,-0.51%,17275,92839426.00,United States,2020,Biotechnology: Biological Products (No Diagnostic Substances),Health Care,/market-activity/stocks/klrs
KLTR,Kaltura Inc. Common Stock,$1.52,-0.02,-1.299%,254979,231877859.00,United States,2021,Computer Software: Prepackaged Software,Technology,/market-activity/stocks/kltr
KLXE,KLX Energy Services Holdings Inc. Common Stock,$1.54,-0.01,-0.645%,965912,32760511.00,United States,,Oilfield Services/Equipment,Energy,/market-activity/stocks/klxe
KLXER,KLX Energy Services Holdings Inc.  Rights ,$0.1101,-0.0274,-19.927%,209773,2359302.00,United States,,Oilfield Services/Equipment,Energy,/market-activity/stocks/klxer
KMB,Kimberly-Clark Corporation Common Stock,$109.29,2.21,2.064%,3949846,36347563063.00,United States,,Containers/Packaging,Consumer Discretionary,/market-activity/stocks/kmb
KMDA,Kamada Ltd. Ordinary Shares,$8.40,0.02,0.239%,208106,484562870.00,Israel,2013,Biotechnology: Pharmaceutical Preparations,Health Care,/market-activity/stocks/kmda
KMRK,K-Tech Solutions Company Limited Class A Ordinary Shares,$1.11,0.00,0.00%,4867,23421000.00,Hong Kong,2025,Recreational Games/Products/Toys,Consumer Discretionary,/market-activity/stocks/kmrk
KMTS,Kestra Medical Technologies Ltd. Common Stock,$25.73,0.61,2.428%,245567,1507858303.00,United States,2025,Medical/Dental Instruments,Health Care,/market-activity/stocks/kmts
KNDI,Kandi Technologies Group Inc. Ordinary Shares,$0.6108,0.0057,0.942%,81481,61333705.00,China,,Auto Manufacturing,Industrials,/market-activity/stocks/kndi
KNSA,Kiniksa Pharmaceuticals International plc Class A Ordinary Shares,$79.89,0.61,0.769%,568531,6233338399.00,United States,2018,Biotechnology: Pharmaceutical Preparations,Health Care,/market-activity/stocks/knsa
KOD,Kodiak Sciences Inc Common Stock,$37.50,0.44,1.187%,507543,2356854638.00,United States,2018,Biotechnology: Biological Products (No Diagnostic Substances),Health Care,/market-activity/stocks/kod
KOPN,Kopin Corporation Common Stock,$4.29,0.08,1.90%,3451822,797393514.00,United States,1992,Semiconductors,Technology,/market-activity/stocks/kopn
KOSS,Koss Corporation Common Stock,$3.50,0.06,1.744%,25368,33132533.00,United States,,Consumer Electronics/Appliances,Consumer Staples,/market-activity/stocks/koss
KOYN,CSLM Digital Asset Acquisition Corp III Class A Ordinary Shares,$10.23,-0.005,-0.049%,38731,0.00,United States,2025,,,/market-activity/stocks/koyn
KOYNU,CSLM Digital Asset Acquisition Corp III Units,$10.29,0.00,0.00%,1,0.00,United States,2025,,,/market-activity/stocks/koynu
KOYNW,CSLM Digital Asset Acquisition Corp III Warrants,$0.1968,0.0418,26.968%,3502,0.00,United States,2025,,,/market-activity/stocks/koynw
KPLT,Katapult Holdings Inc. Common Stock,$5.77,0.29,5.292%,63008,28690777.00,United States,2019,Diversified Commercial Services,Consumer Discretionary,/market-activity/stocks/kplt
KPRX,Kiora Pharmaceuticals Inc.  Common Stock,$2.59,0.08,3.187%,10339,11459162.00,United States,,Biotechnology: Pharmaceutical Preparations,Health Care,/market-activity/stocks/kprx
KPTI,Karyopharm Therapeutics Inc. Common Stock,$1.79,-0.06,-3.243%,1296317,40599813.00,United States,2013,Biotechnology: Pharmaceutical Preparations,Health Care,/market-activity/stocks/kpti
KRAQ,KRAKacquisition Corp Class A Ordinary Shares,$10.02,0.00,0.00%,6247,0.00,United States,2026,,,/market-activity/stocks/kraq
KRAQU,KRAKacquisition Corp Unit,$10.15,0.0304,0.30%,2299,0.00,United States,2026,,,/market-activity/stocks/kraqu
KRAQW,KRAKacquisition Corp Warrants,$0.45,0.00,0.00%,6519,0.00,United States,2026,,,/market-activity/stocks/kraqw
KRKR,36Kr Holdings Inc. American Depositary Shares,$3.11,-0.0691,-2.174%,5311,6138549.00,China,2019,Business Services,Consumer Discretionary,/market-activity/stocks/krkr
KRMD,KORU Medical Systems Inc. Common Stock (DE),$3.30,0.00,0.00%,212527,152367277.00,United States,,Medical/Dental Instruments,Health Care,/market-activity/stocks/krmd
KRNT,Kornit Digital Ltd. Ordinary Shares,$16.14,0.07,0.436%,242651,693479859.00,Israel,2015,Industrial Machinery/Components,Industrials,/market-activity/stocks/krnt
KRNY,Kearny Financial Corp Common Stock,$10.04,0.27,2.764%,720603,651890995.00,United States,2005,Savings Institutions,Finance,/market-activity/stocks/krny
KROS,Keros Therapeutics Inc. Common Stock,$11.23,0.16,1.445%,97989,222659321.00,United States,2020,Biotechnology: Pharmaceutical Preparations,Health Care,/market-activity/stocks/kros
KRRO,Korro Bio Inc. Common Stock,$11.97,-0.27,-2.206%,81084,176265983.00,United States,2019,Biotechnology: Pharmaceutical Preparations,Health Care,/market-activity/stocks/krro
KRT,Karat Packaging Inc. Common Stock,$47.38,-0.07,-0.148%,99048,944364941.00,United States,2021,Plastic Products,Industrials,/market-activity/stocks/krt
KRUS,Kura Sushi USA Inc. Class A Common Stock,$44.91,0.73,1.652%,150563,545649135.00,United States,2019,Restaurants,Consumer Discretionary,/market-activity/stocks/krus
KRYS,Krystal Biotech Inc. Common Stock,$369.23,5.39,1.481%,305350,10928778216.00,United States,2017,Biotechnology: Biological Products (No Diagnostic Substances),Health Care,/market-activity/stocks/krys
KSCP,Knightscope Inc. Class A Common Stock,$1.34,-0.01,-0.741%,365247,31648598.00,United States,2022,Telecommunications Equipment,Telecommunications,/market-activity/stocks/kscp
KSPI,Joint Stock Company Kaspi.kz American Depository Shares,$106.81,2.73,2.623%,358969,20222707397.00,Kazakhstan,2024,,,/market-activity/stocks/kspi
KTCC,Key Tronic Corporation Common Stock,$2.47,-0.02,-0.803%,45944,26822394.00,United States,1983,Electrical Products,Technology,/market-activity/stocks/ktcc
KTOS,Kratos Defense & Security Solutions Inc. Common Stock,$47.78,-1.56,-3.162%,4099529,8969325004.00,United States,,Military/Government/Technical,Industrials,/market-activity/stocks/ktos
KTTA,Pasithea Therapeutics Corp. Common Stock,$0.5803,0.0173,3.073%,225755,19390404.00,United States,2021,Biotechnology: Pharmaceutical Preparations,Health Care,/market-activity/stocks/ktta
KTTAW,Pasithea Therapeutics Corp. Warrant,$0.0074,0.0047,174.074%,10900,247267.00,United States,2021,Biotechnology: Pharmaceutical Preparations,Health Care,/market-activity/stocks/kttaw
KTWO,K2 Capital Acquisition Corporation Class A Ordinary Share,$10.09,0.00,0.00%,758,202215304.00,Cayman Islands,2026,Medical/Dental Instruments,Health Care,/market-activity/stocks/ktwo
KTWOU,K2 Capital Acquisition Corporation Units,$10.25,0.00,0.00%,2,0.00,Cayman Islands,2026,,,/market-activity/stocks/ktwou
KURA,Kura Oncology Inc. Common Stock,$13.11,0.22,1.707%,1884879,1166273715.00,United States,,Biotechnology: Pharmaceutical Preparations,Health Care,/market-activity/stocks/kura
KUST,Kustom Entertainment Inc. Common Stock,$0.8897,-0.0333,-3.608%,184986,5789153.00,United States,,Radio And Television Broadcasting And Communications Equipment,Technology,/market-activity/stocks/kust
KVHI,KVH Industries Inc. Common Stock,$7.23,0.30,4.329%,145979,131159155.00,United States,1996,Telecommunications Equipment,Consumer Discretionary,/market-activity/stocks/kvhi
KWM,K Wave Media Ltd. Ordinary Shares,$1.34,0.09,7.20%,62845,3631739.00,Cayman Islands,,Movies/Entertainment,Consumer Discretionary,/market-activity/stocks/kwm
KWMWW,K Wave Media Ltd. Warrant,$0.0089,0.0008,9.877%,5510,24121.00,Cayman Islands,,Movies/Entertainment,Consumer Discretionary,/market-activity/stocks/kwmww
KXIN,Kaixin Holdings Ordinary Shares,$1.43,0.01,0.704%,179199,42948454.00,China,2017,Retail-Auto Dealers and Gas Stations,Consumer Discretionary,/market-activity/stocks/kxin
KYIV,Kyivstar Group Ltd. Common Shares,$13.59,0.51,3.899%,647273,3151026650.00,United Arab Emirates,,Telecommunications Equipment,Telecommunications,/market-activity/stocks/kyiv
KYIVW,Kyivstar Group Ltd. Warrant,$5.39,0.29,5.686%,2335,1249744933.00,United Arab Emirates,,Telecommunications Equipment,Telecommunications,/market-activity/stocks/kyivw
KYMR,Kymera Therapeutics Inc. Common Stock,$118.63,-0.42,-0.353%,983016,9864157813.00,United States,2020,Biotechnology: Biological Products (No Diagnostic Substances),Health Care,/market-activity/stocks/kymr
KYNB,Kyntra Bio Inc. Common Stock,$8.53,0.58,7.296%,42207,34539028.00,United States,2014,Biotechnology: Pharmaceutical Preparations,Health Care,/market-activity/stocks/kynb
KYTX,Kyverna Therapeutics Inc. Common Stock,$8.615,0.265,3.174%,599987,532781270.00,United States,2024,Biotechnology: Biological Products (No Diagnostic Substances),Health Care,/market-activity/stocks/kytx
KZIA,Kazia Therapeutics Limited American Depositary Shares,$12.61,-0.02,-0.158%,360974,144093196.00,Australia,,Biotechnology: Pharmaceutical Preparations,Health Care,/market-activity/stocks/kzia
LAB,Standard BioTools Inc. Common Stock,$0.6733,0.0228,3.505%,3077036,264323311.00,United States,2011,Biotechnology: Laboratory Analytical Instruments,Industrials,/market-activity/stocks/lab
LABT,Lakewood-Amedex Biotherapeutics Inc. Common Stock,$2.07,-0.69,-25.00%,516408,4905254.00,United States,,Biotechnology: Pharmaceutical Preparations,Health Care,/market-activity/stocks/labt
LAES,SEALSQ Corp Ordinary Shares,$2.36,-0.03,-1.255%,3693355,525746638.00,Switzerland,,Semiconductors,Technology,/market-activity/stocks/laes
LAFA,LaFayette Acquisition Corp. Ordinary Share,$10.15,0.00,0.00%,51,0.00,France,2025,,,/market-activity/stocks/lafa
LAKE,Lakeland Industries Inc. Common Stock,$11.72,-0.02,-0.17%,33909,115666602.00,United States,1986,Industrial Specialties,Health Care,/market-activity/stocks/lake
LAMR,Lamar Advertising Company Class A Common Stock,$151.50,0.42,0.278%,464229,15384777126.00,United States,1996,Real Estate Investment Trusts,Real Estate,/market-activity/stocks/lamr
LAND,Gladstone Land Corporation Common Stock,$9.70,0.14,1.464%,1240803,418424758.00,United States,2013,Real Estate Investment Trusts,Real Estate,/market-activity/stocks/land
LANDO,Gladstone Land Corporation 6.00% Series B Cumulative Redeemable Preferred Stock,$20.87,-0.11,-0.524%,11219,900260279.00,United States,,Real Estate Investment Trusts,Real Estate,/market-activity/stocks/lando
LANDP,Gladstone Land Corporation 6.00% Series C Cumulative Redeemable Preferred Stock,$20.40,-0.1619,-0.787%,20489,879986089.00,United States,,Real Estate Investment Trusts,Real Estate,/market-activity/stocks/landp
LARK,Landmark Bancorp Inc. Common Stock,$31.82,0.285,0.904%,18471,194118992.00,United States,,Major Banks,Finance,/market-activity/stocks/lark
LASE,Laser Photonics Corporation Common Stock,$1.38,-0.03,-2.128%,688552,69245248.00,United States,2022,Industrial Machinery/Components,Miscellaneous,/market-activity/stocks/lase
LASR,nLIGHT Inc. Common Stock,$39.39,-0.93,-2.307%,1905251,2272416860.00,United States,2018,Semiconductors,Technology,/market-activity/stocks/lasr
LATA,Galata Acquisition Corp. II Class A Ordinary Shares,$10.19,0.01,0.098%,800,0.00,United States,2025,Blank Checks,Finance,/market-activity/stocks/lata
LAUR,Laureate Education Inc. Common Stock,$36.185,-1.075,-2.885%,1607200,4984460592.00,United States,2017,Other Consumer Services,Real Estate,/market-activity/stocks/laur
LBGJ,Li Bang International Corporation Class A Ordinary Shares,$3.09,-0.06,-1.905%,61874,2123525.00,China,2024,Industrial Machinery/Components,Industrials,/market-activity/stocks/lbgj
LBRX,LB Pharmaceuticals Inc Common Stock,$49.48,2.38,5.053%,518406,1596183979.00,United States,2025,Biotechnology: Pharmaceutical Preparations,Health Care,/market-activity/stocks/lbrx
LBTYA,Liberty Global Ltd. Class A Common Shares,$10.68,0.14,1.328%,2297356,3642815205.00,United Kingdom,,Cable & Other Pay Television Services,Telecommunications,/market-activity/stocks/lbtya
LBTYB,Liberty Global Ltd. Class B Common Shares,$13.145,0.595,4.741%,505,4483596055.00,United Kingdom,,Cable & Other Pay Television Services,Telecommunications,/market-activity/stocks/lbtyb
LBTYK,Liberty Global Ltd. Class C Common Shares,$10.42,0.07,0.676%,800156,3554132438.00,United Kingdom,,Cable & Other Pay Television Services,Telecommunications,/market-activity/stocks/lbtyk
LCCC,Lakeshore Acquisition III Corp. Ordinary Shares,$10.49,0.00,0.00%,17,0.00,United States,2025,Blank Checks,Finance,/market-activity/stocks/lccc
LCFY,Locafy Limited Ordinary Share,$2.5699,0.0099,0.387%,4641,4702149.00,Australia,2022,Computer Software: Programming Data Processing,Technology,/market-activity/stocks/lcfy
LCFYW,Locafy Limited Warrant,$3.85,-0.10,-2.532%,912,7044349.00,Australia,2022,Computer Software: Programming Data Processing,Technology,/market-activity/stocks/lcfyw
LCID,Lucid Group Inc. Common Stock,$4.71,0.16,3.516%,9291557,1856070529.00,United States,,Auto Manufacturing,Industrials,/market-activity/stocks/lcid
LCNB,LCNB Corporation Common Stock,$19.20,0.36,1.911%,39447,273695770.00,United States,,Major Banks,Finance,/market-activity/stocks/lcnb
LCUT,Lifetime Brands Inc. Common Stock,$9.35,0.36,4.004%,250193,214945617.00,United States,1991,Industrial Machinery/Components,Consumer Discretionary,/market-activity/stocks/lcut
LE,Lands' End Inc. Common Stock,$11.27,-0.54,-4.572%,287409,346449571.00,United States,,Clothing/Shoe/Accessory Stores,Consumer Discretionary,/market-activity/stocks/le
LECO,Lincoln Electric Holdings Inc. Common Shares,$272.59,3.91,1.455%,569408,14857724301.00,United States,,Industrial Machinery/Components,Industrials,/market-activity/stocks/leco
LEDS,SemiLEDS Corporation Common Stock,$1.87,-0.13,-6.50%,5802,15471264.00,Taiwan,2010,Semiconductors,Technology,/market-activity/stocks/leds
LEE,Lee Enterprises Incorporated Common Stock,$8.02,0.21,2.689%,34639,178782193.00,United States,,Newspapers/Magazines,Consumer Discretionary,/market-activity/stocks/lee
LEGH,Legacy Housing Corporation Common Stock (TX),$27.77,0.10,0.361%,38521,660415060.00,United States,2018,Homebuilding,Consumer Discretionary,/market-activity/stocks/legh
LEGN,Legend Biotech Corporation American Depositary Shares,$21.89,0.76,3.597%,1479086,4257351361.00,United States,2020,Biotechnology: Pharmaceutical Preparations,Health Care,/market-activity/stocks/legn
LENZ,LENZ Therapeutics Inc. Common Stock,$5.80,0.57,10.899%,993315,182237989.00,United States,2021,Biotechnology: Biological Products (No Diagnostic Substances),Health Care,/market-activity/stocks/lenz
LESL,Leslie's Inc. Common Stock,$0.5201,0.0173,3.441%,306047,4870984.00,United States,2020,Other Specialty Stores,Consumer Discretionary,/market-activity/stocks/lesl
LEXX,Lexaria Bioscience Corp. Common Stock,$13.205,0.73,5.852%,40968,21821500.00,Canada,,Biotechnology: Pharmaceutical Preparations,Health Care,/market-activity/stocks/lexx
LFAC,Leapfrog Acquisition Corporation Class A Ordinary Shares,$10.07,0.00,0.00%,52,0.00,United States,2026,Blank Checks,Finance,/market-activity/stocks/lfac
LFCR,Lifecore Biomedical Inc. Common Stock,$4.74,0.35,7.973%,235913,179423504.00,United States,,Biotechnology: Pharmaceutical Preparations,Health Care,/market-activity/stocks/lfcr
LFMD,LifeMD Inc. Common Stock,$3.07,-0.03,-0.968%,731021,147976570.00,United States,,Medical/Nursing Services,Health Care,/market-activity/stocks/lfmd
LFMDP,LifeMD Inc. 8.875% Series A Cumulative Perpetual Preferred Stock,$23.4999,-0.1121,-0.475%,2801,1132714849.00,United States,,Medical/Nursing Services,Health Care,/market-activity/stocks/lfmdp
LFS,LEIFRAS Co. Ltd. American Depositary Shares  ,$2.15,-0.05,-2.273%,109791,56245331.00,Japan,2025,Other Consumer Services,Real Estate,/market-activity/stocks/lfs
LFST,LifeStance Health Group Inc. Common Stock,$12.89,0.29,2.302%,3922079,4924696800.00,United States,2021,Medical/Nursing Services,Health Care,/market-activity/stocks/lfst
LFTO,Liftoff Mobile Inc. Common Stock,$18.70,-0.03,-0.16%,687150,3166499555.00,United States,2026,EDP Services,Technology,/market-activity/stocks/lfto
LFUS,Littelfuse Inc. Common Stock,$410.52,1.61,0.394%,155477,10426693618.00,United States,,Electrical Products,Energy,/market-activity/stocks/lfus
LFVN,Lifevantage Corporation Common Stock (Delaware),$6.13,-0.10,-1.605%,50600,76792643.00,United States,,Biotechnology: Pharmaceutical Preparations,Health Care,/market-activity/stocks/lfvn
LFWD,Lifeward Ltd. Ordinary Shares,$7.26,0.06,0.833%,3490,20560436.00,Israel,2014,Industrial Specialties,Health Care,/market-activity/stocks/lfwd
LGCL,Lucas GC Limited Class A Ordinary Shares,$4.27,-0.08,-1.839%,298567,1461719.00,China,2024,Computer Software: Programming Data Processing,Technology,/market-activity/stocks/lgcl
LGHL,Lion Group Holding Ltd. American Depositary Share,$0.4121,-0.0614,-12.967%,889897,380318.00,China,,Investment Bankers/Brokers/Service,Finance,/market-activity/stocks/lghl
LGIH,LGI Homes Inc. Common Stock,$53.45,-0.29,-0.54%,512058,1242620138.00,United States,2013,Homebuilding,Consumer Discretionary,/market-activity/stocks/lgih
LGN,Legence Corp. Class A Common stock,$51.35,-0.25,-0.484%,676935,5549675898.00,United States,2025,Engineering & Construction,Consumer Discretionary,/market-activity/stocks/lgn
LGND,Ligand Pharmaceuticals Incorporated Common Stock,$286.92,2.65,0.932%,189656,5719924934.00,United States,,Biotechnology: Pharmaceutical Preparations,Health Care,/market-activity/stocks/lgnd
LGO,Largo Inc. Common Shares,$0.72,0.033,4.803%,455905,74256480.00,Canada,,Mining & Quarrying of Nonmetallic Minerals (No Fuels),Industrials,/market-activity/stocks/lgo
LGVN,Longeveron Inc. Class A Common Stock,$6.78,0.03,0.444%,36080,21615989.00,United States,2021,Biotechnology: Pharmaceutical Preparations,Health Care,/market-activity/stocks/lgvn
LHAI,Linkhome Holdings Inc. Common stock,$1.10,0.2792,34.016%,92887173,18183000.00,United States,2025,Real Estate,Finance,/market-activity/stocks/lhai
LHSW,Lianhe Sowell International Group Ltd Class A Ordinary Shares,$3.71,0.83,28.819%,1789686,12121598.00,China,2025,Computer Software: Prepackaged Software,Technology,/market-activity/stocks/lhsw
LI,Li Auto Inc. American Depositary Shares,$12.01,0.11,0.924%,3788051,10919042286.00,China,2020,Auto Manufacturing,Industrials,/market-activity/stocks/li
LICN,Lichen International Limited Class A Ordinary Shares,$1.13,-0.04,-3.419%,57701,18573612.00,China,2023,Professional Services,Consumer Discretionary,/market-activity/stocks/licn
LIDR,AEye Inc. Class A Common Stock,$1.39,-0.08,-5.442%,6998973,64618754.00,United States,2021,Auto Parts:O.E.M.,Consumer Discretionary,/market-activity/stocks/lidr
LIEN,Chicago Atlantic BDC Inc. Common Stock,$10.25,-0.02,-0.195%,10405,233911048.00,United States,2022,Finance: Consumer Services,Finance,/market-activity/stocks/lien
LIF,Life360 Inc. Common Stock,$43.17,1.30,3.105%,610455,3517507530.00,United States,2024,EDP Services,Technology,/market-activity/stocks/lif
LIFE,Ethos Technologies Inc. Class A Common Stock,$36.80,1.80,5.143%,1223777,2346347907.00,United States,2026,Specialty Insurers,Finance,/market-activity/stocks/life
LILA,Liberty Latin America Ltd. Class A Common Stock,$8.75,0.19,2.22%,388895,1714125000.00,United States,,Cable & Other Pay Television Services,Telecommunications,/market-activity/stocks/lila
LILAK,Liberty Latin America Ltd. Class C Common Stock,$8.63,0.16,1.889%,1594017,1690617000.00,United States,,Cable & Other Pay Television Services,Telecommunications,/market-activity/stocks/lilak
LILAP,Liberty Latin America Ltd. 9.0% Fixed Rate Cumulative Perpetual Redeemable Series A Preference Shares,$20.84,0.05,0.241%,358830,4082556000.00,United States,,Cable & Other Pay Television Services,Telecommunications,/market-activity/stocks/lilap
LIME,Neutron Holdings Inc. Common Stock,$41.63,1.64,4.101%,245018,2705291830.00,United States,2026,Computer Software: Prepackaged Software,Technology,/market-activity/stocks/lime
LIMN,Liminatus Pharma Inc. Class A Common Stock,$3.84,0.195,5.35%,31842,5157919.00,United States,,Biotechnology: Biological Products (No Diagnostic Substances),Health Care,/market-activity/stocks/limn
LIN,Linde plc Ordinary Shares,$487.45,0.69,0.142%,1154322,224704780454.00,United States,,Major Chemicals,Basic Materials,/market-activity/stocks/lin
LINC,Lincoln Educational Services Corporation Common Stock,$24.76,0.46,1.893%,712606,785423820.00,United States,2005,Other Consumer Services,Real Estate,/market-activity/stocks/linc
LIND,Lindblad Expeditions Holdings Inc. Common Stock,$25.39,-0.21,-0.82%,1259809,1666083904.00,United States,2013,Transportation Services,Consumer Discretionary,/market-activity/stocks/lind
LINE,Lineage Inc. Common Stock,$38.78,-0.01,-0.026%,719459,8830594265.00,United States,2024,Real Estate Investment Trusts,Real Estate,/market-activity/stocks/line
LINK,Interlink Electronics Inc. Common Stock,$5.42,-0.06,-1.095%,11418,85383477.00,United States,,Computer peripheral equipment,Technology,/market-activity/stocks/link
LIQT,LiqTech International Inc. Common Stock,$0.5525,-0.0232,-4.03%,32761,18203682.00,Denmark,,Industrial Machinery/Components,Technology,/market-activity/stocks/liqt
LITE,Lumentum Holdings Inc. Common Stock,$870.58,1.63,0.188%,2796940,78091026000.00,United States,,Telecommunications Equipment,Telecommunications,/market-activity/stocks/lite
LITS,Lite Strategy Inc. Common Stock,$1.04,0.046,4.628%,71063,33157954.00,United States,2003,Biotechnology: Pharmaceutical Preparations,Health Care,/market-activity/stocks/lits
LIVE,Live Ventures Incorporated Common Stock,$9.02,-0.19,-2.063%,17517,27706337.00,United States,,Other Specialty Stores,Consumer Discretionary,/market-activity/stocks/live
LIVN,LivaNova PLC Ordinary Shares,$82.40,2.24,2.794%,769704,4539704977.00,United Kingdom,,Biotechnology: Electromedical & Electrotherapeutic Apparatus,Health Care,/market-activity/stocks/livn
LKFN,Lakeland Financial Corporation Common Stock,$59.90,1.08,1.836%,169965,1488984616.00,United States,,Major Banks,Finance,/market-activity/stocks/lkfn
LKFT,Lakefront Biotherapeutics American Depositary Shares,$28.81,0.26,0.911%,215165,1898494616.00,Belgium,2015,Biotechnology: Pharmaceutical Preparations,Health Care,/market-activity/stocks/lkft
LKQ,LKQ Corporation Common Stock,$24.73,0.02,0.081%,2120049,6256741587.00,United States,2003,Motor Vehicles,Consumer Discretionary,/market-activity/stocks/lkq
LKSP,Lake Superior Acquisition Corp. Class A Ordinary Shares,$10.20,0.00,0.00%,62,0.00,United States,2025,,,/market-activity/stocks/lksp
LKSPR,Lake Superior Acquisition Corp. Rights,$1.10,0.00,0.00%,100,0.00,United States,2025,,,/market-activity/stocks/lkspr
LLYVA,Liberty Live Holdings Inc. Series A Liberty Live Group Common Stock,$98.76,1.38,1.417%,72782,9086450934.00,United States,,Services-Misc. Amusement & Recreation,Consumer Discretionary,/market-activity/stocks/llyva
LLYVK,Liberty Live Holdings Inc. Series C Liberty Live Group Common Stock,$102.51,1.43,1.415%,175014,9431471094.00,United States,,Services-Misc. Amusement & Recreation,Consumer Discretionary,/market-activity/stocks/llyvk
LMAT,LeMaitre Vascular Inc. Common Stock,$81.72,0.64,0.789%,248222,1868875682.00,United States,2006,Medical/Dental Instruments,Health Care,/market-activity/stocks/lmat
LMB,Limbach Holdings Inc. Common Stock,$48.58,3.79,8.462%,782307,579316160.00,United States,,Engineering & Construction,Consumer Discretionary,/market-activity/stocks/lmb
LMNR,Limoneira Co Common Stock,$14.80,0.59,4.152%,134192,268353704.00,United States,,Farming/Seeds/Milling,Consumer Staples,/market-activity/stocks/lmnr
LMRI,Lumexa Imaging Holdings Inc. Common Stock,$11.75,0.11,0.945%,237748,1128880968.00,United States,2025,Medical Specialities,Health Care,/market-activity/stocks/lmri
LNAI,Lunai Bioworks Inc. Common Stock,$2.40,0.25,11.628%,54539,10881336.00,United States,,Biotechnology: Pharmaceutical Preparations,Health Care,/market-activity/stocks/lnai
LNKS,Linkers Industries Limited Class A Ordinary Shares,$0.859,0.0191,2.274%,19496,1380081.00,Malaysia,2024,Electrical Products,Technology,/market-activity/stocks/lnks
LNSR,LENSAR Inc. Common Stock,$8.50,0.04,0.473%,37616,104429853.00,United States,,Medical/Dental Instruments,Health Care,/market-activity/stocks/lnsr
LNT,Alliant Energy Corporation Common Stock,$67.74,-0.18,-0.265%,2293302,17563945510.00,United States,,Power Generation,Utilities,/market-activity/stocks/lnt
LNTH,Lantheus Holdings Inc. Common Stock,$100.81,-0.07,-0.069%,780431,6580107519.00,United States,2015,Biotechnology: In Vitro & In Vivo Diagnostic Substances,Health Care,/market-activity/stocks/lnth
LNZA,LanzaTech Global Inc. Common Stock,$6.52,0.23,3.657%,72764,85341343.00,United States,2021,Major Chemicals,Industrials,/market-activity/stocks/lnza
LNZAW,LanzaTech Global Inc. Warrant,$0.0149,0.0011,7.971%,6405,195029.00,United States,2021,Major Chemicals,Industrials,/market-activity/stocks/lnzaw
LOAN,Manhattan Bridge Capital Inc,$4.05,-0.03,-0.735%,21143,46273311.00,United States,,Real Estate Investment Trusts,Real Estate,/market-activity/stocks/loan
LOBO,LOBO TECHNOLOGIES LTD. Class A Ordinary Shares,$0.5801,-0.0016,-0.275%,27136,8029708.00,China,2024,Motor Vehicles,Consumer Discretionary,/market-activity/stocks/lobo
LOCO,El Pollo Loco Holdings Inc. Common Stock,$15.35,0.36,2.402%,260139,467145583.00,United States,2014,Restaurants,Consumer Discretionary,/market-activity/stocks/loco
LOGI,Logitech International S.A. Ordinary Shares,$99.14,1.07,1.091%,866350,14195691234.00,United States,1997,Computer peripheral equipment,Technology,/market-activity/stocks/logi
LONA,LeonaBio Inc. Common Stock,$7.67,0.08,1.054%,5708,72264155.00,United States,2020,Biotechnology: Biological Products (No Diagnostic Substances),Health Care,/market-activity/stocks/lona
LOOP,Loop Industries Inc. Common Stock,$0.5154,0.0185,3.723%,184384,24935243.00,Canada,,Major Chemicals,Industrials,/market-activity/stocks/loop
LOPE,Grand Canyon Education Inc. Common Stock,$149.59,-0.50,-0.333%,332052,3899068885.00,United States,2008,Other Consumer Services,Real Estate,/market-activity/stocks/lope
LOT,Lotus Technology Inc. American Depositary Shares,$1.19,-0.02,-1.653%,316200,764086951.00,China,,Auto Manufacturing,Industrials,/market-activity/stocks/lot
LOVE,The Lovesac Company Common Stock,$16.22,0.84,5.462%,160225,237435140.00,United States,2018,Other Specialty Stores,Consumer Discretionary,/market-activity/stocks/love
LPAA,Launch One Acquisition Corp. Class A Ordinary shares,$10.75,0.00,0.00%,29,0.00,United States,2024,,,/market-activity/stocks/lpaa
LPBB,Launch Two Acquisition Corp. Class A Ordinary Shares,$10.80,-0.005,-0.046%,780,0.00,United States,2024,,,/market-activity/stocks/lpbb
LPBBW,Launch Two Acquisition Corp. Warrant,$0.2657,0.00,0.00%,3,0.00,United States,2024,Blank Checks,Finance,/market-activity/stocks/lpbbw
LPCN,Lipocine Inc. Common Stock,$2.355,0.055,2.391%,35055,19415216.00,United States,,Biotechnology: Pharmaceutical Preparations,Health Care,/market-activity/stocks/lpcn
LPCV,Launchpad Cadenza Acquisition Corp I Class A Ordinary Share,$10.03,0.01,0.10%,472,0.00,United States,2026,,,/market-activity/stocks/lpcv
LPCVW,Launchpad Cadenza Acquisition Corp I Warrant,$0.32,-0.01,-3.03%,2167,0.00,United States,2026,,,/market-activity/stocks/lpcvw
LPLA,LPL Financial Holdings Inc. Common Stock,$355.10,-2.53,-0.707%,927257,27961387179.00,United States,2010,Investment Bankers/Brokers/Service,Finance,/market-activity/stocks/lpla
LPSN,LivePerson Inc. Common Stock,$3.10,0.13,4.377%,891452,38245621.00,United States,2000,Computer Software: Prepackaged Software,Technology,/market-activity/stocks/lpsn
LPTH,LightPath Technologies Inc. Class A Common Stock,$9.54,0.07,0.739%,6537566,599010943.00,United States,1996,Semiconductors,Technology,/market-activity/stocks/lpth
LQDA,Liquidia Corporation Common Stock,$69.68,2.77,4.14%,1282737,6236979525.00,United States,2018,Biotechnology: Pharmaceutical Preparations,Health Care,/market-activity/stocks/lqda
LQDT,Liquidity Services Inc. Common Stock,$39.39,0.06,0.153%,283591,1234152433.00,United States,2006,Business Services,Consumer Discretionary,/market-activity/stocks/lqdt
LRCX,Lam Research Corporation Common Stock,$288.32,-1.88,-0.648%,4843440,360780870720.00,United States,1984,Industrial Machinery/Components,Technology,/market-activity/stocks/lrcx
LRE,Lead Real Estate Co. Ltd American Depositary Shares,$1.2858,0.0258,2.048%,992,17540755.00,Japan,2023,Homebuilding,Consumer Discretionary,/market-activity/stocks/lre
LRHC,La Rosa Holdings Corp. Common Stock,$0.425,-0.0052,-1.209%,194728,1410079.00,United States,2023,Real Estate,Finance,/market-activity/stocks/lrhc
LRMR,Larimar Therapeutics Inc. Common Stock,$3.87,-0.07,-1.777%,515564,402026966.00,United States,2014,Biotechnology: Pharmaceutical Preparations,Health Care,/market-activity/stocks/lrmr
LSAK,Lesaka Technologies Inc. Common Stock,$4.36,-0.11,-2.461%,67160,374074022.00,South Africa,,Investment Bankers/Brokers/Service,Finance,/market-activity/stocks/lsak
LSBK,Lake Shore Bancorp Inc. Common Stock,$17.23,-0.02,-0.116%,5548,135320767.00,United States,2006,Savings Institutions,Finance,/market-activity/stocks/lsbk
LSCC,Lattice Semiconductor Corporation Common Stock,$113.88,2.20,1.97%,1392205,16174407375.00,United States,,Semiconductors,Technology,/market-activity/stocks/lscc
LSE,Leishen Energy Holding Co. Ltd. Class A Ordinary Shares,$5.59,0.29,5.472%,2877,95169750.00,China,2024,Oil and Gas Field Machinery,Consumer Discretionary,/market-activity/stocks/lse
LSTA,Lisata Therapeutics Inc. Common Stock,$1.57,0.00,0.00%,113618,14147171.00,United States,,Biotechnology: Pharmaceutical Preparations,Health Care,/market-activity/stocks/lsta
LSTR,Landstar System Inc. Common Stock,$174.70,-0.71,-0.405%,270635,5928780798.00,United States,1993,Trucking Freight/Courier Services,Industrials,/market-activity/stocks/lstr
LTBR,Lightbridge Corporation Common Stock,$7.57,0.14,1.884%,562033,283557749.00,United States,,Major Chemicals,Basic Materials,/market-activity/stocks/ltbr
LTGO,Latigo Biotherapeutics Inc. Common Stock,$21.77,-0.49,-2.201%,163255,1376691913.00,United States,2026,Biotechnology: Pharmaceutical Preparations,Health Care,/market-activity/stocks/ltgo
LTGR,Long Table Growth Corp. Class A Ordinary Shares,$9.94,0.00,0.00%,99,0.00,United States,2026,Blank Checks,Finance,/market-activity/stocks/ltgr
LTGRU,Long Table Growth Corp. Units,$10.09,0.00,0.00%,1326,0.00,United States,2026,Blank Checks,Finance,/market-activity/stocks/ltgru
LTGRW,Long Table Growth Corp. Warrants,$0.2601,0.0001,0.038%,898,0.00,United States,2026,,,/market-activity/stocks/ltgrw
LTRN,Lantern Pharma Inc. Common Stock,$1.93,-0.09,-4.455%,162622,24673402.00,United States,2020,Biotechnology: Pharmaceutical Preparations,Health Care,/market-activity/stocks/ltrn
LTRX,Lantronix Inc. Common Stock,$5.26,0.11,2.136%,852850,245669941.00,United States,2000,Computer Communications Equipment,Telecommunications,/market-activity/stocks/ltrx
LTRYW,Sports Entertainment Gaming Global Corporation Warrants,$0.005,-0.0008,-13.793%,129690,16297.00,United States,2023,Computer Software: Prepackaged Software,Technology,/market-activity/stocks/ltryw
LUCD,Lucid Diagnostics Inc. Common Stock,$0.9899,0.0158,1.622%,636525,201191206.00,United States,2021,Medical/Dental Instruments,Health Care,/market-activity/stocks/lucd
LUCY,Innovative Eyewear Inc. Common Stock,$0.9411,0.016,1.73%,200199,8102114.00,United States,2022,Ophthalmic Goods,Health Care,/market-activity/stocks/lucy
LUCYW,Innovative Eyewear Inc. Series A Warrants 8/16/27,$0.0397,0.008,25.237%,3125,341785.00,United States,2022,Ophthalmic Goods,Health Care,/market-activity/stocks/lucyw
LULU,lululemon athletica inc. Common Stock,$120.07,2.07,1.754%,3942771,13020145497.00,Canada,2007,Apparel,Consumer Discretionary,/market-activity/stocks/lulu
LUNG,Pulmonx Corporation Common Stock,$2.28,0.04,1.786%,407404,97922053.00,United States,2020,Medical/Dental Instruments,Health Care,/market-activity/stocks/lung
LUNR,Intuitive Machines Inc. Class A Common Stock,$14.86,0.14,0.951%,4524553,3401811650.00,United States,2021,Industrial Machinery/Components,Industrials,/market-activity/stocks/lunr
LVLU,Lulu's Fashion Lounge Holdings Inc. Common Stock,$11.18,-0.94,-7.756%,68691,32104220.00,United States,2021,Catalog/Specialty Distribution,Consumer Discretionary,/market-activity/stocks/lvlu
LVO,LiveOne Inc. Common Stock,$3.32,-0.33,-9.041%,232604,45523139.00,United States,,Restaurants,Consumer Discretionary,/market-activity/stocks/lvo
LWAC,LightWave Acquisition Corp. Class A Ordinary Shares,$10.34,0.00,0.00%,74,0.00,United States,2025,Blank Checks,Finance,/market-activity/stocks/lwac
LWACW,LightWave Acquisition Corp. Warrants,$0.2098,0.00,0.00%,7,0.00,United States,2025,Blank Checks,Finance,/market-activity/stocks/lwacw
LWAY,Lifeway Foods Inc. Common Stock,$26.19,0.28,1.081%,83452,395645704.00,United States,,Packaged Foods,Consumer Staples,/market-activity/stocks/lway
LWLG,Lightwave Logic Inc. Common Stock,$5.05,-0.08,-1.559%,2952461,778544638.00,United States,,Containers/Packaging,Industrials,/market-activity/stocks/lwlg
LX,LexinFintech Holdings Ltd. American Depositary Shares,$0.8209,-0.0607,-6.885%,23746413,135274694.00,China,2017,Finance: Consumer Services,Finance,/market-activity/stocks/lx
LXEH,Lixiang Education Holding Co. Ltd. American Depositary Shares,$1.5479,0.0279,1.836%,320,2966809.00,China,2020,Other Consumer Services,Real Estate,/market-activity/stocks/lxeh
LXEO,Lexeo Therapeutics Inc. Common Stock,$4.78,0.08,1.702%,468362,392181099.00,United States,2023,Biotechnology: Biological Products (No Diagnostic Substances),Health Care,/market-activity/stocks/lxeo
LXRX,Lexicon Pharmaceuticals Inc. Common Stock,$2.24,0.05,2.283%,2335883,996701292.00,United States,,Biotechnology: Pharmaceutical Preparations,Health Care,/market-activity/stocks/lxrx
LYEL,Lyell Immunopharma Inc. Common Stock,$14.955,0.43,2.96%,56870,366474384.00,United States,2021,Biotechnology: Pharmaceutical Preparations,Health Care,/market-activity/stocks/lyel
LYFT,Lyft Inc. Class A Common Stock,$17.35,0.58,3.459%,8990284,6567673320.00,United States,2019,Business Services,Consumer Discretionary,/market-activity/stocks/lyft
LYTS,LSI Industries Inc. Common Stock,$19.91,0.29,1.478%,587061,730943964.00,United States,1985,Building Products,Consumer Discretionary,/market-activity/stocks/lyts
LZ,LegalZoom.com Inc. Common Stock,$6.52,0.38,6.189%,2903509,1116646574.00,United States,2021,EDP Services,Technology,/market-activity/stocks/lz
LZMH,LZ Technology Holdings Limited Class B Ordinary Shares,$1.21,0.035,2.979%,26055,10863985.00,China,2025,EDP Services,Technology,/market-activity/stocks/lzmh
MAAS,Maase Inc. Class A Ordinary Shares,$17.40,1.07,6.552%,146982,7693855057.00,China,2019,Investment Managers,Finance,/market-activity/stocks/maas
MACI,Melar Acquisition Corp. I Class A Ordinary Shares,$10.9501,0.0001,0.001%,132,0.00,United States,2024,,,/market-activity/stocks/maci
MACIU,Melar Acquisition Corp. I Unit,$11.25,0.00,0.00%,2,0.00,United States,2024,Blank Checks,Finance,/market-activity/stocks/maciu
MAKO,Mako Mining Corp Common Stock,$9.885,0.315,3.292%,164042,865984410.00,Canada,,Precious Metals,Basic Materials,/market-activity/stocks/mako
MAMA,Mama's Creations Inc. Common Stock,$15.63,0.03,0.192%,468077,726752658.00,United States,,Specialty Foods,Consumer Staples,/market-activity/stocks/mama
MAMO,Massimo Group Common Stock,$0.9901,0.00,0.00%,29678,41228705.00,United States,2024,Industrial Specialties,Consumer Discretionary,/market-activity/stocks/mamo
MANH,Manhattan Associates Inc. Common Stock,$216.77,0.56,0.259%,444866,12638768780.00,United States,1998,Computer Software: Prepackaged Software,Technology,/market-activity/stocks/manh
MAR,Marriott International Class A Common Stock,$333.14,-1.41,-0.421%,1266654,86871681184.00,United States,,Hotels/Resorts,Consumer Discretionary,/market-activity/stocks/mar
MARA,MARA Holdings Inc. Common Stock,$10.47,0.24,2.346%,30007226,4044553640.00,United States,,Finance: Consumer Services,Finance,/market-activity/stocks/mara
MARPS,Marine Petroleum Trust Units of Beneficial Interest,$4.4525,0.0525,1.193%,20597,8905000.00,United States,,Oil & Gas Production,Energy,/market-activity/stocks/marps
MASK,3 E Network Technology Group Ltd Class A Ordinary Shares,$1.38,0.01,0.73%,148006,4994337.00,China,2025,EDP Services,Technology,/market-activity/stocks/mask
MASS,908 Devices Inc. Common Stock,$10.33,-0.32,-3.005%,535620,426977173.00,United States,2020,Industrial Machinery/Components,Industrials,/market-activity/stocks/mass
MAT,Mattel Inc. Common Stock,$14.64,0.05,0.343%,2477016,4182648000.00,United States,,Recreational Games/Products/Toys,Consumer Discretionary,/market-activity/stocks/mat
MATH,Metalpha Technology Holding Limited Ordinary Shares,$0.7842,-0.0158,-1.975%,11694,36946200.00,China,2017,Finance: Consumer Services,Finance,/market-activity/stocks/math
MATW,Matthews International Corporation Class A Common Stock,$20.83,0.46,2.258%,780274,650170394.00,United States,1994,Metal Fabrications,Telecommunications,/market-activity/stocks/matw
MAYS,J. W. Mays Inc. Common Stock,$42.60,0.00,0.00%,343,85872228.00,United States,,Building operators,Real Estate,/market-activity/stocks/mays
MAZE,Maze Therapeutics Inc. Common Stock,$26.72,0.19,0.716%,440711,1484273769.00,United States,2025,Biotechnology: Biological Products (No Diagnostic Substances),Health Care,/market-activity/stocks/maze
MB,MasterBeef Group Ordinary Shares,$4.19,0.16,3.97%,13673,71879450.00,Hong Kong,2025,Restaurants,Consumer Discretionary,/market-activity/stocks/mb
MBAI,MBody AI Ltd. Ordinary Share,$6.48,-0.08,-1.22%,51318,99102217.00,Israel,2015,Medical Electronics,Health Care,/market-activity/stocks/mbai
MBBC,Marathon Bancorp Inc. Common Stock,$15.05,-0.07,-0.463%,456,44408727.00,United States,,Banks,Finance,/market-activity/stocks/mbbc
MBIN,Merchants Bancorp Common Stock,$52.56,0.82,1.585%,297452,2414505222.00,United States,2017,Major Banks,Finance,/market-activity/stocks/mbin
MBINL,Merchants Bancorp Depositary Shares Each Representing a 1/40thInterest in a Share of 7.25% Fixed Rate Series E Non-CumulativePerpetual Preferred Stock without par value,$25.00,-0.07,-0.279%,7026,1148451875.00,United States,,Major Banks,Finance,/market-activity/stocks/mbinl
MBINM,Merchants Bancorp Depositary Shares Each Representing a 1/40th Interest in a Share of 8.25% Fixed-Rate Reset Series D Non-Cumulative Perpetual Preferred Stock,$25.6799,0.0349,0.136%,3167,1179685172.00,United States,,Major Banks,Finance,/market-activity/stocks/mbinm
MBINN,Merchants Bancorp Depositary Shares Preferred Series C,$19.90,-0.05,-0.251%,2406,914167693.00,United States,,Major Banks,Finance,/market-activity/stocks/mbinn
MBIO,Mustang Bio Inc. Common Stock,$0.543,-0.0051,-0.93%,11599,4114586.00,United States,,Biotechnology: Pharmaceutical Preparations,Health Care,/market-activity/stocks/mbio
MBLY,Mobileye Global Inc. Class A Common Stock,$8.50,0.14,1.675%,2903219,7226594583.00,Israel,2022,Computer Software: Prepackaged Software,Technology,/market-activity/stocks/mbly
MBNKO,Medallion Bank Fixed-Rate Reset Non-Cumulative Perpetual Preferred Stock Series G par value $1.00 per share,$25.67,0.00,0.00%,188,25670000.00,United States,,Commercial Banks,Finance,/market-activity/stocks/mbnko
MBOT,Microbot Medical Inc. Common Stock,$1.46,-0.01,-0.68%,539821,98060609.00,Israel,,Medical/Dental Instruments,Health Care,/market-activity/stocks/mbot
MBRX,Moleculin Biotech Inc. Common Stock,$0.694,0.044,6.769%,350027,13517302.00,United States,2016,Biotechnology: Pharmaceutical Preparations,Health Care,/market-activity/stocks/mbrx
MBUU,Malibu Boats Inc. Class A Common Stock,$27.06,0.67,2.539%,207328,532467089.00,United States,2014,Marine Transportation,Industrials,/market-activity/stocks/mbuu
MBVI,M3-Brigade Acquisition VI Corp. Class A Ordinary Shares,$10.22,0.01,0.098%,109238,0.00,United States,2025,,,/market-activity/stocks/mbvi
MBVIW,M3-Brigade Acquisition VI Corp. Warrant,$0.35,0.00,0.00%,1501,0.00,United States,2025,,,/market-activity/stocks/mbviw
MBWM,Mercantile Bank Corporation Common Stock,$61.00,1.86,3.145%,160543,1054441669.00,United States,1998,Major Banks,Finance,/market-activity/stocks/mbwm
MBX,MBX Biosciences Inc. Common Stock,$60.89,-0.04,-0.066%,352333,2932468245.00,United States,2024,Biotechnology: Pharmaceutical Preparations,Health Care,/market-activity/stocks/mbx
MCAH,Mountain Crest Acquisition 6 Corp. Ordinary Shares,$10.00,0.00,0.00%,30,0.00,United States,2026,Blank Checks,Finance,/market-activity/stocks/mcah
MCAHR,Mountain Crest Acquisition 6 Corp. Rights,$0.27,0.00,0.00%,100,0.00,United States,2026,Blank Checks,Finance,/market-activity/stocks/mcahr
MCBS,MetroCity Bankshares Inc. Common Stock,$35.27,0.64,1.848%,84803,1015113947.00,United States,2019,Major Banks,Finance,/market-activity/stocks/mcbs
MCFT,MasterCraft Boat Holdings Inc. Common Stock,$23.45,0.44,1.912%,229329,381763421.00,United States,2015,Marine Transportation,Industrials,/market-activity/stocks/mcft
MCGA,Yorkville Acquisition Corp. Class A Ordinary Share,$10.345,0.005,0.048%,1559,0.00,United States,2025,Electric Utilities: Central,Utilities,/market-activity/stocks/mcga
MCGAU,Yorkville Acquisition Corp. Unit,$10.4101,0.00,0.00%,750,0.00,United States,2025,Blank Checks,Finance,/market-activity/stocks/mcgau
MCGAW,Yorkville Acquisition Corp. Warrant,$0.3329,0.00,0.00%,3,0.00,United States,2025,,,/market-activity/stocks/mcgaw
MCHB,Mechanics Bancorp Class A Common Stock,$15.75,0.23,1.482%,505889,3469914961.00,United States,2012,Major Banks,Finance,/market-activity/stocks/mchb
MCHP,Microchip Technology Incorporated Common Stock,$72.76,1.35,1.89%,5837758,39509312357.00,United States,1993,Semiconductors,Technology,/market-activity/stocks/mchp
MCHPP,Microchip Technology Incorporated Depositary Shares Each Representing a 1/20th Interest in a Share of 7.50% Series A Mandatory Convertible Preferred Stock,$62.71,0.84,1.358%,28254,34052075013.00,United States,,Semiconductors,Technology,/market-activity/stocks/mchpp
MCHX,Marchex Inc. Class B Common Stock,$1.76,0.00,0.00%,8600,78034686.00,United States,2004,Computer Software: Prepackaged Software,Technology,/market-activity/stocks/mchx
MCRB,Seres Therapeutics Inc. Common Stock,$5.54,0.36,6.95%,63663,55648087.00,United States,2015,Biotechnology: Pharmaceutical Preparations,Health Care,/market-activity/stocks/mcrb
MCRI,Monarch Casino & Resort Inc. Common Stock,$118.57,1.04,0.885%,151439,2125073315.00,United States,1993,Hotels/Resorts,Consumer Discretionary,/market-activity/stocks/mcri
MDAI,Spectral AI Inc. Class A Common Stock,$1.565,0.015,0.968%,71742,50369412.00,United States,2021,Medical/Dental Instruments,Health Care,/market-activity/stocks/mdai
MDAIW,Spectral AI Inc. Warrants,$0.52,0.05,10.638%,6459,16736163.00,United States,2021,Medical/Dental Instruments,Health Care,/market-activity/stocks/mdaiw
MDB,MongoDB Inc. Class A Common Stock,$375.40,-58.81,-13.544%,7372724,30194145396.00,United States,2017,Computer Software: Prepackaged Software,Technology,/market-activity/stocks/mdb
MDBH,MDB Capital Holdings LLC Class A common,$2.95,0.10,3.509%,3902,16043964.00,United States,2023,Finance: Consumer Services,Finance,/market-activity/stocks/mdbh
MDCX,Medicus Pharma Ltd. Common Stock  ,$0.2599,0.0087,3.463%,354287,15637675.00,Canada,,Biotechnology: Pharmaceutical Preparations,Health Care,/market-activity/stocks/mdcx
MDCXW,Medicus Pharma Ltd. Warrant,$0.31,-0.0779,-20.082%,2967,18652094.00,Canada,,Biotechnology: Pharmaceutical Preparations,Health Care,/market-activity/stocks/mdcxw
MDGL,Madrigal Pharmaceuticals Inc. Common Stock,$546.93,8.22,1.526%,202894,12636339633.00,United States,2007,Biotechnology: Pharmaceutical Preparations,Health Care,/market-activity/stocks/mdgl
MDIA,Mediaco Holding Inc. Class A Common Stock ,$1.21,0.0755,6.655%,26765,101664028.00,United States,,Broadcasting,Consumer Discretionary,/market-activity/stocks/mdia
MDLN,Medline Inc. Class A Common Stock,$36.30,1.19,3.389%,9701183,47723881960.00,United States,2025,Medical/Dental Instruments,Health Care,/market-activity/stocks/mdln
MDLZ,Mondelez International Inc. Class A Common Stock,$62.45,0.84,1.363%,6049642,79705438160.00,United States,,Packaged Foods,Consumer Staples,/market-activity/stocks/mdlz
MDRR,Medalist Diversified Inc. Common Stock,$12.1999,0.00,0.00%,264,19867537.00,United States,2018,Real Estate Investment Trusts,Real Estate,/market-activity/stocks/mdrr
MDWD,MediWound Ltd. Ordinary Shares,$13.06,0.44,3.487%,104153,168608231.00,Israel,2014, Medicinal Chemicals and Botanical Products ,Health Care,/market-activity/stocks/mdwd
MDXG,MiMedx Group Inc Common Stock,$4.55,0.03,0.664%,1040333,663210129.00,United States,,Medical/Dental Instruments,Health Care,/market-activity/stocks/mdxg
MDXH,MDxHealth SA Ordinary Shares,$0.71,-0.0103,-1.43%,207427,67746341.00,Belgium,2021,Medical Specialities,Health Care,/market-activity/stocks/mdxh
MEDP,Medpace Holdings Inc. Common Stock,$593.02,9.81,1.682%,204280,16552169648.00,United States,2016,Biotechnology: Commercial Physical & Biological Resarch,Health Care,/market-activity/stocks/medp
MEDS,DataMeds AI Inc. Common Stock,$1.03,0.04,4.04%,128729,3293562.00,United States,2025,Other Pharmaceuticals,Health Care,/market-activity/stocks/meds
MEGL,Magic Empire Global Limited Class A Ordinary Shares,$1.24,0.09,7.826%,18203,80679422.00,Hong Kong,2022,Finance: Consumer Services,Finance,/market-activity/stocks/megl
MELI,MercadoLibre Inc. Common Stock,$2006.58,43.09,2.195%,391382,101727188957.00,Argentina,2007,Business Services,Consumer Discretionary,/market-activity/stocks/meli
MENS,Jyong Biotech Ltd. Ordinary Shares,$2.25,-0.02,-0.881%,53488,171062251.00,Taiwan,2025,Biotechnology: Pharmaceutical Preparations,Health Care,/market-activity/stocks/mens
MEOH,Methanex Corporation Common Stock,$60.57,0.45,0.749%,514932,4685953410.00,Canada,,Major Chemicals,Industrials,/market-activity/stocks/meoh
MERC,Mercer International Inc. Common Stock,$0.3583,-0.0291,-7.512%,1706377,24012561.00,Canada,,Paper,Basic Materials,/market-activity/stocks/merc
MESH,Meshflow Acquisition Corp. Class A Ordinary Shares,$10.08,0.01,0.099%,380,0.00,United States,2026,,,/market-activity/stocks/mesh
MESHU,Meshflow Acquisition Corp. Units,$10.1499,0.00,0.00%,2,0.00,United States,2025,,,/market-activity/stocks/meshu
MESHW,Meshflow Acquisition Corp. Warrants,$0.3193,0.0546,20.627%,17494,0.00,United States,2026,,,/market-activity/stocks/meshw
MESO,Mesoblast Limited American Depositary Shares,$17.29,0.79,4.788%,296644,2249166382.00,Australia,2015,Biotechnology: Biological Products (No Diagnostic Substances),Health Care,/market-activity/stocks/meso
META,Meta Platforms Inc. Class A Common Stock,$592.85,14.31,2.473%,16553374,1510289065491.00,United States,2012,Computer Software: Programming Data Processing,Technology,/market-activity/stocks/meta
METC,Ramaco Resources Inc. Class A Common Stock,$14.41,0.40,2.855%,2614500,913424524.00,United States,2017,Coal Mining,Energy,/market-activity/stocks/metc
METCB,Ramaco Resources Inc. Class B Common Stock,$7.42,0.17,2.345%,60059,470340733.00,United States,,Coal Mining,Energy,/market-activity/stocks/metcb
METCI,Ramaco Resources Inc. 8.250% Senior Notes due 2030,$25.46,0.00,0.00%,49,0.00,United States,,Coal Mining,Energy,/market-activity/stocks/metci
METCZ,Ramaco Resources Inc. 8.375% Senior Notes due 2029,$25.515,0.05,0.196%,4962,0.00,United States,,Coal Mining,Energy,/market-activity/stocks/metcz
MEVO,M Evo Global Acquisition Corp II Class A Ordinary Shares,$10.02,0.02,0.20%,1258934,0.00,United States,2026,Blank Checks,Finance,/market-activity/stocks/mevo
MF,MindForge Inc. Class A Ordinary Shares,$13.69,-2.28,-14.277%,378925,24866516.00,China,2024,Computer Software: Programming Data Processing,Technology,/market-activity/stocks/mf
MFI,mF International Limited Class A Ordinary Shares,$9.29,-0.26,-2.723%,16840,466139546.00,Hong Kong,2024,EDP Services,Technology,/market-activity/stocks/mfi
MFIC,MidCap Financial Investment Corporation Common Stock,$9.67,0.01,0.104%,354809,796543313.00,United States,2004,Finance/Investors Services,Finance,/market-activity/stocks/mfic
MFICL,MidCap Financial Investment Corporation 8.00% Notes due 2028,$25.08,-0.06,-0.239%,12910,2340054840.00,United States,,Finance/Investors Services,Finance,/market-activity/stocks/mficl
MFIN,Medallion Financial Corp. Common Stock,$11.94,0.09,0.759%,52766,274145373.00,United States,,Finance: Consumer Services,Finance,/market-activity/stocks/mfin
MFP,Midera Food Processing Inc. Common Stock,$45.04,0.84,1.90%,405518,2037179693.00,United States,,Industrial Machinery/Components,Industrials,/market-activity/stocks/mfp
MGEE,MGE Energy Inc,$77.01,-0.44,-0.568%,153744,2909746764.00,United States,,Electric Utilities: Central,Energy,/market-activity/stocks/mgee
MGIH,Millennium Group International Holdings Limited Ordinary Shares,$1.52,0.01,0.662%,5822,17100000.00,Hong Kong,2023,Publishing,Consumer Discretionary,/market-activity/stocks/mgih
MGN,Megan Holdings Limited Class A Ordinary Shares,$0.13,0.0104,8.696%,127151865,120250.00,Malaysia,2025,Farming/Seeds/Milling,Consumer Staples,/market-activity/stocks/mgn
MGNI,Magnite Inc. Common Stock,$24.88,1.99,8.694%,5903670,3568393026.00,United States,,Computer Software: Programming Data Processing,Technology,/market-activity/stocks/mgni
MGNX,MacroGenics Inc. Common Stock,$4.32,0.28,6.931%,581713,275184808.00,United States,2013,Biotechnology: Pharmaceutical Preparations,Health Care,/market-activity/stocks/mgnx
MGPI,MGP Ingredients Inc.,$16.83,0.36,2.186%,254841,360398899.00,United States,,Beverages (Production/Distribution),Consumer Staples,/market-activity/stocks/mgpi
MGRC,McGrath RentCorp Common Stock,$109.48,-1.36,-1.227%,124355,2674121585.00,United States,1984,Diversified Commercial Services,Consumer Discretionary,/market-activity/stocks/mgrc
MGRT,Mega Fortune Company Limited Ordinary Shares,$105.01,-2.98,-2.76%,11492,1443887500.00,Hong Kong,2025,EDP Services,Technology,/market-activity/stocks/mgrt
MGRX,Mangoceuticals Inc. Common Stock,$0.384,-0.0069,-1.765%,188380,8281890.00,United States,2023,Misc Health and Biotechnology Services,Health Care,/market-activity/stocks/mgrx
MGTX,MeiraGTx Holdings plc Ordinary Shares,$14.06,-0.13,-0.916%,629441,1350364524.00,United States,2018,Biotechnology: Biological Products (No Diagnostic Substances),Health Care,/market-activity/stocks/mgtx
MGX,Metagenomi Therapeutics Inc. Common Stock,$1.16,-0.01,-0.855%,313114,43821442.00,United States,2024,Biotechnology: Biological Products (No Diagnostic Substances),Health Care,/market-activity/stocks/mgx
MGYR,Magyar Bancorp Inc. Common Stock,$19.33,-0.35,-1.778%,3891,124782553.00,United States,2006,Savings Institutions,Finance,/market-activity/stocks/mgyr
MIAC,Meridian3 Industrials Acquisition Corp Class A Ordinary Shares,$9.84,0.00,0.00%,2621,0.00,United States,2026,,,/market-activity/stocks/miac
MIACU,Meridian3 Industrials Acquisition Corp Units,$10.05,0.00,0.00%,4877,0.00,United States,2026,,,/market-activity/stocks/miacu
MIACW,Meridian3 Industrials Acquisition Corp Warrant,$0.4499,-0.0501,-10.02%,401,0.00,United States,2026,,,/market-activity/stocks/miacw
MIDD,Middleby Corporation (The) Common Stock,$112.44,0.84,0.753%,508883,5084800922.00,United States,,Industrial Machinery/Components,Industrials,/market-activity/stocks/midd
MIMI,Mint Incorporation Limited Class A Ordinary Shares,$0.6409,-0.0724,-10.15%,949761,10185581.00,Hong Kong,2025,Business Services,Consumer Discretionary,/market-activity/stocks/mimi
MIND,MIND Technology Inc. Common Stock (DE),$4.43,0.13,3.023%,37045,40264514.00,United States,1994,Industrial Machinery/Components,Industrials,/market-activity/stocks/mind
MIRA,MIRA Pharmaceuticals Inc. Common Stock,$0.8495,-0.0105,-1.221%,581849,35697763.00,United States,2023,Biotechnology: Pharmaceutical Preparations,Health Care,/market-activity/stocks/mira
MIRM,Mirum Pharmaceuticals Inc. Common Stock,$99.83,1.49,1.515%,495660,6482181825.00,United States,2019,Biotechnology: Pharmaceutical Preparations,Health Care,/market-activity/stocks/mirm
MIST,Milestone Pharmaceuticals Inc. Common Shares,$1.18,0.04,3.509%,767747,146907616.00,Canada,2019,Biotechnology: Pharmaceutical Preparations,Health Care,/market-activity/stocks/mist
MITK,Mitek Systems Inc. Common Stock,$17.96,0.12,0.673%,996976,810397837.00,United States,,Computer peripheral equipment,Technology,/market-activity/stocks/mitk
MKDW,MKDWELL Tech Inc. Ordinary Share,$11.47,0.4762,4.332%,3485,392256130.00,Taiwan,,Consumer Electronics/Appliances,Technology,/market-activity/stocks/mkdw
MKLY,McKinley Acquisition Corporation Class A Ordinary Shares,$10.24,0.00,0.00%,174262,0.00,United States,2025,Blank Checks,Finance,/market-activity/stocks/mkly
MKLYR,McKinley Acquisition Corporation Rights,$0.25,0.0099,4.123%,27980,0.00,United States,2025,Blank Checks,Finance,/market-activity/stocks/mklyr
MKLYU,McKinley Acquisition Corporation Units,$10.5985,0.00,0.00%,2,0.00,United States,2025,Blank Checks,Finance,/market-activity/stocks/mklyu
MKSI,MKS Inc. Common Stock,$251.38,4.94,2.005%,1089964,16997701730.00,United States,1999,Industrial Machinery/Components,Industrials,/market-activity/stocks/mksi
MKTW,MarketWise Inc. Class A Common Stock,$17.85,0.20,1.133%,10774,281574557.00,United States,,Computer Software: Prepackaged Software,Technology,/market-activity/stocks/mktw
MKTX,MarketAxess Holdings Inc. Common Stock,$162.83,0.18,0.111%,1007955,5730458442.00,United States,2004,Investment Bankers/Brokers/Service,Finance,/market-activity/stocks/mktx
MKZR,MacKenzie Realty Capital Inc. Common Stock,$1.48,-0.01,-0.671%,5946,4106538.00,United States,,Real Estate Investment Trusts,Real Estate,/market-activity/stocks/mkzr
MLAA,Mountain Lake Acquisition Corp. II Class A Ordinary Shares,$10.02,0.02,0.20%,366789,0.00,United States,2026,Blank Checks,Finance,/market-activity/stocks/mlaa
MLAB,Mesa Laboratories Inc. Common Stock,$130.65,5.18,4.128%,139053,731100285.00,United States,,Industrial Machinery/Components,Industrials,/market-activity/stocks/mlab
MLCI,Mount Logan Capital Inc. Common Stock,$3.24,-0.05,-1.52%,14526,36251608.00,United States,,Investment Managers,Finance,/market-activity/stocks/mlci
MLCIL,Mount Logan Capital Inc. 8.00% Notes Due 2031,$22.2552,0.0052,0.023%,913,0.00,United States,,Investment Managers,Finance,/market-activity/stocks/mlcil
MLCO,Melco Resorts & Entertainment Limited American Depositary Shares,$5.18,0.11,2.17%,1415550,2038149746.00,Hong Kong,2006,Hotels/Resorts,Consumer Discretionary,/market-activity/stocks/mlco
MLEC,Moolec Science SA Ordinary Shares,$6.81,-0.085,-1.233%,8854,4944864.00,Luxembourg,,Blank Checks,Finance,/market-activity/stocks/mlec
MLECW,Moolec Science SA Warrant,$0.0159,0.00,0.00%,6771,11545.00,Luxembourg,,Blank Checks,Finance,/market-activity/stocks/mlecw
MLGO,MicroAlgo Inc. Class A Ordinary Shares,$4.11,0.30,7.874%,40312,51117965.00,United States,2021,EDP Services,Technology,/market-activity/stocks/mlgo
MLKN,MillerKnoll Inc. Common Stock,$22.355,0.355,1.614%,391190,1536527623.00,United States,,Office Equipment/Supplies/Services,Consumer Discretionary,/market-activity/stocks/mlkn
MLTX,MoonLake Immunotherapeutics Class A Ordinary Shares,$15.06,-0.07,-0.463%,1188691,1281706676.00,United States,2020,Biotechnology: Pharmaceutical Preparations,Health Care,/market-activity/stocks/mltx
MLYS,Mineralys Therapeutics Inc. Common Stock,$29.04,3.47,13.571%,2039958,2567335940.00,United States,2023,Biotechnology: Pharmaceutical Preparations,Health Care,/market-activity/stocks/mlys
MMED,MiniMed Group Inc. Common Stock,$23.76,1.34,5.977%,4492033,6684874361.00,United States,2026,Medical/Dental Instruments,Health Care,/market-activity/stocks/mmed
MMLP,Martin Midstream Partners L.P. Limited Partnership,$2.30,-0.03,-1.288%,8764,89986778.00,United States,2002,Oil Refining/Marketing,Energy,/market-activity/stocks/mmlp
MMSI,Merit Medical Systems Inc. Common Stock,$90.13,-0.55,-0.607%,908848,5381700155.00,United States,,Medical/Dental Instruments,Health Care,/market-activity/stocks/mmsi
MMTX,Miluna Acquisition Corp Class A Ordinary Share,$10.15,-0.015,-0.148%,4327,0.00,Taiwan,2025,Blank Checks,Finance,/market-activity/stocks/mmtx
MMYT,MakeMyTrip Limited Ordinary Shares,$57.68,1.55,2.761%,343114,5425303624.00,India,2010,Transportation Services,Consumer Discretionary,/market-activity/stocks/mmyt
MNDO,MIND C.T.I. Ltd. Ordinary Shares,$0.9865,-0.0235,-2.327%,123911,19912666.00,Israel,,EDP Services,Technology,/market-activity/stocks/mndo
MNDR,Mobile-health Network Solutions Class A Ordinary Shares,$1.50,-0.03,-1.961%,38078,1791806.00,Singapore,2024,Computer Software: Prepackaged Software,Technology,/market-activity/stocks/mndr
MNDY,monday.com Ltd. Ordinary Shares,$94.44,-2.07,-2.145%,870598,4052131791.00,Israel,2021,Computer Software: Prepackaged Software,Technology,/market-activity/stocks/mndy
MNKD,MannKind Corporation Common Stock,$4.04,0.06,1.508%,2590719,1299039715.00,United States,2004,Biotechnology: Pharmaceutical Preparations,Health Care,/market-activity/stocks/mnkd
MNOV,Medicinova Inc Common Stock,$1.43,-0.01,-0.694%,14308,70386382.00,United States,,Biotechnology: Pharmaceutical Preparations,Health Care,/market-activity/stocks/mnov
MNPR,Monopar Therapeutics Inc. Common Stock,$116.28,-1.29,-1.097%,203368,780491360.00,United States,2019,Biotechnology: Pharmaceutical Preparations,Health Care,/market-activity/stocks/mnpr
MNRO,Monro Inc. Common Stock,$12.41,-0.02,-0.161%,578387,387986985.00,United States,1991,Automotive Aftermarket,Consumer Discretionary,/market-activity/stocks/mnro
MNSB,MainStreet Bancshares Inc. Common Stock,$25.23,0.57,2.311%,27908,179664747.00,United States,,Major Banks,Finance,/market-activity/stocks/mnsb
MNSBP,MainStreet Bancshares Inc. Depositary Shares,$25.85,0.00,0.00%,5622,184079815.00,United States,,Major Banks,Finance,/market-activity/stocks/mnsbp
MNST,Monster Beverage Corporation,$44.42,-0.57,-1.267%,10511619,130531749586.00,United States,,Beverages (Production/Distribution),Consumer Staples,/market-activity/stocks/mnst
MNTK,Montauk Renewables Inc. Common Stock,$2.13,0.37,21.023%,1372540,303186626.00,United States,2021,Natural Gas Distribution,Utilities,/market-activity/stocks/mntk
MNTS,Momentus Inc. Class A Common Stock,$4.20,0.13,3.194%,489831,92246284.00,United States,2019,Military/Government/Technical,Industrials,/market-activity/stocks/mnts
MNY,MoneyHero Limited Class A Ordinary Shares,$0.85,0.00,0.00%,8850,37768235.00,Singapore,,Business Services,Consumer Discretionary,/market-activity/stocks/mny
MOB,Mobilicom Limited Ordinary Shares,$5.39,0.07,1.316%,65050,68093870.00,Israel,2022,Aerospace,Industrials,/market-activity/stocks/mob
MOBI,Mobia Medical Inc. Common Stock,$12.09,0.64,5.59%,449923,402489351.00,United States,2026,Medical/Dental Instruments,Health Care,/market-activity/stocks/mobi
MOBX,Mobix Labs Inc. Class A Common Stock,$1.07,-0.14,-11.57%,1358806,18241801.00,United States,2021,Semiconductors,Technology,/market-activity/stocks/mobx
MOBXW,Mobix Labs Inc Warrants,$0.079,0.00,0.00%,42,1346825.00,United States,2021,Semiconductors,Technology,/market-activity/stocks/mobxw
MODD,Modular Medical Inc. Common Stock,$3.46,-0.095,-2.672%,135078,28201848.00,United States,,Medical/Dental Instruments,Health Care,/market-activity/stocks/modd
MOLN,Molecular Partners AG American Depositary Shares,$4.07,-0.215,-5.018%,285,152670433.00,Switzerland,2021,Biotechnology: Biological Products (No Diagnostic Substances),Health Care,/market-activity/stocks/moln
MOMO,Hello Group Inc. American Depositary Shares,$5.485,0.045,0.827%,1024153,810394494.00,China,2014,Computer Software: Prepackaged Software,Technology,/market-activity/stocks/momo
MORN,Morningstar Inc. Common Stock,$209.80,-0.06,-0.029%,267346,7870347196.00,United States,2005,Investment Managers,Finance,/market-activity/stocks/morn
MOVE,Corvex Inc. Common Stock,$14.48,1.67,13.037%,556901,400332976.00,United States,2021,EDP Services,Technology,/market-activity/stocks/move
MPAA,Motorcar Parts  of America Inc. Common Stock,$11.55,-0.05,-0.431%,130692,218678541.00,United States,,Auto Parts:O.E.M.,Consumer Discretionary,/market-activity/stocks/mpaa
MPB,Mid Penn Bancorp Common Stock,$36.91,0.85,2.357%,147630,935122786.00,United States,,Major Banks,Finance,/market-activity/stocks/mpb
MPLT,MapLight Therapeutics Inc. Common Stock,$13.06,-0.25,-1.878%,937710,570073192.00,United States,2025,Biotechnology: Pharmaceutical Preparations,Health Care,/market-activity/stocks/mplt
MPWR,Monolithic Power Systems Inc. Common Stock,$1219.36,-6.60,-0.538%,405209,59923008480.00,United States,2004,Semiconductors,Technology,/market-activity/stocks/mpwr
MQ,Marqeta Inc. Class A Common Stock,$16.82,0.65,4.02%,927114,1750942388.00,United States,2021,Computer Software: Prepackaged Software,Technology,/market-activity/stocks/mq
MRAM,Everspin Technologies Inc. Common Stock,$15.90,0.04,0.252%,596848,387165143.00,United States,2016,Semiconductors,Technology,/market-activity/stocks/mram
MRBK,Meridian Corporation Common Stock,$19.48,0.41,2.15%,54241,232377855.00,United States,2017,Major Banks,Finance,/market-activity/stocks/mrbk
MRCO,Mercator Acquisition Corp. Class A Ordinary Shares,$9.88,0.00,0.00%,47,0.00,United States,2026,Blank Checks,Finance,/market-activity/stocks/mrco
MRCOU,Mercator Acquisition Corp. Units,$10.02,0.00,0.00%,25,0.00,United States,2026,Blank Checks,Finance,/market-activity/stocks/mrcou
MRCOW,Mercator Acquisition Corp. Warrant,$0.32,0.00,0.00%,8055,0.00,United States,2026,Blank Checks,Finance,/market-activity/stocks/mrcow
MRCY,Mercury Systems Inc Common Stock,$82.57,-0.23,-0.278%,617631,4965440502.00,United States,1998,Electrical Products,Technology,/market-activity/stocks/mrcy
MRDN,Meridian Holdings Inc. Common Stock,$13.65,0.13,0.962%,61902,172938388.00,United States,,Computer Software: Prepackaged Software,Technology,/market-activity/stocks/mrdn
MREO,Mereo BioPharma Group plc American Depositary Shares,$0.2672,-0.0095,-3.433%,809262,41454906.00,United Kingdom,,Biotechnology: Pharmaceutical Preparations,Health Care,/market-activity/stocks/mreo
MRKR,Marker Therapeutics Inc. Common Stock,$1.25,-0.05,-3.846%,167589,20841409.00,United States,,Biotechnology: Pharmaceutical Preparations,Health Care,/market-activity/stocks/mrkr
MRLN,Merlin Inc. Common Stock,$2.85,0.04,1.423%,1307189,288043184.00,United States,2024,EDP Services,Technology,/market-activity/stocks/mrln
MRM,MEDIROM Healthcare Technologies Inc. American Depositary Share,$0.95,0.0199,2.14%,10015,7506853.00,Japan,2020,Other Consumer Services,Consumer Discretionary,/market-activity/stocks/mrm
MRNA,Moderna Inc. Common Stock,$150.81,-3.46,-2.243%,16563205,60208764420.00,United States,2018,Biotechnology: Biological Products (No Diagnostic Substances),Health Care,/market-activity/stocks/mrna
MRNO,Murano Global Investments PLC Ordinary Shares,$0.21,0.0004,0.191%,85212,16641003.00,Mexico,,Hotels/Resorts,Consumer Discretionary,/market-activity/stocks/mrno
MRNOW,Murano Global Investments PLC Warrants,$0.0051,-0.0014,-21.538%,551,404139.00,Mexico,,Hotels/Resorts,Consumer Discretionary,/market-activity/stocks/mrnow
MRTN,Marten Transport Ltd. Common Stock,$13.99,0.13,0.938%,752448,1142446749.00,United States,1986,Trucking Freight/Courier Services,Industrials,/market-activity/stocks/mrtn
MRVI,Maravai LifeSciences Holdings Inc. Class A Common Stock,$7.38,0.08,1.096%,3669000,1916391353.00,United States,2020,Biotechnology: Pharmaceutical Preparations,Health Care,/market-activity/stocks/mrvi
MRVL,Marvell Technology Inc. Common Stock,$206.48,-3.91,-1.858%,15224939,181062312000.00,United States,2000,Semiconductors,Technology,/market-activity/stocks/mrvl
MRX,Marex Group Limited Ordinary Shares,$71.67,-0.95,-1.308%,601648,5313100428.00,United Kingdom,2024,Investment Bankers/Brokers/Service,Finance,/market-activity/stocks/mrx
MSAI,MultiSensor AI Holdings Inc. Common Stock,$5.05,-0.0399,-0.784%,13404,11138522.00,United States,2021,Electronic Components,Technology,/market-activity/stocks/msai
MSAIW,MultiSensor AI Holdings Inc. Warrant,$0.024,0.003,14.286%,210578,52936.00,United States,2021,Electronic Components,Technology,/market-activity/stocks/msaiw
MSBI,Midland States Bancorp Inc. Common Stock,$33.22,0.63,1.933%,163837,689385161.00,United States,2016,Major Banks,Finance,/market-activity/stocks/msbi
MSBIP,Midland States Bancorp Inc. Depositary Shares Each Representing a 1/40th Interest in a Share of 7.750% Fixed-Rate Reset Non-Cumulative Perpetual Preferred Stock Series A,$25.35,0.0125,0.049%,1879,526066039.00,United States,,Major Banks,Finance,/market-activity/stocks/msbip
MSEX,Middlesex Water Company Common Stock,$57.91,-0.24,-0.413%,92180,1091252913.00,United States,,Water Supply,Utilities,/market-activity/stocks/msex
MSFT,Microsoft Corporation Common Stock,$496.82,-4.20,-0.838%,15336219,3689159510839.00,United States,1986,Computer Software: Prepackaged Software,Technology,/market-activity/stocks/msft
MSGM,Motorsport Games Inc. Class A Common Stock,$4.08,0.17,4.348%,95649,18722312.00,United States,2021,Computer Software: Prepackaged Software,Technology,/market-activity/stocks/msgm
MSGY,Masonglory Limited Class A Ordinary Shares ,$1.87,0.05,2.747%,31648,3963699.00,Hong Kong,2025,Engineering & Construction,Consumer Discretionary,/market-activity/stocks/msgy
MSLE,Satellos Bioscience Inc. Common Stock,$9.05,-0.03,-0.33%,10805,192008773.00,Canada,,Biotechnology: Pharmaceutical Preparations,Health Care,/market-activity/stocks/msle
MSS,Maison Solutions Inc. Class A Common Stock,$1.46,0.02,1.389%,87243,1248795.00,United States,2023,Food Chains,Consumer Staples,/market-activity/stocks/mss
MSTR,Strategy Inc Common Stock Class A,$123.19,-1.69,-1.353%,14852298,47332770266.00,United States,1998,Computer Software: Prepackaged Software,Technology,/market-activity/stocks/mstr
MTAKU,Market Technology Acquisition Corp Unit,$9.95,-0.03,-0.301%,1515,0.00,United States,2026,Blank Checks,Finance,/market-activity/stocks/mtaku
MTC,MMTec Inc. Common Shares,$3.845,0.165,4.484%,7415,382915133.00,China,2019,Computer Software: Prepackaged Software,Technology,/market-activity/stocks/mtc
MTCH,Match Group Inc. Common Stock,$42.44,0.53,1.265%,3445929,9742143803.00,United States,,Computer Software: Programming Data Processing,Technology,/market-activity/stocks/mtch
MTEK,Maris-Tech Ltd. Ordinary Shares,$1.15,0.0301,2.688%,232533,11153420.00,Israel,2022,Telecommunications Equipment,Telecommunications,/market-activity/stocks/mtek
MTEKW,Maris-Tech Ltd. Warrants,$0.11,0.001,0.917%,102,1066849.00,Israel,2022,Telecommunications Equipment,Telecommunications,/market-activity/stocks/mtekw
MTEN,Mingteng International Corporation Inc. Class A Ordinary Shares,$1.03,-0.03,-2.83%,155741,7879361.00,China,2024,Building Products,Industrials,/market-activity/stocks/mten
MTEX,Mannatech Incorporated Common Stock,$6.82,-0.33,-4.615%,98163,13160349.00,United States,, Medicinal Chemicals and Botanical Products ,Health Care,/market-activity/stocks/mtex
MTLS,Materialise NV American Depositary Shares,$7.07,0.01,0.142%,61957,417605005.00,Belgium,2014,Computer Software: Prepackaged Software,Technology,/market-activity/stocks/mtls
MTRX,Matrix Service Company Common Stock,$10.86,0.16,1.495%,453791,305533611.00,United States,1990,Engineering & Construction,Consumer Discretionary,/market-activity/stocks/mtrx
MTSI,MACOM Technology Solutions Holdings Inc. Common Stock,$257.56,-4.45,-1.698%,809605,19670096988.00,United States,2012,Semiconductors,Technology,/market-activity/stocks/mtsi
MTVA,MetaVia Inc. Common Stock,$1.82,0.10,5.814%,79842,11990344.00,United States,2016,Biotechnology: Pharmaceutical Preparations,Health Care,/market-activity/stocks/mtva
MU,Micron Technology Inc. Common Stock,$956.08,22.64,2.425%,21440954,1079790203808.00,United States,,Semiconductors,Technology,/market-activity/stocks/mu
MUZE,Muzero Acquisition Corp Class A Ordinary Shares,$9.98,-0.03,-0.30%,252879,0.00,United States,2026,Blank Checks,Finance,/market-activity/stocks/muze
MUZEW,Muzero Acquisition Corp Warrant,$0.2994,0.00,0.00%,47,0.00,United States,2026,Blank Checks,Finance,/market-activity/stocks/muzew
MVBF,MVB Financial Corp. Common Stock,$30.85,0.60,1.983%,76238,400047591.00,United States,,Major Banks,Finance,/market-activity/stocks/mvbf
MVIS,MicroVision Inc. Common Stock,$1.65,-0.07,-4.07%,805492,49747545.00,United States,1996,Industrial Machinery/Components,Technology,/market-activity/stocks/mvis
MVST,Microvast Holdings Inc. Common Stock,$0.6936,0.0034,0.493%,5501735,266713119.00,United States,2019,Industrial Machinery/Components,Miscellaneous,/market-activity/stocks/mvst
MWC,Micware Co. Ltd. American Depositary Shares,$1.40,-0.02,-1.408%,212054,83187180.00,Japan,2026,EDP Services,Technology,/market-activity/stocks/mwc
MWH,SOLV Energy Inc. Class A Common Stock,$24.22,-0.56,-2.26%,1855095,4901806407.00,United States,2026,Military/Government/Technical,Industrials,/market-activity/stocks/mwh
MWYN,Marwynn Holdings Inc. Common stock,$1.39,0.02,1.46%,226570,28070778.00,United States,2025,Food Distributors,Consumer Discretionary,/market-activity/stocks/mwyn
MXCT,MaxCyte Inc. Common Stock,$1.27,0.03,2.419%,502416,131071882.00,United States,2021,Biotechnology: Commercial Physical & Biological Resarch,Health Care,/market-activity/stocks/mxct
MXL,MaxLinear Inc. Common Stock,$60.10,2.51,4.358%,2008158,5450660779.00,United States,2010,Semiconductors,Technology,/market-activity/stocks/mxl
MYFW,First Western Financial Inc. Common Stock,$31.02,0.59,1.939%,59368,302914302.00,United States,2018,Major Banks,Finance,/market-activity/stocks/myfw
MYGN,Myriad Genetics Inc. Common Stock,$3.23,0.05,1.572%,1351234,308948353.00,United States,1995,Biotechnology: In Vitro & In Vivo Diagnostic Substances,Health Care,/market-activity/stocks/mygn
MYPS,PLAYSTUDIOS Inc.  Class A Common Stock,$0.514,0.0024,0.469%,178238,61742390.00,United States,2020,Computer Software: Prepackaged Software,Technology,/market-activity/stocks/myps
MYRG,MYR Group Inc. Common Stock,$282.65,-3.81,-1.33%,418651,4400648513.00,United States,2008,Water Sewer Pipeline Comm & Power Line Construction,Industrials,/market-activity/stocks/myrg
MYSE,Myseum.AI Inc. Common Stock,$2.89,0.14,5.091%,114788,15017683.00,United States,2021,Telecommunications Equipment,Telecommunications,/market-activity/stocks/myse
MYSZ,My Size Inc. Common Stock,$2.30,-0.06,-2.542%,25695,1675509.00,Israel,,Computer Software: Prepackaged Software,Technology,/market-activity/stocks/mysz
MYX,Maywood Acquisition Corp. 2 Class A Ordinary Share,$9.99,0.05,0.503%,450843,0.00,United States,2026,Blank Checks,Finance,/market-activity/stocks/myx
MYXXR,Maywood Acquisition Corp. 2 Rights,$0.195,-0.005,-2.50%,34092,0.00,United States,2026,Blank Checks,Finance,/market-activity/stocks/myxxr
MZTI,The Marzetti Company Common Stock,$111.37,-0.46,-0.411%,369383,3039398670.00,United States,,Packaged Foods,Consumer Staples,/market-activity/stocks/mzti
NA,Nano Labs Ltd Class A Ordinary Shares,$2.11,0.11,5.50%,157475,48981730.00,China,2022,Semiconductors,Technology,/market-activity/stocks/na
NAAS,NaaS Technology Inc. American Depositary Shares,$3.04,-0.12,-3.797%,17245,74671122.00,China,2017,Other Specialty Stores,Consumer Discretionary,/market-activity/stocks/naas
NAGE,Niagen Bioscience Inc. Common Stock,$3.17,0.04,1.278%,308582,250829426.00,United States,, Medicinal Chemicals and Botanical Products ,Health Care,/market-activity/stocks/nage
NAII,Natural Alternatives International Inc. Common Stock,$2.12,0.05,2.415%,16696,13303485.00,United States,, Medicinal Chemicals and Botanical Products ,Health Care,/market-activity/stocks/naii
NAKA,Nakamoto Inc. Common Stock,$7.68,0.63,8.936%,131525,137433162.00,United States,2024,Medical/Nursing Services,Health Care,/market-activity/stocks/naka
NAMI,Jinxin Technology Holding Company American Depositary Shares,$2.30,-0.07,-2.954%,33231,7274569.00,China,2024,Other Consumer Services,Real Estate,/market-activity/stocks/nami
NAMM,Namib Minerals Ordinary Shares,$1.39,0.02,1.46%,607360,77634844.00,Cayman Islands,,Precious Metals,Basic Materials,/market-activity/stocks/namm
NAMMW,Namib Minerals Warrants,$0.2399,0.0025,1.053%,9889,13398992.00,Cayman Islands,,Precious Metals,Basic Materials,/market-activity/stocks/nammw
NAMS,NewAmsterdam Pharma Company N.V. Ordinary Shares,$25.59,0.67,2.689%,979908,3058956155.00,Netherlands,,Biotechnology: Pharmaceutical Preparations,Health Care,/market-activity/stocks/nams
NAMSW,NewAmsterdam Pharma Company N.V. Warrant,$16.51,0.00,0.00%,1,1973558660.00,Netherlands,,Biotechnology: Pharmaceutical Preparations,Health Care,/market-activity/stocks/namsw
NATH,Nathan's Famous Inc. Common Stock,$97.86,0.16,0.164%,19151,400997105.00,United States,1993,Restaurants,Consumer Discretionary,/market-activity/stocks/nath
NATR,Nature's Sunshine Products Inc. Common Stock,$14.16,0.29,2.091%,160409,249152563.00,United States,,Biotechnology: Pharmaceutical Preparations,Health Care,/market-activity/stocks/natr
NAUT,Nautilus Biotechnology Inc. Common Stock,$0.9618,0.0353,3.81%,836141,122394073.00,United States,2020,Biotechnology: Laboratory Analytical Instruments,Industrials,/market-activity/stocks/naut
NAVI,Navient Corporation Common Stock,$9.56,0.28,3.017%,1557795,896573396.00,United States,,Investment Bankers/Brokers/Service,Finance,/market-activity/stocks/navi
NAVN,Navan Inc. Class A Common Stock,$26.90,-0.41,-1.501%,2411764,6841510948.00,United States,2025,Computer Software: Prepackaged Software,Technology,/market-activity/stocks/navn
NB,NioCorp Developments Ltd. Common Stock,$4.14,0.14,3.50%,2115900,602730379.00,United States,,Metal Mining,Basic Materials,/market-activity/stocks/nb
NBBK,NB Bancorp Inc. Common Stock,$22.60,0.56,2.541%,301617,990297874.00,United States,2023,Banks,Finance,/market-activity/stocks/nbbk
NBIS,Nebius Group N.V. Class A Ordinary Shares,$204.09,4.55,2.28%,10817934,55482931442.00,Netherlands,2011,Computer Software: Programming Data Processing,Technology,/market-activity/stocks/nbis
NBIX,Neurocrine Biosciences Inc. Common Stock,$157.79,1.03,0.657%,1038035,16039224270.00,United States,1996,Biotechnology: Biological Products (No Diagnostic Substances),Health Care,/market-activity/stocks/nbix
NBN,Northeast Bank Common Stock,$129.55,4.90,3.931%,85470,1053241500.00,United States,,Major Banks,Finance,/market-activity/stocks/nbn
NBP,NovaBridge Biosciences American Depositary Shares,$1.79,0.06,3.468%,183522,206533229.00,China,2020,Biotechnology: Pharmaceutical Preparations,Health Care,/market-activity/stocks/nbp
NBRG,Newbridge Acquisition Limited Class A Ordinary Share,$10.07,0.00,0.00%,544,0.00,Hong Kong,2026,Blank Checks,Finance,/market-activity/stocks/nbrg
NBRGR,Newbridge Acquisition Limited Rights,$0.23,0.0325,16.456%,8243,0.00,Hong Kong,2026,,,/market-activity/stocks/nbrgr
NBRGU,Newbridge Acquisition Limited Unit,$10.2999,0.0799,0.782%,529,0.00,Hong Kong,2026,Blank Checks,Finance,/market-activity/stocks/nbrgu
NBTB,NBT Bancorp Inc. Common Stock,$51.21,0.90,1.789%,275441,2660874724.00,United States,,Major Banks,Finance,/market-activity/stocks/nbtb
NBTX,Nanobiotix S.A. American Depositary Shares,$41.67,2.38,6.058%,185304,2117165318.00,France,2020,Biotechnology: Pharmaceutical Preparations,Health Care,/market-activity/stocks/nbtx
NCEL,NewcelX Ltd. Ordinary Shares,$3.35,0.06,1.824%,3511,19350029.00,Switzerland,2021,Biotechnology: Pharmaceutical Preparations,Health Care,/market-activity/stocks/ncel
NCEW,New Century Logistics (BVI) Limited Ordinary Shares,$18.08,0.00,0.00%,26,57856000.00,Hong Kong,2024,Integrated Freight & Logistics,Industrials,/market-activity/stocks/ncew
NCI,Neo-Concept International Group Holdings Limited Class A Ordinary Shares,$13.48,0.49,3.772%,1160607,31870521.00,Hong Kong,2024,Apparel,Consumer Discretionary,/market-activity/stocks/nci
NCMI,National CineMedia Inc. Common Stock,$2.51,-0.02,-0.791%,586563,236116812.00,United States,2007,Advertising,Consumer Discretionary,/market-activity/stocks/ncmi
NCNA,NuCana plc American Depositary Share,$1.39,0.01,0.725%,50791,5785140.00,United Kingdom,2017,Biotechnology: Pharmaceutical Preparations,Health Care,/market-activity/stocks/ncna
NCNO,nCino Inc. Common Stock,$22.96,0.66,2.96%,2149847,2427702555.00,United States,2020,Computer Software: Prepackaged Software,Technology,/market-activity/stocks/ncno
NCO,Southern Cross Acquisition I Corp. Ordinary Shares,$9.91,0.04,0.405%,100065,0.00,United States,2026,,,/market-activity/stocks/nco
NCOOU,Southern Cross Acquisition I Corp. Units,$10.05,0.0499,0.499%,4869,0.00,United States,2026,Blank Checks,Finance,/market-activity/stocks/ncoou
NCPL,Netcapital Inc. Common Stock,$1.03,0.238,30.051%,37034312,8083336.00,United States,,Finance: Consumer Services,Finance,/market-activity/stocks/ncpl
NCPLW,Netcapital Inc. Warrants,$0.036,0.0008,2.273%,27648,282524.00,United States,,Finance: Consumer Services,Finance,/market-activity/stocks/ncplw
NCRA,Nocera Inc. Common Stock,$1.93,-0.38,-16.45%,235856,4219935.00,Taiwan,,Farming/Seeds/Milling,Consumer Staples,/market-activity/stocks/ncra
NCT,Intercont (Cayman) Limited Class A Ordinary shares,$4.90,-0.32,-6.13%,15397215,125657256.00,China,2025,Restaurants,Consumer Discretionary,/market-activity/stocks/nct
NCTY,The9 Limited American Depository Shares,$4.88,0.06,1.245%,215109,74533055.00,China,2004,Finance: Consumer Services,Finance,/market-activity/stocks/ncty
NDAQ,Nasdaq Inc. Common Stock,$95.72,-1.82,-1.866%,4658838,53505314048.00,United States,,Investment Bankers/Brokers/Service,Finance,/market-activity/stocks/ndaq
NDLS,Noodles & Company Class A Common Stock,$14.04,0.26,1.887%,36214,83771906.00,United States,2013,Restaurants,Consumer Discretionary,/market-activity/stocks/ndls
NDRA,ENDRA Life Sciences Inc. Common Stock,$6.46,1.19,22.581%,136002,9688953.00,United States,2017,Biotechnology: Electromedical & Electrotherapeutic Apparatus,Health Care,/market-activity/stocks/ndra
NDSN,Nordson Corporation Common Stock,$316.63,2.23,0.709%,322456,17636090257.00,United States,,Industrial Machinery/Components,Industrials,/market-activity/stocks/ndsn
NECB,NorthEast Community Bancorp Inc. Common Stock,$26.74,0.54,2.061%,47422,368104418.00,United States,2021,Banks,Finance,/market-activity/stocks/necb
NEGG,Newegg Commerce Inc. Common Shares,$17.00,1.15,7.256%,88805,356548191.00,China,2010,Other Specialty Stores,Consumer Discretionary,/market-activity/stocks/negg
NEO,NeoGenomics Inc. Common Stock,$17.40,-0.05,-0.287%,1794551,2235472656.00,United States,,Precision Instruments,Health Care,/market-activity/stocks/neo
NEOG,Neogen Corporation Common Stock,$11.81,0.17,1.46%,2179817,2575831919.00,United States,1989,Biotechnology: In Vitro & In Vivo Diagnostic Substances,Health Care,/market-activity/stocks/neog
NEON,Neonode Inc. Common Stock,$0.8621,-0.0021,-0.243%,39238,14468557.00,Sweden,,Industrial Machinery/Components,Technology,/market-activity/stocks/neon
NEOV,NeoVolta Inc. Common Stock,$3.78,0.13,3.562%,1553468,222503074.00,United States,,Industrial Machinery/Components,Miscellaneous,/market-activity/stocks/neov
NEOVW,NeoVolta Inc. Warrant,$1.40,0.20,16.667%,107,82408546.00,United States,,Industrial Machinery/Components,Miscellaneous,/market-activity/stocks/neovw
NEPH,Nephros Inc. Common Stock,$4.215,0.115,2.805%,15389,45775406.00,United States,,Medical/Dental Instruments,Health Care,/market-activity/stocks/neph
NERV,Minerva Neurosciences Inc Common Stock,$4.48,0.00,0.00%,82829,213909064.00,United States,2014,Biotechnology: Pharmaceutical Preparations,Health Care,/market-activity/stocks/nerv
NESR,National Energy Services Reunited Corp Ordinary Shares,$34.74,0.02,0.058%,1087854,3503589934.00,United States,,Oilfield Services/Equipment,Energy,/market-activity/stocks/nesr
NEUP,Neuphoria Therapeutics Inc. Common Stock,$3.75,-0.04,-1.055%,17950,20267066.00,United States,2021,Biotechnology: Pharmaceutical Preparations,Health Care,/market-activity/stocks/neup
NEWT,NewtekOne Inc. Common Stock,$12.08,0.42,3.602%,227576,348927550.00,United States,,Major Banks,Finance,/market-activity/stocks/newt
NEWTG,NewtekOne Inc. 8.50% Fixed Rate Senior Notes due 2029,$25.225,0.025,0.099%,3010,663968717.00,United States,,Major Banks,Finance,/market-activity/stocks/newtg
NEWTH,NewtekOne Inc. 8.625% Fixed Rate Senior Notes due 2029,$25.2001,-0.0799,-0.316%,9729,0.00,United States,,Major Banks,Finance,/market-activity/stocks/newth
NEWTI,NewtekOne Inc. 8.00% Fixed Rate Senior Notes due 2028,$25.215,0.015,0.06%,304,663705498.00,United States,,Major Banks,Finance,/market-activity/stocks/newti
NEWTO,NewtekOne Inc. 8.50% Fixed Rate Senior Notes due 2031,$25.995,0.00,0.00%,2,0.00,United States,,Major Banks,Finance,/market-activity/stocks/newto
NEWTP,NewtekOne Inc. Depositary Shares Non-Cumulative Perpetual Preferred Stock Series B,$25.0001,-0.0099,-0.04%,8464,722121163.00,United States,,Major Banks,Finance,/market-activity/stocks/newtp
NEXM,NexMetals Mining Corp. Common Shares,$2.28,-0.095,-4.00%,26418,81277814.00,Canada,,Metal Mining,Basic Materials,/market-activity/stocks/nexm
NEXN,Nexxen International Ltd. Ordinary Shares,$9.85,0.25,2.604%,598031,548849673.00,Israel,2021,Computer Software: Programming Data Processing,Technology,/market-activity/stocks/nexn
NEXR,Nexera Technologies Ltd Ordinary Shares,$1.85,0.02,1.093%,267367,1031308.00,Israel,2022,Other Specialty Stores,Consumer Discretionary,/market-activity/stocks/nexr
NEXRW,Nexera Technologies Ltd Warrant,$0.0126,-0.0002,-1.563%,1810,7024.00,Israel,2022,Other Specialty Stores,Consumer Discretionary,/market-activity/stocks/nexrw
NEXT,NextDecade Corporation Common Stock,$7.44,-0.18,-2.362%,2057807,1980419622.00,United States,2015,Oil & Gas Production,Utilities,/market-activity/stocks/next
NFE,New Fortress Energy Inc. Class A Common Stock,$0.2761,-0.0111,-3.865%,1396892,78863727.00,United States,2019,Oil/Gas Transmission,Utilities,/market-activity/stocks/nfe
NFLX,Netflix Inc. Common Stock,$82.73,1.92,2.376%,22078146,344482729395.00,United States,2002,Consumer Electronics/Video Chains,Consumer Discretionary,/market-activity/stocks/nflx
NGEN,NervGen Pharma Corp. Common stock,$2.33,0.01,0.431%,383501,247941435.00,Canada,,Biotechnology: Pharmaceutical Preparations,Health Care,/market-activity/stocks/ngen
NGNE,Neurogene Inc. Common Stock ,$38.36,0.49,1.294%,252978,767636614.00,Canada,2014,Biotechnology: Pharmaceutical Preparations,Health Care,/market-activity/stocks/ngne
NHIC,NewHold Investment Corp III Class A Ordinary Shares,$10.62,0.01,0.094%,75365,0.00,United States,2025,,,/market-activity/stocks/nhic
NHICU,NewHold Investment Corp III Units,$11.37,0.3699,3.363%,9178,0.00,United States,2025,Blank Checks,Finance,/market-activity/stocks/nhicu
NHICW,NewHold Investment Corp III Warrants,$1.60,-0.10,-5.882%,75000,0.00,United States,2025,,,/market-activity/stocks/nhicw
NHIV,NewHold Investment Corp IV Class A Ordinary Shares,$10.12,0.00,0.00%,69,0.00,United States,2026,Blank Checks,Finance,/market-activity/stocks/nhiv
NHIVU,NewHold Investment Corp IV Units,$10.32,0.00,0.00%,10,0.00,United States,2026,Blank Checks,Finance,/market-activity/stocks/nhivu
NHP,National Healthcare Properties Inc. Class A Common Stock,$16.14,0.11,0.686%,455212,1176684699.00,United States,,Real Estate Investment Trusts,Real Estate,/market-activity/stocks/nhp
NHPAP,National Healthcare Properties Inc. 7.375% Series A Cumulative Redeemable Perpetual Preferred Stock,$25.24,0.0085,0.034%,13273,1840119070.00,United States,,Real Estate Investment Trusts,Real Estate,/market-activity/stocks/nhpap
NHPBP,National Healthcare Properties Inc. 7.125% Series B Cumulative Redeemable Perpetual Preferred Stock,$25.30,0.01,0.04%,144963,1844493363.00,United States,,Real Estate Investment Trusts,Real Estate,/market-activity/stocks/nhpbp
NHTC,Natural Health Trends Corp. Common Stock,$1.60,-0.01,-0.621%,40505,13724557.00,United States,,Consumer Specialties,Consumer Discretionary,/market-activity/stocks/nhtc
NICE,NICE Ltd American Depositary Shares,$106.86,0.27,0.253%,349522,6347866559.00,Israel,,Computer Software: Prepackaged Software,Technology,/market-activity/stocks/nice
NICM,Nicola Mining Inc. American Depositary Shares,$6.60,-0.03,-0.452%,515,126239137.00,Canada,,Metal Mining,Basic Materials,/market-activity/stocks/nicm
NIKI,Niki BioSolutions Inc. Common Stock,$6.61,-0.0101,-0.153%,31278,19424311.00,Hong Kong,2018,Industrial Machinery/Components,Industrials,/market-activity/stocks/niki
NIOBW,NioCorp Developments Ltd. Warrant,$1.15,-0.175,-13.208%,2867,167425105.00,United States,,Metal Mining,Basic Materials,/market-activity/stocks/niobw
NIPG,NIP Group Inc. American Depositary Shares,$15.50,-0.01,-0.064%,8745,132084583.00,Sweden,2024,Services-Misc. Amusement & Recreation,Consumer Discretionary,/market-activity/stocks/nipg
NIU,Niu Technologies American Depositary Shares,$1.96,-0.02,-1.01%,87900,153734732.00,China,2018,Auto Manufacturing,Industrials,/market-activity/stocks/niu
NIVF,NewGenIvf Group Limited Class A Ordinary Shares,$1.21,-0.12,-9.023%,160487,2583671.00,Singapore,,Misc Health and Biotechnology Services,Health Care,/market-activity/stocks/nivf
NIVFW,NewGenIvf Group Limited Warrants,$0.019,0.00,0.00%,30,40570.00,Singapore,,Misc Health and Biotechnology Services,Health Care,/market-activity/stocks/nivfw
NIXX,Nixxy Inc. Common Stock,$0.6078,0.0047,0.779%,208452,17570792.00,United States,,EDP Services,Technology,/market-activity/stocks/nixx
NKLR,Terra Innovatum Global N.V. Ordinary shares,$5.18,0.155,3.085%,195829,572394703.00,Italy,,Metal Fabrications,Industrials,/market-activity/stocks/nklr
NKSH,National Bankshares Inc. Common Stock,$41.47,1.265,3.146%,32962,264189611.00,United States,,Major Banks,Finance,/market-activity/stocks/nksh
NKTR,Nektar Therapeutics  Common Stock,$72.74,0.99,1.38%,354056,2483561384.00,United States,,Biotechnology: Pharmaceutical Preparations,Health Care,/market-activity/stocks/nktr
NKTX,Nkarta Inc. Common Stock,$2.765,0.065,2.407%,489645,198042547.00,United States,2020,Biotechnology: Pharmaceutical Preparations,Health Care,/market-activity/stocks/nktx
NMAD,Nomad Power Solutions Inc. Common Stock,$3.71,-0.39,-9.512%,387159,59734962.00,United States,,Biotechnology: Pharmaceutical Preparations,Health Care,/market-activity/stocks/nmad
NMFC,New Mountain Finance Corporation Common Stock,$7.45,-0.03,-0.401%,361251,703670306.00,United States,,Finance/Investors Services,Finance,/market-activity/stocks/nmfc
NMFCZ,New Mountain Finance Corporation 8.250% Notes due 2028,$25.2001,-0.0249,-0.099%,4414,2680306853.00,United States,,,,/market-activity/stocks/nmfcz
NMIH,NMI Holdings Inc. Common Stock,$44.57,0.30,0.678%,543479,3352459619.00,United States,2013,Property-Casualty Insurers,Finance,/market-activity/stocks/nmih
NMP,NMP Acquisition Corp. Class A Ordinary Shares,$10.34,0.00,0.00%,46,0.00,United States,2025,Blank Checks,Finance,/market-activity/stocks/nmp
NMRA,Neumora Therapeutics Inc. Common Stock,$1.38,0.05,3.759%,532246,259296359.00,United States,2023,Biotechnology: Biological Products (No Diagnostic Substances),Health Care,/market-activity/stocks/nmra
NMRK,Newmark Group Inc. Class A Common Stock,$14.50,-0.52,-3.462%,2026433,2627815092.00,United States,2017,Real Estate,Finance,/market-activity/stocks/nmrk
NMTC,NeuroOne Medical Technologies Corporation Common Stock,$1.67,0.06,3.727%,203871,15206624.00,United States,,Medical/Dental Instruments,Health Care,/market-activity/stocks/nmtc
NN,NextNav Inc. Common Stock,$15.35,0.13,0.854%,1621030,2591232119.00,United States,,Industrial Machinery/Components,Industrials,/market-activity/stocks/nn
NNBR,NN Inc. Common Stock,$3.40,0.07,2.102%,1089944,280774938.00,United States,1994,Industrial Machinery/Components,Industrials,/market-activity/stocks/nnbr
NNDM,Nano Dimension Ltd. American Depositary Shares,$1.58,0.02,1.282%,1384606,333125637.00,Israel,,Electrical Products,Technology,/market-activity/stocks/nndm
NNE,Nano Nuclear Energy Inc. Common Stock,$17.59,0.12,0.687%,1357551,944550388.00,United States,2024,Electric Utilities: Central,Utilities,/market-activity/stocks/nne
NNNN,Anbio Biotechnology Class A Ordinary Shares,$6.85,-0.37,-5.125%,228329,985654720.00,Germany,2025,Biotechnology: In Vitro & In Vivo Diagnostic Substances,Health Care,/market-activity/stocks/nnnn
NNOX,NANO-X IMAGING LTD Ordinary Shares,$0.7638,-0.0221,-2.812%,554757,60026002.00,Israel,2020,Medical Electronics,Health Care,/market-activity/stocks/nnox
NODK,NI Holdings Inc. Common Stock,$15.34,0.33,2.199%,27772,313008451.00,United States,2017,Property-Casualty Insurers,Finance,/market-activity/stocks/nodk
NOEM,CO2 Energy Transition Corp. Common Stock,$10.69,0.00,0.00%,29,0.00,United States,2025,,,/market-activity/stocks/noem
NOEMR,CO2 Energy Transition Corp. Right,$0.20,0.00,0.00%,22,0.00,United States,2025,,,/market-activity/stocks/noemr
NOEMU,CO2 Energy Transition Corp. Unit,$12.16,0.04,0.33%,400,0.00,United States,2024,,,/market-activity/stocks/noemu
NOEMW,CO2 Energy Transition Corp. Warrant,$0.1649,0.0289,21.25%,163,0.00,United States,2025,,,/market-activity/stocks/noemw
NOMA,NOMADAR Corp. Class A Common Stock,$2.02,-0.04,-1.942%,6265,30872729.00,United States,,Services-Misc. Amusement & Recreation,Consumer Discretionary,/market-activity/stocks/noma
NOVT,Novanta Inc. Common Stock,$144.52,0.85,0.592%,255600,5465424120.00,United States,,Industrial Machinery/Components,Miscellaneous,/market-activity/stocks/novt
NOVTU,Novanta Inc. Tangible Equity Units,$61.18,0.26,0.427%,3269,2313691169.00,United States,,Industrial Machinery/Components,Miscellaneous,/market-activity/stocks/novtu
NPAC,New Providence Acquisition Corp. III Class A Ordinary Shares,$10.48,0.01,0.096%,1933,0.00,United States,2025,Blank Checks,Finance,/market-activity/stocks/npac
NPACU,New Providence Acquisition Corp. III Units,$10.59,0.00,0.00%,2,0.00,United States,2025,Blank Checks,Finance,/market-activity/stocks/npacu
NPCE,Neuropace Inc. Common Stock,$15.19,0.45,3.053%,163729,521385722.00,United States,2021,Medical/Dental Instruments,Health Care,/market-activity/stocks/npce
NPT,Texxon Holding Limited Ordinary shares,$3.42,-0.0601,-1.727%,4619,75872700.00,China,2025,Specialty Chemicals,Consumer Discretionary,/market-activity/stocks/npt
NRC,NRC Health Common Stock,$20.01,-0.43,-2.104%,114059,442612516.00,United States,,Biotechnology: Commercial Physical & Biological Resarch,Health Care,/market-activity/stocks/nrc
NRDS,NerdWallet Inc. Class A Common Stock,$9.98,0.20,2.045%,497964,637953277.00,United States,2021,EDP Services,Technology,/market-activity/stocks/nrds
NRIM,Northrim BanCorp Inc Common Stock,$25.79,0.41,1.615%,165916,573692515.00,United States,,Savings Institutions,Finance,/market-activity/stocks/nrim
NRIX,Nurix Therapeutics Inc. Common stock,$25.82,-0.22,-0.845%,1736106,2679643055.00,United States,2020,Biotechnology: Pharmaceutical Preparations,Health Care,/market-activity/stocks/nrix
NRSN,NeuroSense Therapeutics Ltd. Ordinary Shares,$0.4108,-0.0093,-2.214%,212075,15514313.00,Israel,2021,Biotechnology: Pharmaceutical Preparations,Health Care,/market-activity/stocks/nrsn
NRSNW,NeuroSense Therapeutics Ltd. Warrant,$0.05,0.0044,9.649%,2532,1888305.00,Israel,2021,Biotechnology: Pharmaceutical Preparations,Health Care,/market-activity/stocks/nrsnw
NRXP,NRX Pharmaceuticals Inc. Common Stock,$3.46,0.02,0.581%,418354,149803354.00,United States,2017,Biotechnology: Pharmaceutical Preparations,Health Care,/market-activity/stocks/nrxp
NSAI,NorthStrive Acquisition Corp I. Class A Ordinary Shares,$9.865,0.005,0.051%,127608,0.00,United States,2026,,,/market-activity/stocks/nsai
NSAIR,NorthStrive Acquisition Corp I. Rights,$0.16,0.00,0.00%,947082,0.00,United States,2026,,,/market-activity/stocks/nsair
NSAIU,NorthStrive Acquisition Corp I. Units,$10.03,0.03,0.30%,228805,0.00,United States,2026,,,/market-activity/stocks/nsaiu
NSAIW,NorthStrive Acquisition Corp I. Warrants,$0.0499,-0.0001,-0.20%,613570,0.00,United States,2026,,,/market-activity/stocks/nsaiw
NSIT,Insight Enterprises Inc. Common Stock,$152.06,-2.01,-1.305%,231640,4462786131.00,United States,1995,Catalog/Specialty Distribution,Consumer Discretionary,/market-activity/stocks/nsit
NSLR,Neostellar Capital Corp. Common Stock,$10.14,0.24,2.424%,101872,268438471.00,United States,2011,Finance: Consumer Services,Finance,/market-activity/stocks/nslr
NSLRL,Neostellar Capital Corp. 6.00% Notes due 2026,$25.24,-0.05,-0.198%,1804,668184123.00,United States,,Finance: Consumer Services,Finance,/market-activity/stocks/nslrl
NSPR,InspireMD Inc. Common Stock,$0.8402,-0.0683,-7.518%,66120,39060157.00,Israel,,Medical/Dental Instruments,Health Care,/market-activity/stocks/nspr
NSSC,NAPCO Security Technologies Inc. Common Stock,$35.65,0.41,1.163%,390920,1275144779.00,United States,,Telecommunications Equipment,Telecommunications,/market-activity/stocks/nssc
NSTS,NSTS Bancorp Inc. Common Stock,$14.00,0.01,0.071%,22649,73543834.00,United States,2022,Savings Institutions,Finance,/market-activity/stocks/nsts
NSYS,Nortech Systems Incorporated Common Stock,$11.51,-0.04,-0.346%,12777,32846847.00,United States,,Industrial Machinery/Components,Technology,/market-activity/stocks/nsys
NTAP,NetApp Inc. Common Stock,$180.77,-2.39,-1.305%,3973537,35473268084.00,United States,1995,Electronic Components,Technology,/market-activity/stocks/ntap
NTCL,NETCLASS TECHNOLOGY INC Class A Ordinary Shares,$1.88,0.00,0.00%,21081,4002253.00,China,2024,Computer Software: Prepackaged Software,Technology,/market-activity/stocks/ntcl
NTCT,NetScout Systems Inc. Common Stock,$37.49,-0.51,-1.342%,635725,2725797127.00,United States,1999,EDP Services,Technology,/market-activity/stocks/ntct
NTES,NetEase Inc. American Depositary Shares,$119.465,-0.605,-0.504%,497481,76233974064.00,China,,Computer Software: Prepackaged Software,Technology,/market-activity/stocks/ntes
NTGR,NETGEAR Inc. Common Stock,$20.95,0.08,0.383%,268854,569400490.00,United States,2003,Telecommunications Equipment,Utilities,/market-activity/stocks/ntgr
NTHI,NeOnc Technologies Holdings Inc. Common Stock,$4.96,0.23,4.863%,151338,128644370.00,United States,,Biotechnology: Pharmaceutical Preparations,Health Care,/market-activity/stocks/nthi
NTIC,Northern Technologies International Corporation Common Stock,$7.90,-0.10,-1.25%,6205,75021868.00,United States,,Industrial Specialties,Industrials,/market-activity/stocks/ntic
NTLA,Intellia Therapeutics Inc. Common Stock,$12.76,0.075,0.591%,3245749,1788016603.00,United States,2016,Biotechnology: In Vitro & In Vivo Diagnostic Substances,Health Care,/market-activity/stocks/ntla
NTNX,Nutanix Inc. Class A Common Stock,$66.85,0.16,0.24%,2370025,18070926027.00,United States,2016,Computer Software: Prepackaged Software,Technology,/market-activity/stocks/ntnx
NTRA,Natera Inc. Common Stock,$325.165,4.405,1.373%,1033234,46870639038.00,United States,2015,Medical Specialities,Health Care,/market-activity/stocks/ntra
NTRB,Nutriband Inc. Common Stock,$4.70,0.355,8.17%,29316,57133120.00,United States,,Industrial Specialties,Health Care,/market-activity/stocks/ntrb
NTRBW,Nutriband Inc. Warrant,$0.6075,0.2575,73.571%,10695,7384760.00,United States,,Industrial Specialties,Health Care,/market-activity/stocks/ntrbw
NTRP,NextTrip Inc. Common Stock,$1.45,0.05,3.571%,31006,21874846.00,United States,,Transportation Services,Consumer Discretionary,/market-activity/stocks/ntrp
NTRS,Northern Trust Corporation Common Stock,$183.98,1.30,0.712%,909426,33660181039.00,United States,,Major Banks,Finance,/market-activity/stocks/ntrs
NTRSO,Northern Trust Corporation Depositary Shares Each Representing a 1/1000th Interest in a Share of Series E Non-Cumulative Perpetual Preferred Stock,$18.8499,0.0499,0.265%,22464,3448695763.00,United States,,Major Banks,Finance,/market-activity/stocks/ntrso
NTSK,Netskope Inc. Class A Common Stock,$13.75,-0.30,-2.135%,8693570,5553950174.00,United States,2025,Computer Software: Prepackaged Software,Technology,/market-activity/stocks/ntsk
NTWK,NetSol Technologies Inc. Common  Stock,$4.05,-0.04,-0.978%,19387,48099477.00,United States,,Computer Software: Prepackaged Software,Technology,/market-activity/stocks/ntwk
NTWO,Newbury Street II Acquisition Corp Class A Ordinary Shares,$10.89,0.01,0.092%,126070,0.00,United States,2024,,,/market-activity/stocks/ntwo
NTWOW,Newbury Street II Acquisition Corp Warrant,$1.16,-0.09,-7.20%,4841,0.00,United States,2024,,,/market-activity/stocks/ntwow
NUAI,New Era Energy & Digital Inc. Common Stock,$5.14,0.29,5.979%,5461196,547715002.00,United States,,Oil & Gas Production,Energy,/market-activity/stocks/nuai
NUAIW,New Era Energy & Digital Inc. Warrants,$2.52,0.12,5.00%,10097,268529534.00,United States,,Oil & Gas Production,Energy,/market-activity/stocks/nuaiw
NUCL,Eagle Nuclear Energy Corp. Common stock,$6.95,0.30,4.511%,392113,205579596.00,United States,,Other Metals and Minerals,Basic Materials,/market-activity/stocks/nucl
NUCLW,Eagle Nuclear Energy Corp. Warrants,$0.75,0.05,7.143%,187919,22184849.00,United States,,Other Metals and Minerals,Basic Materials,/market-activity/stocks/nuclw
NUR,Nuran Wireless Inc. Common Shares,$1.90,-0.315,-14.221%,65851,25069930.00,Canada,,,,/market-activity/stocks/nur
NUTX,Nutex Health Inc. Common Stock,$192.00,4.66,2.487%,135836,1314810816.00,United States,,Business Services,Consumer Discretionary,/market-activity/stocks/nutx
NUWE,Nuwellis Inc. Common Stock,$0.739,-0.0182,-2.404%,224844,2695328.00,United States,,Biotechnology: Electromedical & Electrotherapeutic Apparatus,Health Care,/market-activity/stocks/nuwe
NVAX,Novavax Inc. Common Stock,$10.32,0.20,1.976%,5635818,1702239892.00,United States,,Biotechnology: Biological Products (No Diagnostic Substances),Health Care,/market-activity/stocks/nvax
NVCR,NovoCure Limited Ordinary Shares,$17.83,0.45,2.589%,1324077,2076229327.00,Jersey,2015,Medical/Dental Instruments,Health Care,/market-activity/stocks/nvcr
NVCT,Nuvectis Pharma Inc. Common Stock,$23.92,0.86,3.729%,188628,780128459.00,United States,2022,Biotechnology: Pharmaceutical Preparations,Health Care,/market-activity/stocks/nvct
NVDA,NVIDIA Corporation Common Stock,$224.41,6.97,3.205%,157107144,5408281000000.00,United States,1999,Semiconductors,Technology,/market-activity/stocks/nvda
NVEC,NVE Corporation Common Stock,$98.50,0.71,0.726%,77227,476460851.00,United States,,Semiconductors,Technology,/market-activity/stocks/nvec
NVMI,Nova Ltd. Ordinary Shares,$349.60,11.96,3.542%,498636,11111327011.00,Israel,2000,Electronic Components,Technology,/market-activity/stocks/nvmi
NVNI,Nvni Group Limited Ordinary Shares,$0.9693,-0.0062,-0.636%,14253,11333185.00,Cayman Islands,,Computer Software: Prepackaged Software,Technology,/market-activity/stocks/nvni
NVNO,enVVeno Medical Corporation Common Stock,$11.30,0.32,2.914%,4791,7851534.00,United States,2018,Medical/Dental Instruments,Health Care,/market-activity/stocks/nvno
NVTS,Navitas Semiconductor Corporation Common Stock,$11.21,0.27,2.468%,7344963,2926858000.00,United States,,Semiconductors,Technology,/market-activity/stocks/nvts
NVX,NOVONIX Limited American Depository Shares,$2.875,-0.155,-5.116%,48640,61878133.00,Australia,,Industrial Machinery/Components,Miscellaneous,/market-activity/stocks/nvx
NWBI,Northwest Bancshares Inc. Common Stock,$15.43,0.29,1.915%,1245027,2259864252.00,United States,2009,Major Banks,Finance,/market-activity/stocks/nwbi
NWE,NorthWestern Energy Group Inc. Common Stock,$70.19,0.28,0.401%,479060,4317937892.00,United States,,Power Generation,Utilities,/market-activity/stocks/nwe
NWFL,Norwood Financial Corp. Common Stock,$34.61,0.64,1.884%,54949,377320781.00,United States,,Major Banks,Finance,/market-activity/stocks/nwfl
NWGL,CL Workshop Group Limited American Depositary Shares,$1.27,0.09,7.627%,1189818,36643520.00,China,2023,Forest Products,Basic Materials,/market-activity/stocks/nwgl
NWL,Newell Brands Inc. Common Stock,$5.98,0.04,0.673%,8963336,2546882000.00,United States,,Plastic Products,Industrials,/market-activity/stocks/nwl
NWPX,NWPX Infrastructure Inc. Common Stock,$109.88,0.80,0.733%,154632,1058935756.00,United States,1995,Steel/Iron Ore,Industrials,/market-activity/stocks/nwpx
NWS,News Corporation Class B Common Stock,$34.41,0.18,0.526%,1271082,18617621274.00,United States,,Newspapers/Magazines,Consumer Discretionary,/market-activity/stocks/nws
NWSA,News Corporation Class A Common Stock,$30.65,0.02,0.065%,3704626,16583263355.00,United States,,Newspapers/Magazines,Consumer Discretionary,/market-activity/stocks/nwsa
NWTG,Newton Golf Company Inc. Common Stock,$1.16,0.00,0.00%,13194,6289840.00,United States,2023,Recreational Games/Products/Toys,Consumer Discretionary,/market-activity/stocks/nwtg
NXGL,NexGel Inc Common Stock,$0.3474,-0.0106,-2.961%,152736,3386338.00,United States,2021,Medical/Dental Instruments,Health Care,/market-activity/stocks/nxgl
NXGLW,NexGel Inc Warrant,$0.0123,-0.0036,-22.642%,19860,119896.00,United States,2021,Medical/Dental Instruments,Health Care,/market-activity/stocks/nxglw
NXH,Neighborhood Intelligence Inc. Common Stock,$3.82,0.13,3.523%,3312031,0.00,United States,2026,,,/market-activity/stocks/nxh
NXL,Nexalin Technology Inc. Common Stock,$6.19,-0.61,-8.971%,27883,5133986.00,United States,2022,Biotechnology: Electromedical & Electrotherapeutic Apparatus,Health Care,/market-activity/stocks/nxl
NXPI,NXP Semiconductors N.V. Common Stock,$228.50,6.10,2.743%,2745678,57619513759.00,Netherlands,2010,Semiconductors,Technology,/market-activity/stocks/nxpi
NXPL,NextPlat Corp Common Stock,$9.26,-0.38,-3.942%,47576,25124436.00,United States,,Telecommunications Equipment,Telecommunications,/market-activity/stocks/nxpl
NXST,Nexstar Media Group Inc. Common Stock,$177.19,-0.65,-0.365%,305424,5458922854.00,United States,2003,Broadcasting,Industrials,/market-activity/stocks/nxst
NXT,Nextpower Inc. Common Stock,$82.55,-0.52,-0.626%,1734254,12525271876.00,United States,2023,Semiconductors,Technology,/market-activity/stocks/nxt
NXTC,NextCure Inc. Common Stock,$7.35,0.55,8.088%,112654,33643589.00,United States,2019,Biotechnology: Pharmaceutical Preparations,Health Care,/market-activity/stocks/nxtc
NXTS,Nexentis Technologies Inc. Common Stock,$1.72,-0.04,-2.273%,31996,2499733.00,Israel,,Agricultural Chemicals,Industrials,/market-activity/stocks/nxts
NXTT,Next Technology Holding Inc. Ordinary Shares,$5.43,0.11,2.068%,15881,7998184.00,China,,EDP Services,Technology,/market-activity/stocks/nxtt
NXXT,NextNRG Inc. Common Stock,$0.2063,-0.0137,-6.227%,1498241,34685930.00,United States,2021,Retail-Auto Dealers and Gas Stations,Consumer Discretionary,/market-activity/stocks/nxxt
NYAX,Nayax Ltd. Ordinary Shares,$53.75,0.37,0.693%,17114,2008056731.00,Israel,,Computer Software: Prepackaged Software,Technology,/market-activity/stocks/nyax
NYXH,Nyxoah SA Ordinary Shares,$1.51,0.02,1.342%,3029023,151109951.00,Belgium,2021,Medical/Dental Instruments,Health Care,/market-activity/stocks/nyxh
OABI,OmniAb Inc. Common Stock,$5.04,0.60,13.514%,5084362,732767606.00,United States,2021,Biotechnology: Commercial Physical & Biological Resarch,Health Care,/market-activity/stocks/oabi
OABIW,OmniAb Inc. Warrant,$0.3509,0.0909,34.962%,120957,51017491.00,United States,2021,Biotechnology: Commercial Physical & Biological Resarch,Health Care,/market-activity/stocks/oabiw
OACC,Oaktree Acquisition Corp. III Life Sciences Class A Ordinary Share,$10.80,0.04,0.372%,97602,0.00,United States,2024,Blank Checks,Finance,/market-activity/stocks/oacc
OACCW,Oaktree Acquisition Corp. III Life Sciences Warrant,$0.89,-0.06,-6.316%,82008,0.00,United States,2024,Blank Checks,Finance,/market-activity/stocks/oaccw
OBA,Oxley Bridge Acquisition Limited Class A Ordinary Shares,$10.31,0.00,0.00%,86,0.00,Hong Kong,2025,Blank Checks,Finance,/market-activity/stocks/oba
OBAI,Our Bond Inc. Common Stock,$0.3516,0.0063,1.825%,1272620,10539395.00,United States,,Telecommunications Equipment,Consumer Discretionary,/market-activity/stocks/obai
OBAWW,Oxley Bridge Acquisition Limited Warrants,$0.182,-0.0184,-9.182%,251,0.00,Hong Kong,2025,Blank Checks,Finance,/market-activity/stocks/obaww
OBIO,Orchestra BioMed Holdings Inc. Ordinary Shares,$4.95,0.05,1.02%,240387,297519993.00,United States,2020, Medicinal Chemicals and Botanical Products ,Health Care,/market-activity/stocks/obio
OBT,Orange County Bancorp Inc. Common Stock,$37.77,0.27,0.72%,60292,506418763.00,United States,,Major Banks,Finance,/market-activity/stocks/obt
OBX,Obsidian Therapeutics Inc. Common Stock,$17.00,-0.04,-0.235%,126351,1050138892.00,United States,,Biotechnology: Pharmaceutical Preparations,Health Care,/market-activity/stocks/obx
OCC,Optical Cable Corporation Common Stock,$13.12,-0.01,-0.076%,87164,115811447.00,United States,,Telecommunications Equipment,Industrials,/market-activity/stocks/occ
OCCI,OFS Credit Company Inc. Common Stock,$2.56,0.01,0.392%,178113,29738266.00,United States,2018,Trusts Except Educational Religious and Charitable,Finance,/market-activity/stocks/occi
OCCIM,OFS Credit Company Inc. 7.875% Series F Term Preferred Stock,$25.17,-0.03,-0.119%,5647,0.00,United States,,,,/market-activity/stocks/occim
OCCIN,OFS Credit Company Inc. 5.25% Series E Term Preferred Stock Due 2026,$24.92,-0.038,-0.152%,11710,289483429.00,United States,,Trusts Except Educational Religious and Charitable,Finance,/market-activity/stocks/occin
OCFC,OceanFirst Financial Corp. Common Stock,$19.09,0.56,3.022%,843149,1844957231.00,United States,,Major Banks,Finance,/market-activity/stocks/ocfc
OCG,Oriental Culture Holding LTD Ordinary Shares,$1.55,-0.03,-1.899%,40386,3004384.00,China,2020,Other Consumer Services,Consumer Discretionary,/market-activity/stocks/ocg
OCGN,Ocugen Inc. Common Stock,$1.32,-0.01,-0.752%,4284903,447625729.00,United States,2014,Biotechnology: Biological Products (No Diagnostic Substances),Health Care,/market-activity/stocks/ocgn
OCLTU,OceanLight Acquisition Corporation Units,$10.05,0.04,0.40%,591,0.00,United States,2026,Blank Checks,Finance,/market-activity/stocks/ocltu
OCS,Oculis Holding AG Ordinary shares,$12.02,-0.16,-1.314%,183096,696972945.00,Switzerland,,Biotechnology: Pharmaceutical Preparations,Health Care,/market-activity/stocks/ocs
OCSL,Oaktree Specialty Lending Corporation Common Stock,$13.17,0.06,0.458%,387725,1160086338.00,United States,,Finance: Consumer Services,Finance,/market-activity/stocks/ocsl
OCTV,Octave Intelligence plc Class B Ordinary Shares,$19.00,-0.50,-2.564%,2648246,5100317972.00,United States,,Computer Software: Prepackaged Software,Technology,/market-activity/stocks/octv
OCUL,Ocular Therapeutix Inc. Common Stock,$10.90,0.33,3.122%,2068819,2393812961.00,United States,2014,Biotechnology: Pharmaceutical Preparations,Health Care,/market-activity/stocks/ocul
ODD,ODDITY Tech Ltd. Class A Ordinary Shares,$14.49,0.35,2.475%,761321,820955366.00,Israel,2023,Package Goods/Cosmetics,Consumer Discretionary,/market-activity/stocks/odd
ODFL,Old Dominion Freight Line Inc. Common Stock,$187.61,0.89,0.477%,2189390,38902175853.00,United States,1991,Trucking Freight/Courier Services,Industrials,/market-activity/stocks/odfl
ODTX,Odyssey Therapeutics Inc. Common Stock,$26.62,2.12,8.653%,171413,1279317989.00,United States,2026,Biotechnology: Biological Products (No Diagnostic Substances),Health Care,/market-activity/stocks/odtx
ODYS,Odysight.ai Inc. Common Stock,$3.70,0.06,1.648%,3029,74904299.00,Israel,,EDP Services,Technology,/market-activity/stocks/odys
OESX,Orion Energy Systems Inc. Common Stock,$21.78,-0.44,-1.98%,64473,89064649.00,United States,2015,Building Products,Consumer Discretionary,/market-activity/stocks/oesx
OFAL,OFA Group Class A Ordinary Shares,$0.6444,0.0128,2.027%,543150,15332645.00,Hong Kong,2025,Military/Government/Technical,Consumer Discretionary,/market-activity/stocks/ofal
OFIX,Orthofix Medical Inc. Common Stock (DE),$9.38,-0.05,-0.53%,330422,382071863.00,Curacao,1992,Medical/Dental Instruments,Health Care,/market-activity/stocks/ofix
OFLX,Omega Flex Inc. Common Stock,$25.99,-0.15,-0.574%,45159,262351429.00,United States,,Industrial Specialties,Industrials,/market-activity/stocks/oflx
OFS,OFS Capital Corporation Common Stock,$3.97,0.11,2.85%,52213,53190370.00,United States,,Finance/Investors Services,Finance,/market-activity/stocks/ofs
OFSSO,OFS Capital Corporation 7.50% Notes due 2028,$25.20,0.00,0.00%,2,0.00,United States,,,,/market-activity/stocks/ofsso
OGGWZ,Osisko Gold Group Inc. Warrant expiring 5/27/2027,$0.0252,-0.0149,-37.157%,53695,7707113.00,Canada,,Precious Metals,Basic Materials,/market-activity/stocks/oggwz
OGI,Organigram Global Inc. Common Shares,$1.19,0.01,0.847%,298320,167797731.00,Canada,,Biotechnology: Pharmaceutical Preparations,Health Care,/market-activity/stocks/ogi
OHAC,Oceanhawk Acquisition Corp. Class A Ordinary Shares,$9.96,-0.001,-0.01%,123668,0.00,United States,2026,,,/market-activity/stocks/ohac
OHACU,Oceanhawk Acquisition Corp. Units,$10.14,0.00,0.00%,27,0.00,United States,2026,,,/market-activity/stocks/ohacu
OIM,OneIM Acquisition Corp. Class A Ordinary Shares,$10.12,0.00,0.00%,96,0.00,United States,2026,,,/market-activity/stocks/oim
OIO,OIO Group Ordinary Shares,$1.71,-0.15,-8.065%,130148,595117805.00,Singapore,,Environmental Services,Utilities,/market-activity/stocks/oio
OIOWW,OIO Group Warrants,$0.0301,0.00,0.00%,3,10475465.00,Singapore,,Environmental Services,Utilities,/market-activity/stocks/oioww
OKTA,Okta Inc. Class A Common Stock,$163.15,-3.28,-1.971%,3755257,28522034403.00,United States,2017,Computer Software: Prepackaged Software,Technology,/market-activity/stocks/okta
OKUR,OnKure Therapeutics Inc. Class A Common Stock,$3.54,-0.02,-0.562%,127423,143356934.00,United States,2021,Biotechnology: Pharmaceutical Preparations,Health Care,/market-activity/stocks/okur
OKYO,OKYO Pharma Limited Ordinary Shares,$1.62,0.11,7.285%,91529,85016834.00,Guernsey,2022,Biotechnology: Biological Products (No Diagnostic Substances),Health Care,/market-activity/stocks/okyo
OLB,The OLB Group Inc. Common Stock,$0.2712,-0.0204,-6.996%,182352,6514309.00,United States,,Business Services,Consumer Discretionary,/market-activity/stocks/olb
OLED,Universal Display Corporation Common Stock,$83.56,1.15,1.395%,564941,3840988733.00,United States,,Electrical Products,Technology,/market-activity/stocks/oled
OLLI,Ollie's Bargain Outlet Holdings Inc. Common Stock,$73.87,1.53,2.115%,4832658,4465684680.00,United States,2015,Department/Specialty Retail Stores,Consumer Discretionary,/market-activity/stocks/olli
OLMA,Olema Pharmaceuticals Inc. Common Stock,$10.83,0.27,2.557%,866451,947599084.00,United States,2020,Biotechnology: Pharmaceutical Preparations,Health Care,/market-activity/stocks/olma
OLOX,Olenox Industries Inc. Common Stock,$1.02,-0.08,-7.273%,1451412,1692534.00,United States,2017,RETAIL: Building Materials,Consumer Discretionary,/market-activity/stocks/olox
OM,Outset Medical Inc. Common Stock,$3.67,0.03,0.824%,69958,68985592.00,United States,2020,Biotechnology: Electromedical & Electrotherapeutic Apparatus,Health Care,/market-activity/stocks/om
OMAB,Grupo Aeroportuario del Centro Norte S.A.B. de C.V. ADS,$100.06,2.44,2.499%,96836,4830014071.00,Mexico,2006,Aerospace,Consumer Discretionary,/market-activity/stocks/omab
OMCL,Omnicell Inc. Common Stock ($0.001 par value),$34.71,0.20,0.58%,634620,1583292624.00,United States,2001,Computer Manufacturing,Technology,/market-activity/stocks/omcl
OMDA,Omada Health Inc. Common Stock,$23.31,0.47,2.058%,1226028,1426961347.00,United States,2025,Medical/Nursing Services,Health Care,/market-activity/stocks/omda
OMER,Omeros Corporation Common Stock,$18.86,0.11,0.587%,1350645,1365243640.00,United States,2009,Biotechnology: Pharmaceutical Preparations,Health Care,/market-activity/stocks/omer
OMEX,Odyssey Marine Exploration Inc. Common Stock,$0.848,0.0145,1.74%,212067,49770298.00,United States,,Marine Transportation,Consumer Discretionary,/market-activity/stocks/omex
OMH,Ohmyhome Limited Class A Ordinary Shares,$3.19,-0.14,-4.204%,91907,5386918.00,Singapore,2023,Real Estate,Finance,/market-activity/stocks/omh
OMSE,OMS Energy Technologies Inc. Ordinary Shares,$4.76,0.03,0.634%,45899,202055831.00,Singapore,2025,Oil and Gas Field Machinery,Consumer Discretionary,/market-activity/stocks/omse
ON,ON Semiconductor Corporation Common Stock,$72.34,-0.31,-0.427%,7141696,28163308464.00,United States,,Semiconductors,Technology,/market-activity/stocks/on
ONB,Old National Bancorp Common Stock,$25.65,0.47,1.867%,4548678,9812920500.00,United States,,Major Banks,Finance,/market-activity/stocks/onb
ONBPO,Old National Bancorp Depositary Shares Each Representing a 1/40th Interest in a Share of Series C Preferred Stock,$24.99,0.0878,0.353%,634,9560424300.00,United States,,Major Banks,Finance,/market-activity/stocks/onbpo
ONBPP,Old National Bancorp Depositary Shares Each Representing a 1/40th Interest in a Share of Series A Preferred Stock,$24.93,0.08,0.322%,3065,9537470100.00,United States,,Major Banks,Finance,/market-activity/stocks/onbpp
ONC,BeOne Medicines Ltd. American Depositary Shares,$361.78,3.125,0.871%,295204,41135065061.00,Cayman Islands,2016,Biotechnology: Pharmaceutical Preparations,Health Care,/market-activity/stocks/onc
ONCH,1RT Acquisition Corp. Class A Ordinary Share,$10.33,0.005,0.048%,22106,0.00,United States,2025,,,/market-activity/stocks/onch
ONCHU,1RT Acquisition Corp. Units,$10.4399,0.0099,0.095%,5769,0.00,United States,2025,,,/market-activity/stocks/onchu
ONCHW,1RT Acquisition Corp. Warrant,$0.40,0.00,0.00%,201,0.00,United States,2025,Blank Checks,Finance,/market-activity/stocks/onchw
ONCO,Onconetix Inc. Common Stock,$0.6743,0.0215,3.294%,98331,2953786.00,United States,2022,Biotechnology: Pharmaceutical Preparations,Health Care,/market-activity/stocks/onco
ONCY,Oncolytics Biotech Inc. Common Stock,$0.88,0.04,4.762%,1587990,112209244.00,Canada,,Biotechnology: Pharmaceutical Preparations,Health Care,/market-activity/stocks/oncy
ONDS,Ondas Inc. Common Stock,$7.61,0.57,8.097%,79859800,4348769932.00,United States,,Radio And Television Broadcasting And Communications Equipment,Technology,/market-activity/stocks/onds
ONEG,OneConstruction Group Limited Ordinary Shares,$1.025,0.005,0.49%,23940,16400000.00,Hong Kong,2024,Homebuilding,Consumer Discretionary,/market-activity/stocks/oneg
ONEW,OneWater Marine Inc. Class A Common Stock,$11.81,-0.14,-1.172%,175837,196820960.00,United States,2020,Auto & Home Supply Stores,Consumer Discretionary,/market-activity/stocks/onew
ONFO,Onfolio Holdings Inc. Common Stock,$1.26,0.00,0.00%,234483,3090417.00,United States,2022,EDP Services,Technology,/market-activity/stocks/onfo
ONFOW,Onfolio Holdings Inc. Warrant,$0.0127,-0.0023,-15.333%,57628,31149.00,United States,2022,EDP Services,Technology,/market-activity/stocks/onfow
ONMD,OneMedNet Corp Class A Common Stock,$0.568,-0.0042,-0.734%,110096,33674704.00,United Kingdom,2021,Biotechnology: Commercial Physical & Biological Resarch,Health Care,/market-activity/stocks/onmd
ONMDW,OneMedNet Corp Warrant,$0.0339,-0.001,-2.865%,6621,2009811.00,United Kingdom,2021,Biotechnology: Commercial Physical & Biological Resarch,Health Care,/market-activity/stocks/onmdw
OPAD,Offerpad Solutions Inc. Class A Common Stock,$4.33,0.23,5.61%,25458,20925803.00,United States,,Real Estate,Finance,/market-activity/stocks/opad
OPAL,OPAL Fuels Inc. Class A Common Stock,$1.99,0.06,3.109%,238346,347765596.00,United States,2021,Natural Gas Distribution,Utilities,/market-activity/stocks/opal
OPBK,OP Bancorp Common Stock,$15.17,0.18,1.201%,43590,226527770.00,United States,2018,Major Banks,Finance,/market-activity/stocks/opbk
OPCH,Option Care Health Inc. Common Stock,$23.85,0.21,0.888%,1294252,3572378046.00,United States,,Medical/Nursing Services,Health Care,/market-activity/stocks/opch
OPEN,Opendoor Technologies Inc Common Stock,$3.09,0.05,1.645%,22509603,3000671345.00,United States,,Real Estate,Finance,/market-activity/stocks/open
OPENL,Opendoor Technologies Inc  Series A Warrants each whole warrant exercisable to purchase one share of Common Stock at an exercise price of $13.00 per warrant,$0.1255,0.0055,4.583%,309915,121871927.00,United States,,Real Estate,Finance,/market-activity/stocks/openl
OPENW,Opendoor Technologies Inc  Series K Warrants each whole warrant exercisable to purchase one share of Common Stock at an exercise price of $9.00 per warrant,$0.196,-0.0037,-1.853%,75543,190333846.00,United States,,Real Estate,Finance,/market-activity/stocks/openw
OPENZ,Opendoor Technologies Inc  Series Z Warrants each whole warrant exercisable to purchase one share of Common Stock at an exercise price of $17.00 per warrant,$0.1075,-0.009,-7.725%,386104,104392288.00,United States,,Real Estate,Finance,/market-activity/stocks/openz
OPI,Office Properties Income Trust Common shares of beneficial interest,$17.66,-0.04,-0.226%,36844,387700170.00,United States,,Real Estate,Finance,/market-activity/stocks/opi
OPK,OPKO Health Inc. Common Stock,$1.69,0.17,11.184%,7144362,1261294700.00,United States,,Biotechnology: Pharmaceutical Preparations,Health Care,/market-activity/stocks/opk
OPRA,Opera Limited American Depositary Shares,$18.46,-0.31,-1.652%,442493,1659194270.00,Norway,2018,Computer Software: Prepackaged Software,Technology,/market-activity/stocks/opra
OPRT,Oportun Financial Corporation Common Stock,$7.43,0.30,4.208%,394045,341685290.00,United States,2019,Finance: Consumer Services,Finance,/market-activity/stocks/oprt
OPRX,OptimizeRx Corporation Common Stock,$8.04,0.18,2.29%,171653,151441046.00,United States,,Business Services,Consumer Discretionary,/market-activity/stocks/oprx
OPTH,Optimi Health Corp. Common Shares,$4.75,-0.24,-4.81%,76092,27197868.00,Canada,,Biotechnology: Pharmaceutical Preparations,Health Care,/market-activity/stocks/opth
OPTX,Syntec Optics Holdings Inc. Class A Common Stock,$7.53,0.25,3.434%,134687,303307481.00,United States,2022,Electronic Components,Technology,/market-activity/stocks/optx
OPTXW,Syntec Optics Holdings Inc. Warrant,$1.20,0.05,4.348%,5854,48335854.00,United States,2022,Electronic Components,Technology,/market-activity/stocks/optxw
OPXS,Optex Systems Holdings Inc. Common Stock,$10.18,-0.04,-0.391%,42067,70851507.00,United States,,Electronic Components,Technology,/market-activity/stocks/opxs
ORBS,Eightco Holdings Inc. Common Stock,$0.8376,0.0769,10.109%,11587958,359981550.00,United States,,Finance Companies,Finance,/market-activity/stocks/orbs
ORGO,Organogenesis Holdings Inc. Class A Common Stock,$1.67,0.04,2.454%,991065,214886495.00,United States,2016,Biotechnology: Pharmaceutical Preparations,Health Care,/market-activity/stocks/orgo
ORIC,Oric Pharmaceuticals Inc. Common Stock,$13.13,0.24,1.862%,1546285,1360959373.00,United States,2020,Biotechnology: Pharmaceutical Preparations,Health Care,/market-activity/stocks/oric
ORIO,Orion Digital Corp. Common Shares,$0.99,-0.02,-1.98%,30185,23543190.00,Canada,,Finance: Consumer Services,Finance,/market-activity/stocks/orio
ORIQ,Origin Investment Corp I Ordinary Shares,$10.40,0.00,0.00%,30,0.00,Singapore,2025,,,/market-activity/stocks/oriq
ORIQW,Origin Investment Corp I Warrant.,$0.1396,0.00,0.00%,2,0.00,Singapore,2025,Blank Checks,Finance,/market-activity/stocks/oriqw
ORKA,Oruka Therapeutics Inc. Common Stock,$91.63,-0.48,-0.521%,672415,6066794719.00,United States,,Biotechnology: In Vitro & In Vivo Diagnostic Substances,Health Care,/market-activity/stocks/orka
ORKT,Orangekloud Technology Inc. Class A Ordinary Shares,$1.02,-0.03,-2.857%,108928,5956565.00,Singapore,2024,Computer Software: Prepackaged Software,Technology,/market-activity/stocks/orkt
ORLY,O'Reilly Automotive Inc. Common Stock,$86.97,-0.98,-1.114%,7550144,70355320080.00,United States,1993,Auto & Home Supply Stores,Consumer Discretionary,/market-activity/stocks/orly
ORMP,Oramed Pharmaceuticals Inc. Common Stock,$5.07,0.22,4.536%,188618,210898585.00,Israel,,Biotechnology: Pharmaceutical Preparations,Health Care,/market-activity/stocks/ormp
ORRF,Orrstown Financial Services Inc. Common Stock,$42.15,0.87,2.108%,92942,829074736.00,United States,,Major Banks,Finance,/market-activity/stocks/orrf
OSBC,Old Second Bancorp Inc. Common Stock,$25.53,0.45,1.794%,517678,1298857029.00,United States,,Major Banks,Finance,/market-activity/stocks/osbc
OSIS,OSI Systems Inc. Common Stock (DE),$206.75,-1.77,-0.849%,199257,3296001884.00,United States,1997,Semiconductors,Technology,/market-activity/stocks/osis
OSPN,OneSpan Inc. Common Stock,$16.17,0.29,1.826%,326581,595899637.00,United States,,EDP Services,Technology,/market-activity/stocks/ospn
OSPR,Osprey Acquisition Corp. III Class A Ordinary Shares,$9.84,0.00,0.00%,21955,0.00,United States,2026,Blank Checks,Finance,/market-activity/stocks/ospr
OSPRU,Osprey Acquisition Corp. III Units,$9.97,-0.03,-0.30%,3396,0.00,United States,2026,Blank Checks,Finance,/market-activity/stocks/ospru
OSPRW,Osprey Acquisition Corp. III Warrants,$0.37,-0.03,-7.50%,20862,0.00,United States,2026,Blank Checks,Finance,/market-activity/stocks/osprw
OSS,One Stop Systems Inc. Common Stock,$9.84,-0.13,-1.304%,618698,245410879.00,United States,2018,Computer Manufacturing,Technology,/market-activity/stocks/oss
OSUR,OraSure Technologies Inc. Common Stock,$3.61,0.08,2.266%,345290,248976743.00,United States,,Medical/Dental Instruments,Health Care,/market-activity/stocks/osur
OSW,OneSpaWorld Holdings Limited Common Shares,$21.90,-0.34,-1.529%,1575636,2222821793.00,Bahamas,,Hotels/Resorts,Consumer Discretionary,/market-activity/stocks/osw
OTEX,Open Text Corporation Common Shares,$23.58,-0.26,-1.091%,1052919,5909213482.00,Canada,1996,EDP Services,Technology,/market-activity/stocks/otex
OTGA,OTG Acquisition Corp. I Class A Ordinary Share ,$10.22,0.00,0.00%,86,0.00,United States,2025,Blank Checks,Finance,/market-activity/stocks/otga
OTGAU,OTG Acquisition Corp. I Unit,$10.37,0.00,0.00%,2,0.00,United States,2025,Blank Checks,Finance,/market-activity/stocks/otgau
OTLK,Outlook Therapeutics Inc. Common Stock,$0.6263,0.0032,0.514%,4607336,152471203.00,United States,2016,Biotechnology: Biological Products (No Diagnostic Substances),Health Care,/market-activity/stocks/otlk
OTLY,Oatly Group AB American Depositary Shares,$14.57,-0.13,-0.884%,42035,464961599.00,Sweden,2021,Packaged Foods,Consumer Staples,/market-activity/stocks/otly
OTTR,Otter Tail Corporation Common Stock,$88.88,-0.71,-0.792%,269188,3731678350.00,United States,,Electric Utilities: Central,Utilities,/market-activity/stocks/ottr
OUST,Ouster Inc. Common Stock,$34.83,1.57,4.72%,1673316,2511672558.00,United States,,Industrial Machinery/Components,Industrials,/market-activity/stocks/oust
OVBC,Ohio Valley Banc Corp. Common Stock,$46.80,1.655,3.666%,19139,220474847.00,United States,,Major Banks,Finance,/market-activity/stocks/ovbc
OVID,Ovid Therapeutics Inc. Common Stock,$2.71,-0.05,-1.812%,1555895,529257192.00,United States,2017,Biotechnology: Pharmaceutical Preparations,Health Care,/market-activity/stocks/ovid
OVLY,Oak Valley Bancorp (CA) Common Stock,$34.34,0.51,1.508%,28988,288892393.00,United States,,Major Banks,Finance,/market-activity/stocks/ovly
OWLS,OBOOK Holdings Inc. Class A Common Shares,$5.03,0.02,0.399%,35668,190261817.00,Taiwan,,Computer Software: Prepackaged Software,Technology,/market-activity/stocks/owls
OXBR,Oxbridge Re Holdings Limited Ordinary Shares,$1.34,0.04,3.077%,46635,10905693.00,Cayman Islands,2014,Property-Casualty Insurers,Finance,/market-activity/stocks/oxbr
OXBRW,Oxbridge Re Holdings Limited Warrant expiring 3/26/2029,$0.109,0.00,0.00%,13,887105.00,Cayman Islands,2014,Property-Casualty Insurers,Finance,/market-activity/stocks/oxbrw
OXLC,Oxford Lane Capital Corp. Common Stock,$9.66,0.07,0.73%,331753,1676976000.00,United States,2011,Investment Managers,Finance,/market-activity/stocks/oxlc
OXLCG,Oxford Lane Capital Corp. 7.95% Notes due 2032,$25.105,-0.135,-0.535%,13401,0.00,United States,,Investment Managers,Finance,/market-activity/stocks/oxlcg
OXLCI,Oxford Lane Capital Corp. 8.75% Notes due 2030,$25.84,0.0001,0.00%,2883,0.00,United States,,,,/market-activity/stocks/oxlci
OXLCL,Oxford Lane Capital Corp. 6.75% Notes due 2031,$24.56,0.11,0.45%,744,4263616000.00,United States,,Finance Companies,Finance,/market-activity/stocks/oxlcl
OXLCM,Oxford Lane Capital Corp. Preferred Stock Shares 8.25% Series 2031,$25.0401,0.0001,0.00%,7643,4346961360.00,United States,,Investment Managers,Finance,/market-activity/stocks/oxlcm
OXLCN,Oxford Lane Capital Corp. 7.125% Series 2029 Term Preferred Stock,$24.675,-0.05,-0.202%,4693,4283580000.00,United States,,Investment Managers,Finance,/market-activity/stocks/oxlcn
OXLCO,Oxford Lane Capital Corp. Preferred Stock Shares 6.00% Series 2029,$23.95,-0.07,-0.291%,468,4157720000.00,United States,,Investment Managers,Finance,/market-activity/stocks/oxlco
OXLCZ,Oxford Lane Capital Corp. 5.00% Notes due 2027,$24.98,-0.0363,-0.145%,17060,4336528000.00,United States,,Finance Companies,Finance,/market-activity/stocks/oxlcz
OXSQ,Oxford Square Capital Corp. Common Stock,$1.355,0.015,1.119%,1181926,145944035.00,United States,2003,Blank Checks,Finance,/market-activity/stocks/oxsq
OXSQG,Oxford Square Capital Corp. 5.50% Notes due 2028,$24.25,0.1748,0.726%,3466,1546128105.00,United States,,Other Consumer Services,Consumer Discretionary,/market-activity/stocks/oxsqg
OXSQH,Oxford Square Capital Corp. 7.75% Notes due 2030,$25.04,0.03,0.12%,147,0.00,United States,,Blank Checks,Finance,/market-activity/stocks/oxsqh
OYSE,Oyster Enterprises II Acquisition Corp Class A Ordinary Shares,$10.39,-0.0061,-0.059%,250086,0.00,United States,2025,Blank Checks,Finance,/market-activity/stocks/oyse
OZK,Bank OZK Common Stock,$49.32,0.94,1.943%,1237866,5579874030.00,United States,,Major Banks,Finance,/market-activity/stocks/ozk
OZKAP,Bank OZK 4.625% Series A Non-Cumulative Perpetual Preferred Stock,$15.88,-0.11,-0.688%,57442,1796601776.00,United States,,Major Banks,Finance,/market-activity/stocks/ozkap
PAA,Plains All American Pipeline L.P. Common Units representing Limited Partner Interests,$25.72,-0.14,-0.541%,2870059,18147169351.00,United States,1998,Natural Gas Distribution,Energy,/market-activity/stocks/paa
PAAC,Proem Acquisition Corp I Ordinary Shares,$10.0999,0.0299,0.297%,34264,146115253.00,United States,2026,Investment Managers,Finance,/market-activity/stocks/paac
PAACW,Proem Acquisition Corp I Warrants,$0.49,0.0232,4.97%,1156,0.00,United States,2026,Investment Managers,Finance,/market-activity/stocks/paacw
PACB,Pacific Biosciences of California Inc. Common Stock,$1.32,0.04,3.125%,5938776,410296602.00,United States,2010,Biotechnology: Laboratory Analytical Instruments,Industrials,/market-activity/stocks/pacb
PACH,Pioneer Acquisition I Corp Class A Ordinary Shares,$10.33,0.02,0.194%,151242,0.00,United States,2025,,,/market-activity/stocks/pach
PACHU,Pioneer Acquisition I Corp Units,$10.38,0.00,0.00%,1,0.00,United States,2025,,,/market-activity/stocks/pachu
PAGP,Plains GP Holdings L.P. Class A Units representing Limited Partner Interests,$28.35,-0.12,-0.421%,1441723,5610581915.00,United States,,Natural Gas Distribution,Energy,/market-activity/stocks/pagp
PAHC,Phibro Animal Health Corporation Class A Common Stock,$39.92,1.67,4.366%,324278,1620815992.00,United States,2014,Biotechnology: Pharmaceutical Preparations,Health Care,/market-activity/stocks/pahc
PAL,Proficient Auto Logistics Inc. Common Stock,$4.94,-0.01,-0.202%,347700,138581440.00,United States,2024,Transportation Services,Consumer Discretionary,/market-activity/stocks/pal
PALI,Palisade Bio Inc. Common Stock,$1.99,0.03,1.531%,731456,346798410.00,United States,,Biotechnology: Biological Products (No Diagnostic Substances),Health Care,/market-activity/stocks/pali
PALO,Paloma Acquisition Corp I Class A Ordinary Shares,$9.94,-0.05,-0.501%,2068,0.00,United States,2026,Blank Checks,Finance,/market-activity/stocks/palo
PAMT,PAMT CORP Common Stock,$12.59,-0.03,-0.238%,22251,263663016.00,United States,,Trucking Freight/Courier Services,Industrials,/market-activity/stocks/pamt
PANL,Pangaea Logistics Solutions Ltd. Common Shares,$8.31,0.24,2.974%,420382,544087045.00,United States,2013,Marine Transportation,Consumer Discretionary,/market-activity/stocks/panl
PANW,Palo Alto Networks Inc. Common Stock,$328.48,-33.61,-9.282%,13214793,267711200000.00,United States,,Computer peripheral equipment,Technology,/market-activity/stocks/panw
PARA,Banzai International Inc. Class A Common Stock,$1.07,0.00,0.00%,107961,,United States,2021,Broadcasting,Industrials,/market-activity/stocks/para
PARK,Park Dental Partners Inc. Common Stock,$20.75,-0.32,-1.519%,6867,98672102.00,United States,2025,Misc Health and Biotechnology Services,Health Care,/market-activity/stocks/park
PASG,Passage Bio Inc. Common Stock,$4.61,0.17,3.829%,3440,14834104.00,United States,2020,Biotechnology: Biological Products (No Diagnostic Substances),Health Care,/market-activity/stocks/pasg
PASW,Ping An Biomedical Co. Ltd. Class A Ordinary Shares,$0.1367,0.0017,1.259%,6251526,17025985.00,Hong Kong,1999,Apparel,Consumer Discretionary,/market-activity/stocks/pasw
PATK,Patrick Industries Inc. Common Stock,$82.75,1.45,1.784%,381852,2657786346.00,United States,,Auto Parts:O.E.M.,Consumer Discretionary,/market-activity/stocks/patk
PAVM,PAVmed Inc. Common Stock,$5.35,0.36,7.214%,7006,42778161.00,United States,2016,Medical/Dental Instruments,Health Care,/market-activity/stocks/pavm
PAVS,Paranovus Entertainment Technology Ltd. Class A Ordinary Shares,$4.90,0.10,2.083%,11565,4261226.00,China,2019,EDP Services,Technology,/market-activity/stocks/pavs
PAX,Patria Investments Limited Class A Common Shares,$11.33,0.08,0.711%,1001816,1838708549.00,Cayman Islands,2021,Investment Managers,Finance,/market-activity/stocks/pax
PAYO,Payoneer Global Inc. Common Stock,$7.12,0.02,0.282%,3323988,2412617952.00,United States,,Business Services,Consumer Discretionary,/market-activity/stocks/payo
PAYP,PayPay Corporation American Depository Shares,$15.73,0.74,4.937%,594998,10651461514.00,Japan,2026,Business Services,Consumer Discretionary,/market-activity/stocks/payp
PAYS,Paysign Inc. Common Stock,$12.53,0.135,1.089%,505961,707470815.00,United States,,EDP Services,Technology,/market-activity/stocks/pays
PAYX,Paychex Inc. Common Stock,$124.00,-1.64,-1.305%,3246879,44104674640.00,United States,1983,Diversified Commercial Services,Industrials,/market-activity/stocks/payx
PBAM,Private Bancorp of America Inc. Common Stock,$89.09,0.59,0.667%,73103,507928015.00,United States,,Major Banks,Finance,/market-activity/stocks/pbam
PBFS,Pioneer Bancorp Inc. Common Stock,$18.13,0.11,0.61%,16629,450379350.00,United States,2019,Banks,Finance,/market-activity/stocks/pbfs
PBHC,Pathfinder Bancorp Inc. Common Stock (MD),$15.65,0.08,0.514%,14353,76659334.00,United States,,Major Banks,Finance,/market-activity/stocks/pbhc
PBK,PowerBank Corporation Common Stock,$0.4046,-0.0131,-3.136%,324218,18998716.00,Canada,,Power Generation,Utilities,/market-activity/stocks/pbk
PBLS,Parabilis Medicines Inc. Common Stock,$40.11,0.64,1.621%,363981,4891495923.00,United States,2026,Biotechnology: Pharmaceutical Preparations,Health Care,/market-activity/stocks/pbls
PBM,Psyence Biomedical Ltd. Common Shares,$4.37,0.00,0.00%,21409,16668613.00,Canada,,Biotechnology: Pharmaceutical Preparations,Health Care,/market-activity/stocks/pbm
PBMWW,Psyence Biomedical Ltd. Warrant,$0.0235,-0.0001,-0.424%,3406,89637.00,Canada,,Biotechnology: Pharmaceutical Preparations,Health Care,/market-activity/stocks/pbmww
PBYI,Puma Biotechnology Inc Common Stock,$9.69,0.34,3.636%,411973,500198440.00,United States,,Biotechnology: Pharmaceutical Preparations,Health Care,/market-activity/stocks/pbyi
PCAP,ProCap Acquisition Corp Class A Ordinary Shares,$10.36,0.00,0.00%,103,0.00,United States,2025,Blank Checks,Finance,/market-activity/stocks/pcap
PCAPU,ProCap Acquisition Corp Unit,$10.46,0.00,0.00%,20,0.00,United States,2025,,,/market-activity/stocks/pcapu
PCAR,PACCAR Inc. Common Stock,$122.13,-0.32,-0.261%,3206836,64284951710.00,United States,,Auto Manufacturing,Industrials,/market-activity/stocks/pcar
PCB,PCB Bancorp Common Stock,$27.78,0.57,2.095%,34652,390159044.00,United States,2018,Major Banks,Finance,/market-activity/stocks/pcb
PCLA,PicoCELA Inc. American Depositary Shares,$6.46,-0.09,-1.374%,22483,62105180.00,Japan,2025,Building Products,Consumer Discretionary,/market-activity/stocks/pcla
PCRX,Pacira BioSciences Inc. Common Stock,$26.58,0.11,0.416%,610816,1059528930.00,United States,2011,Biotechnology: Pharmaceutical Preparations,Health Care,/market-activity/stocks/pcrx
PCSA,Processa Pharmaceuticals Inc. Common Stock,$2.10,0.05,2.439%,12725,5866111.00,United States,,Biotechnology: Pharmaceutical Preparations,Health Care,/market-activity/stocks/pcsa
PCT,PureCycle Technologies Inc. Common stock,$6.33,0.04,0.636%,2112903,1271727447.00,United States,,Major Chemicals,Industrials,/market-activity/stocks/pct
PCTTU,PureCycle Technologies Inc. Unit,$11.00,0.00,0.00%,33,2209952910.00,United States,,Major Chemicals,Industrials,/market-activity/stocks/pcttu
PCTY,Paylocity Holding Corporation Common Stock,$154.60,-1.42,-0.91%,376516,8202606480.00,United States,2014,Computer Software: Prepackaged Software,Technology,/market-activity/stocks/pcty
PCVX,Vaxcyte Inc. Common Stock,$61.58,0.77,1.266%,1021340,9163429019.00,United States,2020,Biotechnology: Biological Products (No Diagnostic Substances),Health Care,/market-activity/stocks/pcvx
PCYO,Pure Cycle Corporation Common Stock,$11.15,0.04,0.36%,59379,268685676.00,United States,,Water Supply,Utilities,/market-activity/stocks/pcyo
PDC,Perpetuals.com Ltd American Depositary Shares,$2.95,-0.09,-2.961%,87452,8999182.00,Japan,2023,EDP Services,Technology,/market-activity/stocks/pdc
PDD,PDD Holdings Inc. American Depositary Shares,$82.25,-0.92,-1.106%,5072501,117074359000.00,China,2018,Business Services,Consumer Discretionary,/market-activity/stocks/pdd
PDEX,Pro-Dex Inc. Common Stock,$62.58,1.18,1.922%,33832,199802858.00,United States,,Medical/Dental Instruments,Health Care,/market-activity/stocks/pdex
PDFS,PDF Solutions Inc. Common Stock,$42.05,0.26,0.622%,370035,1775654433.00,United States,2001,Computer Software: Prepackaged Software,Technology,/market-activity/stocks/pdfs
PDLB,Ponce Financial Group Inc. Common Stock,$20.34,0.42,2.108%,147179,491981906.00,United States,2017,Savings Institutions,Finance,/market-activity/stocks/pdlb
PDSB,PDS Biotechnology Corporation Common Stock,$0.212,0.008,3.922%,765831,11865924.00,United States,2015,Biotechnology: Pharmaceutical Preparations,Health Care,/market-activity/stocks/pdsb
PDYN,Palladyne AI Corp. Common Stock,$5.45,0.02,0.368%,647406,268894880.00,United States,,Computer Software: Prepackaged Software,Technology,/market-activity/stocks/pdyn
PDYNW,Palladyne AI Corp Warrants,$0.0087,-0.0009,-9.375%,179856,429245.00,United States,,Computer Software: Prepackaged Software,Technology,/market-activity/stocks/pdynw
PEBK,Peoples Bancorp of North Carolina Inc. Common Stock,$43.88,0.68,1.574%,33732,239650181.00,United States,,Major Banks,Finance,/market-activity/stocks/pebk
PEBO,Peoples Bancorp Inc. Common Stock,$39.50,0.41,1.049%,449530,1419721443.00,United States,,Major Banks,Finance,/market-activity/stocks/pebo
PECE,Peace Acquisition Corp Ordinary Shares,$9.99,0.00,0.00%,58,0.00,United States,2026,Blank Checks,Finance,/market-activity/stocks/pece
PECER,Peace Acquisition Corp Right,$0.40,0.04,11.111%,141585,0.00,United States,2026,Blank Checks,Finance,/market-activity/stocks/pecer
PECO,Phillips Edison & Company Inc. Common Stock,$39.21,0.29,0.745%,1010847,5046327000.00,United States,2021,Real Estate Investment Trusts,Real Estate,/market-activity/stocks/peco
PEGA,Pegasystems Inc. Common Stock,$37.32,0.64,1.745%,2832438,6135592547.00,United States,1996,EDP Services,Technology,/market-activity/stocks/pega
PENG,Penguin Solutions Inc. Common Stock,$47.59,0.00,0.00%,1386233,2438640045.00,United States,2017,Semiconductors,Technology,/market-activity/stocks/peng
PENN,PENN Entertainment Inc. Common Stock,$16.89,0.49,2.988%,2342610,2264384722.00,United States,1994,Hotels/Resorts,Consumer Discretionary,/market-activity/stocks/penn
PEP,PepsiCo Inc. Common Stock,$140.52,0.73,0.522%,7057772,191794561730.00,United States,,Beverages (Production/Distribution),Consumer Staples,/market-activity/stocks/pep
PEPG,PepGen Inc. Common Stock,$3.18,0.06,1.923%,354304,220245264.00,United States,2022,Biotechnology: Pharmaceutical Preparations,Health Care,/market-activity/stocks/pepg
PERI,Perion Network Ltd. Ordinary Shares,$9.40,-0.02,-0.212%,992521,369704999.00,Israel,2006,EDP Services,Technology,/market-activity/stocks/peri
PESI,Perma-Fix Environmental Services Inc. Common Stock,$18.03,0.19,1.065%,176476,382566869.00,United States,,Environmental Services,Industrials,/market-activity/stocks/pesi
PETS,PetMed Express Inc. Common Stock,$1.865,0.035,1.913%,28828,40431175.00,United States,,Retail-Drug Stores and Proprietary Stores,Consumer Staples,/market-activity/stocks/pets
PETZ,TDH Holdings Inc. Common Shares,$1.60,0.12,8.108%,502850,16517229.00,China,2017,Real Estate,Finance,/market-activity/stocks/petz
PFAI,Pinnacle Food Group Limited Class A Common Shares,$3.04,0.00,0.00%,173,35679203.00,Canada,2025,Farming/Seeds/Milling,Consumer Staples,/market-activity/stocks/pfai
PFBC,Preferred Bank Common Stock,$104.06,2.32,2.28%,70711,1493959243.00,United States,,Major Banks,Finance,/market-activity/stocks/pfbc
PFG,Principal Financial Group Inc Common Stock,$111.31,1.95,1.783%,1136442,23831987590.00,United States,2001,Accident &Health Insurance,Finance,/market-activity/stocks/pfg
PFIS,Peoples Financial Services Corp. Common Stock,$70.43,1.74,2.533%,73283,705030148.00,United States,,Major Banks,Finance,/market-activity/stocks/pfis
PFSA,Profusa Inc. Common Stock,$2.67,-0.21,-7.292%,203356,1617077.00,United States,,Medical/Dental Instruments,Health Care,/market-activity/stocks/pfsa
PFX,PhenixFIN Corporation Common Stock,$46.315,1.115,2.467%,3338,89446909.00,United States,,Finance: Consumer Services,Finance,/market-activity/stocks/pfx
PFXNZ,PhenixFIN Corporation  5.25% Notes due 2028,$24.0549,-0.0201,-0.083%,2409,48202868.00,United States,,Finance: Consumer Services,Finance,/market-activity/stocks/pfxnz
PGAC,Pantages Capital Acquisition Corporation Class A Ordinary Shares,$10.69,0.00,0.00%,16,0.00,United States,2025,,,/market-activity/stocks/pgac
PGACU,Pantages Capital Acquisition Corporation Unit,$11.60,0.76,7.011%,12103,0.00,United States,2024,,,/market-activity/stocks/pgacu
PGC,Peapack-Gladstone Financial Corporation Common Stock,$45.44,0.85,1.906%,116960,805558139.00,United States,,Commercial Banks,Finance,/market-activity/stocks/pgc
PGEN,Precigen Inc. Common Stock,$7.01,0.15,2.187%,2638084,2509827081.00,United States,,Biotechnology: Pharmaceutical Preparations,Health Care,/market-activity/stocks/pgen
PGNY,Progyny Inc. Common Stock,$26.29,0.63,2.455%,1025257,2017147519.00,United States,2019,Misc Health and Biotechnology Services,Health Care,/market-activity/stocks/pgny
PGY,Pagaya Technologies Ltd. Class A Ordinary Shares,$22.00,1.06,5.062%,1340665,1835368546.00,United States,,Finance: Consumer Services,Finance,/market-activity/stocks/pgy
PGYWW,Pagaya Technologies Ltd. Warrants,$0.016,-0.0003,-1.84%,935,1334813.00,United States,,Finance: Consumer Services,Finance,/market-activity/stocks/pgyww
PHAR,Pharming Group N.V. ADS each representing 10 ordinary shares,$11.20,0.09,0.81%,4994,791002576.00,Netherlands,,Biotechnology: Pharmaceutical Preparations,Health Care,/market-activity/stocks/phar
PHAT,Phathom Pharmaceuticals Inc. Common Stock,$9.26,-0.13,-1.384%,932662,749142649.00,United States,2019,Biotechnology: Pharmaceutical Preparations,Health Care,/market-activity/stocks/phat
PHIO,Phio Pharmaceuticals Corp. Common Stock,$1.13,0.03,2.727%,241218,13127493.00,United States,,Biotechnology: Pharmaceutical Preparations,Health Care,/market-activity/stocks/phio
PHOE,Phoenix Asia Holdings Limited Ordinary Shares,$20.55,-0.20,-0.964%,3623,443880000.00,Hong Kong,2025,Engineering & Construction,Consumer Discretionary,/market-activity/stocks/phoe
PHOS,First Phosphate Corp. American Depositary Shares,$16.57,0.26,1.594%,12954,313412486.00,Canada,,Mining & Quarrying of Nonmetallic Minerals (No Fuels),Industrials,/market-activity/stocks/phos
PHUN,Phunware Inc. Common Stock,$2.07,0.01,0.485%,52854,42357737.00,Greece,2016,EDP Services,Technology,/market-activity/stocks/phun
PHVS,Pharvaris N.V. Ordinary Shares,$35.17,0.24,0.687%,321059,2450169152.00,Netherlands,2021,Biotechnology: Pharmaceutical Preparations,Health Care,/market-activity/stocks/phvs
PI,Impinj Inc. Common Stock,$175.05,6.86,4.079%,380264,5348549996.00,United States,2016,Industrial Machinery/Components,Technology,/market-activity/stocks/pi
PICS,PicS N.V. Class A Common Shares,$11.18,0.44,4.097%,824352,1448788731.00,Brazil,2026,Finance: Consumer Services,Finance,/market-activity/stocks/pics
PIII,P3 Health Partners Inc. Class A Common Stock,$9.41,0.52,5.849%,17821,68325841.00,United States,2021,Medical/Nursing Services,Health Care,/market-activity/stocks/piii
PIIIW,P3 Health Partners Inc. Warrant,$0.0124,-0.0002,-1.587%,491,90036.00,United States,2021,Medical/Nursing Services,Health Care,/market-activity/stocks/piiiw
PKBK,Parke Bancorp Inc. Common Stock,$34.00,0.56,1.675%,47376,399889980.00,United States,,Major Banks,Finance,/market-activity/stocks/pkbk
PKOH,Park-Ohio Holdings Corp. Common Stock,$44.69,0.50,1.131%,95453,647558547.00,United States,,Industrial Specialties,Industrials,/market-activity/stocks/pkoh
PLAB,Photronics Inc. Common Stock,$27.87,0.54,1.976%,1213468,1643318263.00,United States,1987,Semiconductors,Technology,/market-activity/stocks/plab
PLAY,Dave & Buster's Entertainment Inc. Common Stock,$9.34,0.89,10.533%,2493877,324926402.00,United States,2014,Restaurants,Consumer Discretionary,/market-activity/stocks/play
PLBC,Plumas Bancorp,$62.36,1.54,2.532%,49843,433964238.00,United States,,Finance Companies,Finance,/market-activity/stocks/plbc
PLBL,Polibeli Group Ltd Class A Ordinary Shares,$5.59,-0.015,-0.268%,139408,2048105957.00,Indonesia,,Consumer Electronics/Appliances,Consumer Discretionary,/market-activity/stocks/plbl
PLBY,Playboy Inc. Common Stock,$1.18,-0.01,-0.84%,520337,141373072.00,United States,2020,Other Specialty Stores,Consumer Discretionary,/market-activity/stocks/plby
PLCE,Children's Place Inc. (The) Common Stock,$2.63,0.12,4.781%,375090,58483486.00,United States,1997,Clothing/Shoe/Accessory Stores,Consumer Discretionary,/market-activity/stocks/plce
PLCI,Pelican Acquisition II Corporation Ordinary Shares,$9.90,0.00,0.00%,5508,0.00,United States,2026,Blank Checks,Finance,/market-activity/stocks/plci
PLCIR,Pelican Acquisition II Corporation Right,$0.15,0.00,0.00%,20,0.00,United States,2026,Blank Checks,Finance,/market-activity/stocks/plcir
PLCIU,Pelican Acquisition II Corporation Unit,$10.01,0.01,0.10%,2711,0.00,United States,2026,Blank Checks,Finance,/market-activity/stocks/plciu
PLMK,Plum Acquisition Corp. IV Class A Ordinary Shares,$10.65,-0.025,-0.234%,1213,0.00,United States,2025,,,/market-activity/stocks/plmk
PLMR,Palomar Holdings Inc. Common stock,$132.12,0.26,0.197%,162853,3477092278.00,United States,2019,Property-Casualty Insurers,Finance,/market-activity/stocks/plmr
PLPC,Preformed Line Products Company Common Stock,$390.41,1.81,0.466%,67661,1908597757.00,United States,,Water Sewer Pipeline Comm & Power Line Construction,Industrials,/market-activity/stocks/plpc
PLRX,Pliant Therapeutics Inc. Common Stock,$1.16,0.05,4.505%,740070,71829401.00,United States,2020,Biotechnology: Pharmaceutical Preparations,Health Care,/market-activity/stocks/plrx
PLRZ,Polyrizon Ltd. Ordinary Shares,$12.51,-1.85,-12.883%,133781,26070577.00,Israel,2024,Medical/Dental Instruments,Health Care,/market-activity/stocks/plrz
PLSE,Pulse Biosciences Inc Common Stock (DE),$52.68,0.59,1.133%,979987,3757274937.00,United States,2016,Medical/Dental Instruments,Health Care,/market-activity/stocks/plse
PLSM,Pulsenmore Ltd. Ordinary Shares,$2.55,-0.01,-0.391%,78167,16582252.00,Israel,,Medical/Dental Instruments,Health Care,/market-activity/stocks/plsm
PLTK,Playtika Holding Corp. Common Stock,$2.24,0.04,1.818%,1509201,854376737.00,Israel,2021,EDP Services,Technology,/market-activity/stocks/pltk
PLTR,Palantir Technologies Inc. Class A Common Stock,$169.46,-10.46,-5.814%,39874330,407051982721.00,United States,,Computer Software: Prepackaged Software,Technology,/market-activity/stocks/pltr
PLUG,Plug Power Inc. Common Stock,$2.09,0.00,0.00%,40554813,2920138131.00,United States,1999,Industrial Machinery/Components,Energy,/market-activity/stocks/plug
PLUR,Pluri Inc. Common Stock,$1.42,-0.04,-2.74%,37731,17529525.00,Israel,,Biotechnology: Biological Products (No Diagnostic Substances),Health Care,/market-activity/stocks/plur
PLUS,ePlus inc. Common Stock,$87.27,0.69,0.797%,153740,2276910779.00,United States,1996,Retail: Computer Software & Peripheral Equipment,Technology,/market-activity/stocks/plus
PLUT,Plutus Financial Group Limited Ordinary Shares,$2.55,0.00,0.00%,57,39142500.00,Hong Kong,2025,Investment Bankers/Brokers/Service,Finance,/market-activity/stocks/plut
PLXS,Plexus Corp. Common Stock,$239.29,0.72,0.302%,184546,6377580770.00,United States,,Electrical Products,Technology,/market-activity/stocks/plxs
PLYX,Polaryx Therapeutics Inc. Common Stock,$2.04,0.06,3.03%,32831,101685826.00,United States,,Biotechnology: Pharmaceutical Preparations,Health Care,/market-activity/stocks/plyx
PMA,Ming Shing Group Holdings Limited Ordinary Shares,$1.28,-0.01,-0.775%,2552,16608000.00,Hong Kong,2024,Engineering & Construction,Consumer Discretionary,/market-activity/stocks/pma
PMAX,Powell Max Limited Class A Ordinary Shares,$0.8699,-0.0552,-5.967%,55103,1706713.00,Hong Kong,2024,Other Consumer Services,Consumer Discretionary,/market-activity/stocks/pmax
PMCB,PharmaCyte  Biotech Inc. Common Stock,$0.4807,-0.0074,-1.516%,48265,5160626.00,United States,,Biotechnology: Biological Products (No Diagnostic Substances),Health Care,/market-activity/stocks/pmcb
PMEC,Primech Holdings Ltd. Ordinary Shares,$0.485,-0.019,-3.77%,16091,18632724.00,Singapore,2023,Diversified Commercial Services,Consumer Discretionary,/market-activity/stocks/pmec
PMN,ProMIS Neurosciences Inc. Common Shares (ON),$13.975,0.625,4.682%,89677,125323510.00,Canada,,Biotechnology: Pharmaceutical Preparations,Health Care,/market-activity/stocks/pmn
PMTR,Perimeter Acquisition Corp. I Class A Ordinary Shares,$10.41,-0.02,-0.192%,49758,0.00,United States,2025,Blank Checks,Finance,/market-activity/stocks/pmtr
PMTRU,Perimeter Acquisition Corp. I Unit,$11.14,0.00,0.00%,10,0.00,United States,2025,Blank Checks,Finance,/market-activity/stocks/pmtru
PMTS,CPI Card Group Inc. Common Stock,$29.00,0.66,2.329%,84836,334389401.00,United States,,Publishing,Consumer Discretionary,/market-activity/stocks/pmts
PMVP,PMV Pharmaceuticals Inc. Common Stock,$1.26,-0.03,-2.326%,704372,67357153.00,United States,2020,Biotechnology: Pharmaceutical Preparations,Health Care,/market-activity/stocks/pmvp
PN,PN Smart Energy Limited Class A Ordinary Shares,$2.42,-0.18,-6.923%,66832,35704741.00,China,2025,Retail: Computer Software & Peripheral Equipment,Technology,/market-activity/stocks/pn
PNBK,Patriot National Bancorp Inc. Common Stock,$1.07,0.01,0.943%,440760,127054154.00,United States,,Major Banks,Finance,/market-activity/stocks/pnbk
PNRG,PrimeEnergy Resources Corporation Common Stock,$216.04,-1.80,-0.826%,75776,341904904.00,United States,,Oil & Gas Production,Energy,/market-activity/stocks/pnrg
PNTG,The Pennant Group Inc. Common Stock ,$37.86,0.12,0.318%,208551,1322414742.00,United States,,Medical/Nursing Services,Health Care,/market-activity/stocks/pntg
POCI,Precision Optics Corporation Inc. Common stock,$4.45,0.21,4.953%,20112,48704667.00,United States,,Biotechnology: Electromedical & Electrotherapeutic Apparatus,Health Care,/market-activity/stocks/poci
PODC,PodcastOne Inc. Common Stock,$2.74,0.01,0.366%,33373,82892387.00,United States,,Computer Software: Programming Data Processing,Technology,/market-activity/stocks/podc
PODD,Insulet Corporation Common Stock,$148.14,-0.24,-0.162%,1114139,10274131040.00,United States,2007,Medical/Dental Instruments,Health Care,/market-activity/stocks/podd
POET,POET Technologies Inc. Common Shares,$7.29,0.19,2.676%,5655982,1261593462.00,Canada,,Semiconductors,Technology,/market-activity/stocks/poet
POLA,Polar Power Inc. Common Stock,$1.40,0.00,0.00%,76523,5896190.00,United States,2016,Industrial Machinery/Components,Miscellaneous,/market-activity/stocks/pola
POLE,Andretti Acquisition Corp. II Class A Ordinary Shares,$10.79,-0.01,-0.093%,1001713,0.00,United States,2024,,,/market-activity/stocks/pole
POLEU,Andretti Acquisition Corp. II Unit,$10.56,-0.64,-5.714%,1873,0.00,United States,2024,,,/market-activity/stocks/poleu
POLEW,Andretti Acquisition Corp. II Warrant,$0.14,0.00,0.00%,1281,0.00,United States,2024,,,/market-activity/stocks/polew
POM,POMDOCTOR LIMITED American Depositary Shares,$0.925,-0.055,-5.612%,2024,6896109.00,China,2025,Other Specialty Stores,Consumer Discretionary,/market-activity/stocks/pom
PONO,Pono Capital Four Inc. Class A Ordinary Shares,$10.01,0.00,0.00%,39,0.00,Cayman Islands,2026,Blank Checks,Finance,/market-activity/stocks/pono
PONY,Pony AI Inc. American Depositary Shares ,$7.03,0.01,0.142%,3815562,3047797118.00,China,2024,EDP Services,Technology,/market-activity/stocks/pony
POOL,Pool Corporation Common Stock,$182.99,0.23,0.126%,613412,6649993294.00,United States,1995,Industrial Specialties,Consumer Discretionary,/market-activity/stocks/pool
POWI,Power Integrations Inc. Common Stock,$50.30,0.52,1.045%,1176365,2810426889.00,United States,1997,Semiconductors,Technology,/market-activity/stocks/powi
POWL,Powell Industries Inc. Common Stock,$170.51,-1.63,-0.947%,558881,6212116488.00,United States,,Electrical Products,Energy,/market-activity/stocks/powl
POWW,Outdoor Holding Company Common Stock,$2.18,0.00,0.00%,595597,252913478.00,United States,,Ordnance And Accessories,Industrials,/market-activity/stocks/poww
POWWP,Outdoor Holding Company 8.75% Series A Cumulative Redeemable Perpetual Preferred Stock,$23.50,-0.205,-0.865%,29248,2726360890.00,United States,,Ordnance And Accessories,Industrials,/market-activity/stocks/powwp
PPBT,Purple Biotech Ltd. American Depositary Shares,$1.98,0.32,19.277%,76774311,3221197.00,Israel,2015,Biotechnology: Pharmaceutical Preparations,Health Care,/market-activity/stocks/ppbt
PPC,Pilgrim's Pride Corporation Common Stock,$31.12,0.03,0.096%,1071753,7409937267.00,United States,,Meat/Poultry/Fish,Consumer Staples,/market-activity/stocks/ppc
PPCB,Propanc Biopharma Inc. Common Stock,$1.03,-0.10,-8.85%,529895,3609239.00,Australia,,Biotechnology: Pharmaceutical Preparations,Health Care,/market-activity/stocks/ppcb
PPHC,Public Policy Holding Company Inc. Common Stock,$11.44,0.49,4.475%,104980,287541872.00,United States,2026,,,/market-activity/stocks/pphc
PPIH,Perma-Pipe International Holdings Inc. Common Stock,$27.27,0.27,1.00%,81408,221588194.00,United States,,Pollution Control Equipment,Industrials,/market-activity/stocks/ppih
PPLI,People Incorporated Common Stock,$38.91,0.38,0.986%,1057827,2897391322.00,United States,,Computer Software: Programming Data Processing,Technology,/market-activity/stocks/ppli
PPSI,Pioneer Power Solutions Inc. Common Stock,$2.89,0.03,1.049%,23433,32076879.00,United States,,Industrial Machinery/Components,Miscellaneous,/market-activity/stocks/ppsi
PPTA,Perpetua Resources Corp. Common Shares,$24.47,0.97,4.128%,943528,3061094299.00,Canada,,Precious Metals,Basic Materials,/market-activity/stocks/ppta
PRAA,PRA Group Inc. Common Stock,$18.75,0.41,2.236%,246806,705900113.00,United States,2002,Finance Companies,Finance,/market-activity/stocks/praa
PRAX,Praxis Precision Medicines Inc. Common Stock,$357.50,4.06,1.149%,289489,9981395710.00,United States,2020,Biotechnology: Pharmaceutical Preparations,Health Care,/market-activity/stocks/prax
PRCH,Porch Group Inc. Common Stock,$17.74,0.385,2.218%,1244187,2338700461.00,United States,2020,Computer Software: Prepackaged Software,Technology,/market-activity/stocks/prch
PRCT,PROCEPT BioRobotics Corporation Common Stock,$21.97,1.06,5.069%,1277854,1258302288.00,United States,2021,Medical/Dental Instruments,Health Care,/market-activity/stocks/prct
PRDO,Perdoceo Education Corporation Common Stock,$33.09,0.10,0.303%,457602,2070674750.00,United States,,Other Consumer Services,Real Estate,/market-activity/stocks/prdo
PRE,Prenetics Global Limited Class A Ordinary Share,$26.05,0.24,0.93%,336503,437102250.00,Hong Kong,,Blank Checks,Finance,/market-activity/stocks/pre
PRFX,PRF Technologies Ltd. Ordinary Shares,$0.9745,0.0233,2.45%,26500,2964263.00,Israel,2020,Biotechnology: Pharmaceutical Preparations,Health Care,/market-activity/stocks/prfx
PRGS,Progress Software Corporation Common Stock (DE),$43.33,-1.89,-4.18%,868207,1777090777.00,United States,1991,Computer Software: Prepackaged Software,Technology,/market-activity/stocks/prgs
PRHI,Presurance Holdings Inc. Common Stock,$6.45,0.44,7.321%,6672,24162293.00,United States,2015,Property-Casualty Insurers,Finance,/market-activity/stocks/prhi
PRHIZ,Presurance Holdings Inc. 9.75% Senior Unsecured Notes due 2028,$23.00,-0.25,-1.075%,219,281126263.00,United States,,Property-Casualty Insurers,Finance,/market-activity/stocks/prhiz
PRLD,Prelude Therapeutics Incorporated Common Stock,$5.43,-0.06,-1.093%,355106,433332924.00,United States,2020,Biotechnology: Pharmaceutical Preparations,Health Care,/market-activity/stocks/prld
PRME,Prime Medicine Inc. Common Stock,$3.67,0.10,2.801%,2473990,665653062.00,United States,2022,Biotechnology: Biological Products (No Diagnostic Substances),Health Care,/market-activity/stocks/prme
PROF,Profound Medical Corp. Common Stock,$6.82,0.02,0.294%,29870,249152291.00,Canada,,Medical/Dental Instruments,Health Care,/market-activity/stocks/prof
PROK,ProKidney Corp. Class A Ordinary Shares,$1.91,0.06,3.243%,641234,577436271.00,United States,2021,Biotechnology: Biological Products (No Diagnostic Substances),Health Care,/market-activity/stocks/prok
PROP,Prairie Operating Co. Common Stock,$0.457,-0.0497,-9.809%,3156270,51548691.00,United States,,Oil & Gas Production,Energy,/market-activity/stocks/prop
PROV,Provident Financial Holdings Inc. Common Stock,$18.33,0.02,0.109%,21738,114630156.00,United States,,Savings Institutions,Finance,/market-activity/stocks/prov
PRPL,Purple Innovation Inc. Common Stock,$3.83,0.10,2.681%,20028,16672407.00,United States,2015,Home Furnishings,Consumer Discretionary,/market-activity/stocks/prpl
PRPO,Precipio Inc.  Common Stock,$27.50,-0.265,-0.954%,237056,49230170.00,United States,,Biotechnology: Laboratory Analytical Instruments,Industrials,/market-activity/stocks/prpo
PRQR,ProQR Therapeutics N.V. Ordinary Shares,$2.15,0.03,1.415%,389561,303411173.00,Netherlands,2014,Biotechnology: Pharmaceutical Preparations,Health Care,/market-activity/stocks/prqr
PRSO,Peraso Inc. Common Stock,$0.5625,0.0056,1.006%,208434,8473768.00,United States,,Semiconductors,Technology,/market-activity/stocks/prso
PRTA,Prothena Corporation plc Ordinary Shares,$9.685,0.075,0.78%,341117,497198593.00,United States,,Biotechnology: Pharmaceutical Preparations,Health Care,/market-activity/stocks/prta
PRTH,Priority Technology Holdings Inc. Common Stock,$5.39,0.14,2.667%,348944,444353605.00,United States,2016,Business Services,Consumer Discretionary,/market-activity/stocks/prth
PRTS,CarParts.com Inc. Common Stock,$7.97,0.49,6.551%,53599,64281493.00,United States,2007,Auto & Home Supply Stores,Consumer Discretionary,/market-activity/stocks/prts
PRVA,Privia Health Group Inc. Common Stock,$20.72,0.08,0.388%,1200889,2646652769.00,United States,2021,Medical/Nursing Services,Health Care,/market-activity/stocks/prva
PRZO,ParaZero Technologies Ltd. Ordinary Shares,$0.8386,0.014,1.698%,558799,21743700.00,Israel,2023,Military/Government/Technical,Industrials,/market-activity/stocks/przo
PSEC,Prospect Capital Corporation Common Stock,$2.23,0.02,0.905%,3043527,1170376466.00,United States,2004,Finance: Consumer Services,Finance,/market-activity/stocks/psec
PSHG,Performance Shipping Inc. Common Shares,$1.74,0.02,1.163%,18843,21630737.00,Greece,,Marine Transportation,Consumer Discretionary,/market-activity/stocks/pshg
PSIG,PS International Group Ltd. Ordinary Shares,$1.99,0.11,5.851%,55502,30607836.00,Hong Kong,,Integrated Freight & Logistics,Industrials,/market-activity/stocks/psig
PSIX,Power Solutions International Inc. Common Stock,$35.69,0.26,0.734%,281597,823205911.00,United States,,Industrial Machinery/Components,Industrials,/market-activity/stocks/psix
PSKY,Paramount Skydance Corporation Class B Common Stock,$10.97,0.42,3.981%,11984716,12307745196.00,United States,,Broadcasting,Industrials,/market-activity/stocks/psky
PSMT,PriceSmart Inc. Common Stock,$172.07,0.02,0.012%,181874,5310170365.00,United States,,Department/Specialty Retail Stores,Consumer Discretionary,/market-activity/stocks/psmt
PSNL,Personalis Inc. Common Stock,$16.73,-0.33,-1.934%,2227240,1786761859.00,United States,2019,Medical Specialities,Health Care,/market-activity/stocks/psnl
PSNY,Polestar Automotive Holding UK PLC Class A ADS,$11.99,-0.13,-1.073%,121653,1969718747.00,Sweden,,Auto Manufacturing,Industrials,/market-activity/stocks/psny
PSNYW,Polestar Automotive Holding UK PLC Class C-1 ADS (ADW),$5.65,0.55,10.784%,1228010,928182729.00,Sweden,,Auto Manufacturing,Industrials,/market-activity/stocks/psnyw
PSQL,Pasqal Holding SA Ordinary Share,$12.19,-3.37,-21.658%,560965,2905283329.00,France,,EDP Services,Technology,/market-activity/stocks/psql
PSQLW,Pasqal Holding SA Warrant,$1.825,-0.195,-9.653%,343335,434958333.00,France,,EDP Services,Technology,/market-activity/stocks/psqlw
PTAC,Patriot Acquisition Corp. Class A Ordinary Shares,$9.94,0.00,0.00%,54,0.00,United States,2026,Blank Checks,Finance,/market-activity/stocks/ptac
PTACU,Patriot Acquisition Corp. Units,$10.07,0.00,0.00%,1,0.00,United States,2026,,,/market-activity/stocks/ptacu
PTC,PTC Inc. Common Stock,$149.13,-3.68,-2.408%,1229498,16181538703.00,United States,,Computer Software: Prepackaged Software,Technology,/market-activity/stocks/ptc
PTCT,PTC Therapeutics Inc. Common Stock,$71.79,1.23,1.743%,902620,5991650976.00,United States,2013,Biotechnology: Pharmaceutical Preparations,Health Care,/market-activity/stocks/ptct
PTEN,Patterson-UTI Energy Inc. Common Stock,$13.15,0.36,2.815%,13290703,5015211093.00,United States,1993,Oil & Gas Production,Energy,/market-activity/stocks/pten
PTGX,Protagonist Therapeutics Inc. Common Stock,$146.08,-0.41,-0.28%,561683,9452586273.00,United States,2016,Biotechnology: Pharmaceutical Preparations,Health Care,/market-activity/stocks/ptgx
PTLE,PTL LTD Class A Ordinary Shares,$7.00,-0.41,-5.533%,9252,43967854.00,Singapore,2024,Oil Refining/Marketing,Energy,/market-activity/stocks/ptle
PTLO,Portillo's Inc. Class A Common Stock,$4.50,0.09,2.041%,981267,341744508.00,United States,2021,Restaurants,Consumer Discretionary,/market-activity/stocks/ptlo
PTN,Palatin Technologies Inc. Common Stock,$12.84,1.30,11.265%,311140,22845891.00,United States,,Biotechnology: Pharmaceutical Preparations,Health Care,/market-activity/stocks/ptn
PTON,Peloton Interactive Inc. Class A Common Stock,$5.33,0.24,4.715%,8064788,2339186699.00,United States,2019,Recreational Games/Products/Toys,Consumer Discretionary,/market-activity/stocks/pton
PTOR,Praetorian Acquisition Corp. Class A Ordinary Shares,$9.985,0.00,0.00%,188,0.00,United States,2026,Blank Checks,Finance,/market-activity/stocks/ptor
PTORU,Praetorian Acquisition Corp. Units,$10.15,0.00,0.00%,2,0.00,United States,2026,,,/market-activity/stocks/ptoru
PTRN,Pattern Group Inc. Series A Common Stock,$20.40,0.37,1.847%,1023524,3618941416.00,United States,2025,Catalog/Specialty Distribution,Consumer Discretionary,/market-activity/stocks/ptrn
PUBM,PubMatic Inc. Class A Common Stock,$17.38,1.11,6.822%,1153900,791660060.00,United States,2020,Computer Software: Programming Data Processing,Technology,/market-activity/stocks/pubm
PULM,Pulmatrix Inc. Common Stock,$1.47,-0.055,-3.607%,18392,5368859.00,United States,2014,Biotechnology: Pharmaceutical Preparations,Health Care,/market-activity/stocks/pulm
PURR,Hyperliquid Strategies Inc Common Stock,$11.32,-0.035,-0.308%,18222211,2239521598.00,United States,,Finance: Consumer Services,Finance,/market-activity/stocks/purr
PUSA,Aureus Greenway Holdings Inc. Common Stock,$3.84,-0.08,-2.041%,585882,103463355.00,United States,2025,Hotels/Resorts,Consumer Discretionary,/market-activity/stocks/pusa
PVLA,Palvella Therapeutics Inc. Common Stock,$152.95,2.40,1.594%,125243,2203765851.00,United States,,Biotechnology: Pharmaceutical Preparations,Health Care,/market-activity/stocks/pvla
PWCM,PowerCompute Inc. Common Stock,$1.11,0.03,2.778%,109418,1991490.00,United States,2015,Finance: Consumer Services,Finance,/market-activity/stocks/pwcm
PWP,Perella Weinberg Partners Class A Common Stock,$16.39,-0.01,-0.061%,640428,1541287442.00,United States,2020,Finance: Consumer Services,Finance,/market-activity/stocks/pwp
PWRL,Powerlaw Corp. Common Stock,$9.92,0.01,0.101%,266225,0.00,United States,,,,/market-activity/stocks/pwrl
PXLW,Pixelworks Inc.  Common Stock,$7.09,0.21,3.052%,32355,42890196.00,United States,2000,Computer Software: Prepackaged Software,Technology,/market-activity/stocks/pxlw
PXS,Pyxis Tankers Inc. Common Stock,$6.45,0.22,3.531%,394173,66274647.00,Greece,,Marine Transportation,Consumer Discretionary,/market-activity/stocks/pxs
PYPD,PolyPid Ltd. Ordinary Shares,$5.30,-0.03,-0.563%,143800,107652360.00,Israel,2020,Medical/Dental Instruments,Health Care,/market-activity/stocks/pypd
PYPL,PayPal Holdings Inc. Common Stock,$54.67,2.27,4.332%,15056368,46768045982.00,United States,,Diversified Commercial Services,Industrials,/market-activity/stocks/pypl
PYXS,Pyxis Oncology Inc. Common Stock,$3.75,0.31,9.012%,731742,312780188.00,United States,2021,Biotechnology: Pharmaceutical Preparations,Health Care,/market-activity/stocks/pyxs
PZZA,Papa John's International Inc. Common Stock,$22.63,-0.08,-0.352%,1240265,745017777.00,United States,1993,Restaurants,Consumer Discretionary,/market-activity/stocks/pzza
QADR,QDRO Acquisition Corp. Class A Ordinary Shares,$9.99,0.01,0.10%,150066,0.00,United States,2026,Blank Checks,Finance,/market-activity/stocks/qadr
QBTS,D-Wave Quantum Inc. Common Stock,$16.49,-0.05,-0.302%,11545602,6089160672.00,United States,,EDP Services,Technology,/market-activity/stocks/qbts
QCLS,Q/C Technologies Inc. Common Stock,$1.91,-0.18,-8.612%,566245,15642591.00,United States,2014,Biotechnology: In Vitro & In Vivo Diagnostic Substances,Health Care,/market-activity/stocks/qcls
QCOM,QUALCOMM Incorporated Common Stock,$169.96,3.35,2.011%,7531041,178497757213.00,United States,1991,Radio And Television Broadcasting And Communications Equipment,Technology,/market-activity/stocks/qcom
QCRH,QCR Holdings Inc. Common Stock,$101.41,2.41,2.434%,109552,1660651016.00,United States,,Major Banks,Finance,/market-activity/stocks/qcrh
QDEL,QuidelOrtho Corporation Common Stock,$13.95,0.20,1.455%,834482,956627207.00,United States,,Biotechnology: In Vitro & In Vivo Diagnostic Substances,Health Care,/market-activity/stocks/qdel
QETA,Quetta Acquisition Corporation Common Stock,$11.74,0.00,0.00%,26,0.00,United States,2023,Blank Checks,Finance,/market-activity/stocks/qeta
QETAR,Quetta Acquisition Corporation Right,$0.4896,-0.0705,-12.587%,4625,0.00,United States,2023,Blank Checks,Finance,/market-activity/stocks/qetar
QETAU,Quetta Acquisition Corporation Unit,$11.51,0.00,0.00%,2,0.00,United States,2023,Blank Checks,Finance,/market-activity/stocks/qetau
QFIN,Qfin Holdings Inc. American Depositary Shares,$8.55,0.17,2.029%,2000064,1040978608.00,China,2018,Finance: Consumer Services,Finance,/market-activity/stocks/qfin
QH,Quhuo Limited Class A Ordinary Shares,$4.07,-0.05,-1.214%,2997,11196135.00,China,2020,Business Services,Consumer Discretionary,/market-activity/stocks/qh
QLYS,Qualys Inc. Common Stock,$170.83,-6.18,-3.491%,967568,5909864021.00,United States,2012,Computer Software: Prepackaged Software,Technology,/market-activity/stocks/qlys
QMCO,Quantum Corporation Common Stock,$22.78,-1.39,-5.751%,917454,897759823.00,United States,,Electronic Components,Technology,/market-activity/stocks/qmco
QMLS,QumulusAI Inc. Common Stock,$5.43,-0.165,-2.949%,299787,181679736.00,United States,,EDP Services,Technology,/market-activity/stocks/qmls
QNBC,QNB Corp. Common Stock,$45.20,0.20,0.444%,13823,273396223.00,United States,,Major Banks,Finance,/market-activity/stocks/qnbc
QNCX,Quince Therapeutics Inc. Common Stock,$32.15,0.04,0.125%,15503,32698575.00,United States,2019,Biotechnology: Biological Products (No Diagnostic Substances),Health Care,/market-activity/stocks/qncx
QNME,Quanome Technologies Inc. Common Stock,$0.328,-0.0022,-0.666%,110997,11292239.00,United States,2024,Integrated Freight & Logistics,Industrials,/market-activity/stocks/qnme
QNRX,Quoin Pharmaceuticals Ltd. American Depositary Shares,$6.74,0.23,3.533%,372469,13536731.00,Israel,2016,Biotechnology: Pharmaceutical Preparations,Health Care,/market-activity/stocks/qnrx
QNST,QuinStreet Inc. Common Stock,$19.21,0.27,1.426%,718833,1096629917.00,United States,2010,Business Services,Consumer Discretionary,/market-activity/stocks/qnst
QNT,Quantinuum Inc. Class A Common Stock,$48.00,0.34,0.713%,2132738,12638790816.00,United States,2026,EDP Services,Technology,/market-activity/stocks/qnt
QNTM,Quantum Biopharma Ltd. Class B Subordinate Voting Shares,$3.08,0.04,1.316%,51434,24909565.00,Canada,,Biotechnology: Pharmaceutical Preparations,Health Care,/market-activity/stocks/qntm
QQQX,Nuveen NASDAQ 100 Dynamic Overwrite Fund Shares of Beneficial Interest,$30.62,0.01,0.033%,61222,0.00,United States,,Finance Companies,Finance,/market-activity/stocks/qqqx
QRHC,Quest Resource Holding Corporation Common Stock,$1.38,0.00,0.00%,9160,29108141.00,United States,,Environmental Services,Utilities,/market-activity/stocks/qrhc
QRVO,Qorvo Inc. Common Stock,$100.63,4.23,4.388%,1262705,8877742929.00,United States,,Semiconductors,Technology,/market-activity/stocks/qrvo
QS,QuantumScape Corporation Class A Common Stock,$5.45,-0.02,-0.366%,8365828,3374168613.00,United States,,Industrial Machinery/Components,Miscellaneous,/market-activity/stocks/qs
QSEA,Quartzsea Acquisition Corporation Ordinary Shares,$10.61,0.00,0.00%,53,0.00,United States,2025,Blank Checks,Finance,/market-activity/stocks/qsea
QSEAR,Quartzsea Acquisition Corporation Rights,$0.27,0.0146,5.717%,900,0.00,United States,2025,Blank Checks,Finance,/market-activity/stocks/qsear
QSI,Quantum-Si Incorporated Class A Common Stock,$0.761,0.0037,0.489%,1619362,166570657.00,United States,2020,Industrial Machinery/Components,Industrials,/market-activity/stocks/qsi
QTEX,QTREX Quantum Ltd. Ordinary Shares,$0.8164,0.0179,2.242%,2241519,45688956.00,Israel,2021,Medical/Dental Instruments,Health Care,/market-activity/stocks/qtex
QTI,QT Imaging Holdings Inc. Common Stock,$2.77,0.00,0.00%,19425,40543171.00,United States,,Biotechnology: Electromedical & Electrotherapeutic Apparatus,Health Care,/market-activity/stocks/qti
QTRX,Quanterix Corporation Common Stock,$2.61,0.10,3.984%,459051,123434900.00,United States,2017,Biotechnology: Laboratory Analytical Instruments,Industrials,/market-activity/stocks/qtrx
QTTB,Q32 Bio Inc. Common Stock,$13.59,-0.77,-5.362%,434860,404567043.00,United States,2018,Biotechnology: Pharmaceutical Preparations,Health Care,/market-activity/stocks/qttb
QUBT,Quantum Computing Inc. Common Stock,$7.84,-0.06,-0.759%,7061271,1774559390.00,United States,,Computer Software: Prepackaged Software,Technology,/market-activity/stocks/qubt
QUCY,Quantum Cyber N.V. Ordinary Shares,$1.60,0.12,8.108%,1330922,134509107.00,Germany,2021,Biotechnology: Pharmaceutical Preparations,Health Care,/market-activity/stocks/qucy
QUIK,QuickLogic Corporation Common Stock,$10.50,-0.06,-0.568%,256228,192336281.00,United States,1999,Semiconductors,Technology,/market-activity/stocks/quik
QUMS,Quantumsphere Acquisition Corp. Ordinary Shares,$10.33,0.00,0.00%,211,0.00,United States,2025,,,/market-activity/stocks/qums
QUMSR,Quantumsphere Acquisition Corp. Rights,$0.0704,-0.0786,-52.752%,346244,0.00,United States,2025,,,/market-activity/stocks/qumsr
QURE,uniQure N.V. Ordinary Shares,$46.23,-1.63,-3.406%,2486131,3206809227.00,Netherlands,2014,Biotechnology: Pharmaceutical Preparations,Health Care,/market-activity/stocks/qure
QVCG,QVC Group Inc. Common Stock,$16.38,-0.39,-2.326%,125147,132581391.00,United States,,Catalog/Specialty Distribution,Consumer Discretionary,/market-activity/stocks/qvcg
QXL,Quantum X Labs Inc. Common Stock,$4.87,0.06,1.247%,14625,105035313.00,Israel,,Computer Software: Prepackaged Software,Technology,/market-activity/stocks/qxl
RACC,Research Alliance Corporation III Class A Ordinary Shares,$19.75,-0.75,-3.659%,24962,0.00,United States,2026,Blank Checks,Finance,/market-activity/stocks/racc
RACD,Research Alliance Corporation IV Class A Ordinary Shares,$12.70,0.00,0.00%,181,0.00,United States,2026,,,/market-activity/stocks/racd
RADX,Radiopharm Theranostics Limited American Depositary Shares,$2.16,-0.11,-4.846%,11010,31055067.00,Australia,,Biotechnology: Pharmaceutical Preparations,Health Care,/market-activity/stocks/radx
RAIL,FreightCar America Inc. Common Stock,$6.71,0.02,0.299%,137224,220029489.00,United States,2005,Railroads,Industrials,/market-activity/stocks/rail
RAIN,Rain Enhancement Technologies Holdco Inc. Class A Common Stock,$0.8602,-0.0273,-3.076%,244652,10067825.00,United States,,Industrial Machinery/Components,Technology,/market-activity/stocks/rain
RAINW,Rain Enhancement Technologies Holdco Inc. Warrants,$0.14,-0.01,-6.667%,310,1638567.00,United States,,Industrial Machinery/Components,Technology,/market-activity/stocks/rainw
RAND,Rand Capital Corporation Common Stock,$10.79,0.00,0.00%,213,32044293.00,United States,,Finance: Consumer Services,Finance,/market-activity/stocks/rand
RANG,Range Capital Acquisition Corp. Ordinary Shares,$10.76,0.00,0.00%,44,0.00,United States,2025,Blank Checks,Finance,/market-activity/stocks/rang
RANGR,Range Capital Acquisition Corp. Rights,$0.27,0.00,0.00%,100,0.00,United States,2025,Blank Checks,Finance,/market-activity/stocks/rangr
RANI,Rani Therapeutics Holdings Inc. Class A Common Stock,$0.858,-0.0065,-0.752%,426675,119601184.00,United States,2021,Biotechnology: Pharmaceutical Preparations,Health Care,/market-activity/stocks/rani
RAPP,Rapport Therapeutics Inc. Common Stock,$48.69,0.13,0.268%,294782,2336062745.00,United States,2024,Biotechnology: Pharmaceutical Preparations,Health Care,/market-activity/stocks/rapp
RARE,Ultragenyx Pharmaceutical Inc. Common Stock,$26.53,0.72,2.79%,7171029,2615562801.00,United States,2014,Biotechnology: Pharmaceutical Preparations,Health Care,/market-activity/stocks/rare
RAVE,Rave Restaurant Group Inc. Common Stock,$3.09,0.00,0.00%,7115,43913739.00,United States,,Food Distributors,Consumer Discretionary,/market-activity/stocks/rave
RAY,Raytech Holding Limited Ordinary Shares,$2.65,-0.05,-1.852%,5927,15568069.00,Hong Kong,2024,Consumer Electronics/Appliances,Consumer Discretionary,/market-activity/stocks/ray
RAYA,Erayak Power Solution Group Inc. Class A Ordinary Shares,$2.30,0.04,1.77%,6850,2425833.00,China,2022,Metal Fabrications,Consumer Discretionary,/market-activity/stocks/raya
RBB,RBB Bancorp Common Stock,$26.40,0.53,2.049%,114807,446581450.00,United States,2017,Major Banks,Finance,/market-activity/stocks/rbb
RBBN,Ribbon Communications Inc. Common Stock,$1.96,0.005,0.256%,564014,350493770.00,United States,,EDP Services,Technology,/market-activity/stocks/rbbn
RBCAA,Republic Bancorp Inc. Class A Common Stock,$96.345,1.635,1.726%,145394,1891652278.00,United States,1998,Major Banks,Finance,/market-activity/stocks/rbcaa
RBKB,Rhinebeck Bancorp Inc. Common Stock,$12.67,0.09,0.715%,97678,198107689.00,United States,2019,Banks,Finance,/market-activity/stocks/rbkb
RBNE,Robin Energy Ltd. Common Stock,$2.65,0.03,1.145%,11321,3530587.00,Cyprus,,Marine Transportation,Consumer Discretionary,/market-activity/stocks/rbne
RCAT,Red Cat Holdings Inc. Common Stock,$8.32,0.07,0.848%,5555547,1270583492.00,United States,,Computer Software: Prepackaged Software,Technology,/market-activity/stocks/rcat
RCBC,River City Bank Common stock,$52.14,0.77,1.499%,66891,740372567.00,United States,,Major Banks,Finance,/market-activity/stocks/rcbc
RCEL,Avita Medical Inc. Common Stock,$10.76,0.69,6.852%,542618,332772874.00,United States,,Medical/Dental Instruments,Health Care,/market-activity/stocks/rcel
RCKT,Rocket Pharmaceuticals Inc. Common Stock,$3.86,0.13,3.485%,1165036,423729944.00,United States,2015,Biotechnology: Pharmaceutical Preparations,Health Care,/market-activity/stocks/rckt
RCKY,Rocky Brands Inc. Common Stock,$44.34,-0.25,-0.561%,38990,332191334.00,United States,1993,Shoe Manufacturing,Consumer Discretionary,/market-activity/stocks/rcky
RCMT,RCM Technologies Inc. Common Stock,$41.53,-0.39,-0.93%,87013,295309821.00,United States,,Professional Services,Consumer Discretionary,/market-activity/stocks/rcmt
RCON,Recon Technology Ltd. Class A Ordinary Shares,$1.54,0.06,4.054%,203782,32283365.00,China,2009,Oilfield Services/Equipment,Energy,/market-activity/stocks/rcon
RCT,RedCloud Holdings plc Ordinary Shares,$0.2212,0.0033,1.514%,6011460,15125792.00,United Kingdom,2025,Computer Software: Programming Data Processing,Technology,/market-activity/stocks/rct
RDAC,Rising Dragon Acquisition Corp. Ordinary Shares,$6.57,0.12,1.86%,257869,0.00,China,2024,,,/market-activity/stocks/rdac
RDACR,Rising Dragon Acquisition Corp. Rights,$0.096,0.0156,19.403%,18795,0.00,China,2024,Blank Checks,Finance,/market-activity/stocks/rdacr
RDACU,Rising Dragon Acquisition Corp. Unit,$9.95,0.00,0.00%,6,0.00,China,2024,Blank Checks,Finance,/market-activity/stocks/rdacu
RDAG,Republic Digital Acquisition Company Class A Ordinary Shares,$10.40,0.00,0.00%,6019,0.00,United States,2025,Blank Checks,Finance,/market-activity/stocks/rdag
RDAGU,Republic Digital Acquisition Company Unit,$10.51,0.00,0.00%,2,0.00,United States,2025,Blank Checks,Finance,/market-activity/stocks/rdagu
RDAGW,Republic Digital Acquisition Company Warrants,$0.27,0.00,0.00%,10,0.00,United States,2025,Blank Checks,Finance,/market-activity/stocks/rdagw
RDCM,Radcom Ltd. Ordinary Shares,$9.97,-0.04,-0.40%,166296,166403856.00,Israel,1997,Computer peripheral equipment,Technology,/market-activity/stocks/rdcm
RDGT,Ridgetech Inc. Ordinary Shares,$0.9351,0.0013,0.139%,28225,3393983.00,China,,Retail-Drug Stores and Proprietary Stores,Consumer Staples,/market-activity/stocks/rdgt
RDHL,Redhill Biopharma Ltd. American Depositary Shares,$0.741,-0.129,-14.828%,1439487,4505962.00,Israel,,Biotechnology: Pharmaceutical Preparations,Health Care,/market-activity/stocks/rdhl
RDI,Reading International Inc Class A Common Stock,$2.16,0.10,4.854%,91189,49442674.00,United States,,Movies/Entertainment,Consumer Discretionary,/market-activity/stocks/rdi
RDIB,Reading International Inc Class B Common Stock,$14.87,-2.83,-15.989%,49534,340376188.00,United States,,Movies/Entertainment,Consumer Discretionary,/market-activity/stocks/rdib
RDNT,RadNet Inc. Common Stock,$75.70,0.18,0.238%,712927,5957382355.00,United States,,Medical Specialities,Health Care,/market-activity/stocks/rdnt
RDNW,RideNow Group Inc. Class B Common Stock,$5.73,0.17,3.058%,66019,223533534.00,United States,,EDP Services,Technology,/market-activity/stocks/rdnw
RDVT,Red Violet Inc. Common Stock ,$71.47,-4.09,-5.413%,205149,1146877303.00,United States,,Computer Software: Prepackaged Software,Technology,/market-activity/stocks/rdvt
RDWR,Radware Ltd. Ordinary Shares,$27.80,-0.13,-0.465%,167763,1176133766.00,Israel,1999,Business Services,Consumer Discretionary,/market-activity/stocks/rdwr
RDZN,Roadzen Inc. Ordinary Shares,$1.30,-0.09,-6.475%,640399,110714582.00,United States,2022,Specialty Insurers,Finance,/market-activity/stocks/rdzn
RDZNW,Roadzen Inc. Warrants,$0.0927,-0.0074,-7.393%,7076,7894801.00,United States,2022,Specialty Insurers,Finance,/market-activity/stocks/rdznw
REAL,The RealReal Inc. Common Stock,$10.10,0.09,0.899%,2072949,1228878262.00,United States,2019,Other Specialty Stores,Consumer Discretionary,/market-activity/stocks/real
REAX,Real REMAX Group Inc. Common Stock,$18.03,-0.04,-0.221%,785937,395217600.00,Canada,,Real Estate,Finance,/market-activity/stocks/reax
REBN,Reborn Coffee Inc. Common Stock,$1.27,0.01,0.794%,3870,10431088.00,United States,2022,Restaurants,Consumer Discretionary,/market-activity/stocks/rebn
RECT,Rectitude Holdings Ltd Ordinary Shares,$1.355,-0.045,-3.214%,3913,20979126.00,Singapore,2024,Industrial Machinery/Components,Consumer Discretionary,/market-activity/stocks/rect
REFI,Chicago Atlantic Real Estate Finance Inc. Common Stock,$10.88,0.09,0.834%,149061,278758068.00,United States,2021,Real Estate Investment Trusts,Real Estate,/market-activity/stocks/refi
REFR,Research Frontiers Incorporated Common Stock,$0.4022,-0.0418,-9.414%,102576,14023824.00,United States,,Multi-Sector Companies,Miscellaneous,/market-activity/stocks/refr
REG,Regency Centers Corporation Common Stock,$75.81,-0.25,-0.329%,1031665,13882368668.00,United States,1993,Real Estate Investment Trusts,Real Estate,/market-activity/stocks/reg
REGCO,Regency Centers Corporation 5.875% Series B Cumulative Redeemable Preferred Stock,$21.74,-0.01,-0.046%,4363,3981040692.00,United States,,Real Estate Investment Trusts,Real Estate,/market-activity/stocks/regco
REGCP,Regency Centers Corporation 6.25% Series A Cumulative Redeemable Preferred Stock,$23.39,0.17,0.732%,1165,4283189594.00,United States,,Real Estate Investment Trusts,Real Estate,/market-activity/stocks/regcp
REGN,Regeneron Pharmaceuticals Inc. Common Stock,$852.03,28.21,3.424%,749458,87720738426.00,United States,1991,Biotechnology: Pharmaceutical Preparations,Health Care,/market-activity/stocks/regn
REKR,Rekor Systems Inc. Common Stock,$0.5121,-0.0059,-1.139%,1933088,70483649.00,United States,,Telecommunications Equipment,Telecommunications,/market-activity/stocks/rekr
RELL,Richardson Electronics Ltd. Common Stock,$16.99,0.30,1.797%,123287,252543064.00,United States,1983,Electronic Components,Technology,/market-activity/stocks/rell
RELY,Remitly Global Inc. Common Stock,$26.82,1.11,4.317%,5313423,5677366328.00,United States,2021,Business Services,Consumer Discretionary,/market-activity/stocks/rely
RENT,Rent the Runway Inc. Class A Common Stock,$3.80,0.10,2.703%,78803,127628430.00,United States,2021,Other Specialty Stores,Consumer Discretionary,/market-activity/stocks/rent
RENX,RenX Enterprises Corp. Common Stock,$2.14,0.08,3.883%,107661,5662887.00,United States,,Environmental Services,Utilities,/market-activity/stocks/renx
REPL,Replimune Group Inc. Common Stock,$15.98,0.31,1.978%,1989726,1505629751.00,United States,2018,Biotechnology: Biological Products (No Diagnostic Substances),Health Care,/market-activity/stocks/repl
RETO,ReTo Eco-Solutions Inc. Class A Shares,$1.24,-0.02,-1.587%,38077,44451903.00,China,2017,Industrial Machinery/Components,Industrials,/market-activity/stocks/reto
REVB,Revelation Biosciences Inc. Common Stock,$1.00,0.0134,1.358%,18006,3983416.00,United States,2020,Biotechnology: Pharmaceutical Preparations,Health Care,/market-activity/stocks/revb
REYN,Reynolds Consumer Products Inc. Common Stock,$22.53,-0.15,-0.661%,1821716,4749120824.00,United States,2020,Containers/Packaging,Consumer Discretionary,/market-activity/stocks/reyn
RFAI,RF Acquisition Corp II Ordinary Shares,$43.00,1.50,3.614%,23968,0.00,Singapore,2024,,,/market-activity/stocks/rfai
RFAIR,RF Acquisition Corp II Right,$0.155,0.001,0.649%,12970,0.00,Singapore,2024,Computer Software: Prepackaged Software,Technology,/market-activity/stocks/rfair
RFAIU,RF Acquisition Corp II Unit,$47.01,0.00,0.00%,56,0.00,Singapore,2024,Computer Software: Prepackaged Software,Technology,/market-activity/stocks/rfaiu
RFAM,RF Acquisition Corp III Ordinary Shares,$9.9699,0.0149,0.15%,1332,0.00,Singapore,2026,,,/market-activity/stocks/rfam
RFIL,RF Industries Ltd. Common Stock,$10.06,0.00,0.00%,251360,109163726.00,United States,,Electrical Products,Technology,/market-activity/stocks/rfil
RGC,Regencell Bioscience Holdings Limited Ordinary Shares,$6.31,0.81,14.727%,373736,3120225009.00,Hong Kong,2021, Medicinal Chemicals and Botanical Products ,Health Care,/market-activity/stocks/rgc
RGCO,RGC Resources Inc. Common Stock,$21.67,0.10,0.464%,20462,225791779.00,United States,,Oil & Gas Production,Utilities,/market-activity/stocks/rgco
RGEN,Repligen Corporation Common Stock,$172.94,2.92,1.717%,959412,9759976296.00,United States,1986,Biotechnology: Biological Products (No Diagnostic Substances),Health Care,/market-activity/stocks/rgen
RGLD,Royal Gold Inc. Common Stock,$258.38,4.29,1.688%,604964,21891983692.00,United States,,Precious Metals,Industrials,/market-activity/stocks/rgld
RGNX,REGENXBIO Inc. Common Stock,$9.60,0.28,3.004%,866327,633726643.00,United States,2015,Biotechnology: Biological Products (No Diagnostic Substances),Health Care,/market-activity/stocks/rgnx
RGP,Resources Connection Inc. Common Stock,$4.46,0.32,7.729%,382980,153618572.00,United States,,Business Services,Consumer Discretionary,/market-activity/stocks/rgp
RGS,Regis Corporation Common Stock,$28.59,-0.20,-0.695%,13072,71440063.00,United States,1991,Other Consumer Services,Consumer Discretionary,/market-activity/stocks/rgs
RGTI,Rigetti Computing Inc. Common Stock,$14.87,-0.12,-0.801%,11959893,4963141268.00,United States,,EDP Services,Technology,/market-activity/stocks/rgti
RGTIW,Rigetti Computing Inc. Warrants,$6.21,0.06,0.976%,72176,2072703919.00,United States,,EDP Services,Technology,/market-activity/stocks/rgtiw
RIBB,Ribbon Acquisition Corp Class A Ordinary Shares,$10.85,-0.01,-0.092%,220126,0.00,Japan,2025,,,/market-activity/stocks/ribb
RIBBU,Ribbon Acquisition Corp Unit,$14.45,0.46,3.288%,2878,0.00,Japan,2025,,,/market-activity/stocks/ribbu
RICK,RCI Hospitality Holdings Inc. Common Stock,$29.44,0.41,1.412%,49031,225054080.00,United States,1995,Restaurants,Consumer Discretionary,/market-activity/stocks/rick
RIGL,Rigel Pharmaceuticals Inc. Common Stock,$49.42,1.92,4.042%,184740,923158879.00,United States,2000,Biotechnology: Pharmaceutical Preparations,Health Care,/market-activity/stocks/rigl
RILY,BRC Group Holdings Inc. Common Stock,$6.97,0.22,3.259%,403426,280192292.00,United States,,Investment Managers,Finance,/market-activity/stocks/rily
RILYG,BRC Group Holdings Inc. 5.00% Senior Notes due 2026,$24.78,0.02,0.081%,2495,755717295.00,United States,,Investment Managers,Finance,/market-activity/stocks/rilyg
RILYL,BRC Group Holdings Inc. Depositary Shares each representing 1/1000th in a share of 7.375% Series B Cumulative Perpetual Preferred Stock par value $0.0001,$13.19,0.04,0.304%,6962,530234768.00,United States,,Investment Managers,Finance,/market-activity/stocks/rilyl
RILYN,BRC Group Holdings Inc. 6.50% Senior Notes Due 2026,$25.15,0.01,0.04%,3972,767001210.00,United States,,Investment Managers,Finance,/market-activity/stocks/rilyn
RILYP,BRC Group Holdings Inc. Depositary Shares each representing a 1/1000th fractional interest in a share of Series A Cumulative Perpetual Preferred Stock,$12.878,-0.002,-0.016%,6540,517692445.00,United States,,Investment Managers,Finance,/market-activity/stocks/rilyp
RILYT,BRC Group Holdings Inc. 6.00% Senior Notes Due 2028,$21.82,-0.06,-0.274%,16446,665445980.00,United States,,Investment Managers,Finance,/market-activity/stocks/rilyt
RILYZ,BRC Group Holdings Inc. 5.25% Senior Notes due 2028,$21.0249,0.2199,1.057%,44535,641197763.00,United States,,Investment Managers,Finance,/market-activity/stocks/rilyz
RIME,Algorhythm Holdings Inc. Common Stock,$0.251,0.0086,3.548%,912909,4264524.00,United States,,EDP Services,Technology,/market-activity/stocks/rime
RIOT,Riot Platforms Inc. Common Stock ,$18.635,0.845,4.75%,13897657,6992950254.00,United States,,Finance: Consumer Services,Finance,/market-activity/stocks/riot
RITR,Reitar Logtech Holdings Limited Ordinary shares,$0.0987,0.0105,11.905%,167014789,6163198.00,Hong Kong,2024,Real Estate,Finance,/market-activity/stocks/ritr
RIVN,Rivian Automotive Inc. Class A Common Stock,$15.61,0.075,0.483%,15350457,22601104434.00,United States,2021,Auto Manufacturing,Industrials,/market-activity/stocks/rivn
RJET,Republic Airways Holdings Inc. Common Stock,$17.19,0.12,0.703%,86618,804827205.00,United States,2018,Air Freight/Delivery Services,Consumer Discretionary,/market-activity/stocks/rjet
RKDA,Arcadia Biosciences Inc. Common Stock,$0.5098,0.0061,1.211%,35596,1228216.00,United States,2015,Oil & Gas Production,Energy,/market-activity/stocks/rkda
RKLB,Rocket Lab Corporation Common Stock,$63.10,0.56,0.895%,16639634,37762809531.00,United States,2020,Military/Government/Technical,Industrials,/market-activity/stocks/rklb
RKTO,Rocket One Inc. Common Stock,$0.6914,0.0114,1.676%,147182,17214188.00,United States,2019,Biotechnology: Pharmaceutical Preparations,Health Care,/market-activity/stocks/rkto
RLAY,Relay Therapeutics Inc. Common Stock,$18.51,0.02,0.108%,2107910,4056311590.00,United States,2020,Biotechnology: Biological Products (No Diagnostic Substances),Health Care,/market-activity/stocks/rlay
RLMD,Relmada Therapeutics Inc. Common Stock,$4.54,0.08,1.794%,1416562,484281101.00,United States,,Biotechnology: Pharmaceutical Preparations,Health Care,/market-activity/stocks/rlmd
RLYB,Rallybio Corporation Common Stock,$16.94,0.25,1.498%,29844,89959853.00,United States,2021,Biotechnology: Pharmaceutical Preparations,Health Care,/market-activity/stocks/rlyb
RMBI,Richmond Mutual Bancorporation Inc. Common Stock,$15.90,0.22,1.403%,67751,266468831.00,United States,2019,Major Banks,Finance,/market-activity/stocks/rmbi
RMBS,Rambus Inc. Common Stock,$84.72,0.32,0.379%,2183018,9188867006.00,United States,1997,Semiconductors,Technology,/market-activity/stocks/rmbs
RMCF,Rocky Mountain Chocolate Factory Inc. Common Stock,$1.02,-0.04,-3.774%,34174,9628379.00,United States,,Specialty Foods,Consumer Staples,/market-activity/stocks/rmcf
RMCO,Royalty Management Holding Corporation Class A Common Stock,$2.78,-0.04,-1.418%,32247,42180128.00,United States,2023,Multi-Sector Companies,Miscellaneous,/market-activity/stocks/rmco
RMCOW,Royalty Management Holding Corporation Warrant,$0.1273,-0.0327,-20.438%,82565,1931486.00,United States,2023,Multi-Sector Companies,Miscellaneous,/market-activity/stocks/rmcow
RMIX,Suncrete Inc. Class A Common Stock,$16.16,-0.04,-0.247%,697835,1187531077.00,United States,,Building Materials,Industrials,/market-activity/stocks/rmix
RMNI,Rimini Street Inc. (DE) Common Stock,$5.15,-0.05,-0.962%,757302,480783400.00,United States,2015,Business Services,Consumer Discretionary,/market-activity/stocks/rmni
RMR,The RMR Group Inc. Class A Common Stock,$19.48,0.26,1.353%,111812,624922802.00,United States,,Professional Services,Consumer Discretionary,/market-activity/stocks/rmr
RMSG,Real Messenger Corporation Ordinary Shares,$0.3538,0.012,3.511%,92141,5720475.00,United States,,Computer Software: Programming Data Processing,Technology,/market-activity/stocks/rmsg
RMSGW,Real Messenger Corporation Warrants,$0.0388,0.0098,33.793%,16298,627344.00,United States,,Computer Software: Programming Data Processing,Technology,/market-activity/stocks/rmsgw
RMTI,Rockwell Medical Inc. Common Stock,$8.07,0.025,0.311%,15072,32525853.00,United States,1998,Biotechnology: Pharmaceutical Preparations,Health Care,/market-activity/stocks/rmti
RNA,Atrium Therapeutics Inc. Common Stock,$14.06,0.29,2.106%,111653,240505341.00,United States,,Biotechnology: Pharmaceutical Preparations,Health Care,/market-activity/stocks/rna
RNAC,Cartesian Therapeutics Inc. Common Stock,$9.08,-0.22,-2.366%,129000,274718596.00,United States,2016,Biotechnology: Pharmaceutical Preparations,Health Care,/market-activity/stocks/rnac
RNAQU,Rainier Acquisition Corporation Units,$10.18,0.00,0.00%,8060,0.00,United States,2026,,,/market-activity/stocks/rnaqu
RNAZ,TransCode Therapeutics Inc. Common Stock,$2.01,-0.05,-2.427%,22521,34030785.00,United States,2021,Biotechnology: Pharmaceutical Preparations,Health Care,/market-activity/stocks/rnaz
RNGT,Range Capital Acquisition Corp II Class A Ordinary Shares,$10.18,0.00,0.00%,79,0.00,United States,2025,Blank Checks,Finance,/market-activity/stocks/rngt
RNGTU,Range Capital Acquisition Corp II Units,$10.46,0.17,1.652%,464,0.00,United States,2025,Blank Checks,Finance,/market-activity/stocks/rngtu
RNGTW,Range Capital Acquisition Corp II Warrants,$0.34,0.02,6.25%,55202,0.00,United States,2025,Blank Checks,Finance,/market-activity/stocks/rngtw
RNTX,Rein Therapeutics Inc. Common Stock,$0.7748,0.0221,2.936%,489079,66839696.00,United States,2017,Biotechnology: Pharmaceutical Preparations,Health Care,/market-activity/stocks/rntx
RNW,ReNew Energy Global plc Class A Ordinary Shares,$6.81,0.01,0.147%,1669849,2481582305.00,United Kingdom,,Electric Utilities: Central,Utilities,/market-activity/stocks/rnw
RNXT,RenovoRx Inc. Common Stock,$2.52,0.41,19.431%,4134759,113726360.00,United States,2021,Biotechnology: Pharmaceutical Preparations,Health Care,/market-activity/stocks/rnxt
ROAD,Construction Partners Inc. Class A Common Stock,$101.13,0.57,0.567%,687502,5802288747.00,United States,2018,Military/Government/Technical,Industrials,/market-activity/stocks/road
ROC,Rank One Computing Corporation Common stock,$4.10,-0.02,-0.485%,14867,78228521.00,United States,2026,Computer Software: Prepackaged Software,Technology,/market-activity/stocks/roc
ROCK,Gibraltar Industries Inc. Common Stock,$44.24,1.38,3.22%,424407,1313215249.00,United States,1993,Steel/Iron Ore,Industrials,/market-activity/stocks/rock
ROIV,Roivant Sciences Ltd. Common Shares,$34.18,-0.34,-0.985%,6196166,24689000653.00,United Kingdom,,Biotechnology: Pharmaceutical Preparations,Health Care,/market-activity/stocks/roiv
ROKU,Roku Inc. Class A Common Stock,$157.70,2.17,1.395%,2488786,23405671411.00,United States,2017,Cable & Other Pay Television Services,Telecommunications,/market-activity/stocks/roku
ROMA,Roma Green Finance Limited Class A Ordinary Shares,$8.5582,-0.3612,-4.05%,3398,509765512.00,Hong Kong,2024,Professional Services,Consumer Discretionary,/market-activity/stocks/roma
ROOT,Root Inc. Class A Common Stock,$54.87,-0.23,-0.417%,129107,850114737.00,United States,2020,Property-Casualty Insurers,Finance,/market-activity/stocks/root
ROP,Roper Technologies Inc. Common Stock,$415.79,-2.52,-0.602%,646465,41121994400.00,United States,1992,Industrial Machinery/Components,Industrials,/market-activity/stocks/rop
ROST,Ross Stores Inc. Common Stock,$230.85,1.61,0.702%,2288432,74052311395.00,United States,1985,Clothing/Shoe/Accessory Stores,Consumer Discretionary,/market-activity/stocks/rost
RPAY,Repay Holdings Corporation Class A Common Stock,$3.83,0.32,9.117%,930264,344166278.00,United States,2018,Business Services,Consumer Discretionary,/market-activity/stocks/rpay
RPD,Rapid7 Inc. Common Stock,$11.07,-0.94,-7.827%,3042583,746125085.00,United States,2015,Computer Software: Prepackaged Software,Technology,/market-activity/stocks/rpd
RPGL,Republic Power Group Limited Class A Ordinary Shares,$1.45,-0.07,-4.605%,137176,23414439.00,Singapore,2025,Computer Software: Prepackaged Software,Technology,/market-activity/stocks/rpgl
RPID,Rapid Micro Biosystems Inc. Class A Common Stock,$1.39,-0.11,-7.333%,204981,69721783.00,United States,2021,Biotechnology: Laboratory Analytical Instruments,Industrials,/market-activity/stocks/rpid
RPRX,Royalty Pharma plc Class A Ordinary Shares ,$63.11,0.79,1.268%,3143927,36288325984.00,United States,2020,Biotechnology: Pharmaceutical Preparations,Health Care,/market-activity/stocks/rprx
RR,Richtech Robotics Inc. Class B Common Stock,$1.85,0.035,1.928%,5112802,416438595.00,United States,2023,Industrial Machinery/Components,Industrials,/market-activity/stocks/rr
RRBI,Red River Bancshares Inc. Common Stock,$102.81,2.66,2.656%,61201,676911938.00,United States,2019,Major Banks,Finance,/market-activity/stocks/rrbi
RREV,RRE Ventures Acquisition Corp. Class A Ordinary Shares,$9.91,-0.01,-0.101%,269,0.00,United States,2026,Blank Checks,Finance,/market-activity/stocks/rrev
RREVU,RRE Ventures Acquisition Corp. Units,$10.10,0.00,0.00%,2,0.00,United States,2026,Blank Checks,Finance,/market-activity/stocks/rrevu
RRGB,Red Robin Gourmet Burgers Inc. Common Stock,$8.46,0.00,0.00%,445930,159925742.00,United States,2002,Restaurants,Consumer Discretionary,/market-activity/stocks/rrgb
RRR,Red Rock Resorts Inc. Class A Common Stock,$56.84,0.74,1.319%,1129010,5969120183.00,United States,2016,Hotels/Resorts,Consumer Discretionary,/market-activity/stocks/rrr
RSSS,Research Solutions Inc Common Stock,$2.20,0.04,1.852%,65129,72392047.00,United States,,EDP Services,Technology,/market-activity/stocks/rsss
RSVR,Reservoir Media Inc. Common Stock,$9.80,0.17,1.765%,39441,646121281.00,United States,2021,Services-Misc. Amusement & Recreation,Consumer Discretionary,/market-activity/stocks/rsvr
RTAC,Renatus Tactical Acquisition Corp I Class A Ordinary Shares,$10.54,0.04,0.381%,76499,0.00,United States,2025,Blank Checks,Finance,/market-activity/stocks/rtac
RTACU,Renatus Tactical Acquisition Corp I Unit,$10.74,0.00,0.00%,56,0.00,United States,2025,Blank Checks,Finance,/market-activity/stocks/rtacu
RTACW,Renatus Tactical Acquisition Corp I Warrant,$0.71,0.05,7.576%,72102,0.00,United States,2025,Blank Checks,Finance,/market-activity/stocks/rtacw
RTB,RTB Digital Inc. Common Stock,$12.15,-0.27,-2.174%,121247,170199739.00,United States,,Professional Services,Consumer Discretionary,/market-activity/stocks/rtb
RUBI,Rubico Inc. Common Stock,$1.79,-0.01,-0.556%,73161,3206617.00,Greece,,Marine Transportation,Consumer Discretionary,/market-activity/stocks/rubi
RUM,RUM Group Inc. Class A Common Stock,$8.80,0.27,3.165%,3363214,4363129707.00,United States,2021,Computer Software: Programming Data Processing,Technology,/market-activity/stocks/rum
RUMBW,RUM Group Inc. Warrant,$2.20,0.17,8.374%,613,1090782427.00,United States,2021,Computer Software: Programming Data Processing,Technology,/market-activity/stocks/rumbw
RUN,Sunrun Inc. Common Stock,$8.96,0.59,7.049%,9725251,2157988959.00,United States,2015,Industrial Machinery/Components,Miscellaneous,/market-activity/stocks/run
RUSHA,Rush Enterprises Inc. Common Stock Cl A,$49.325,0.575,1.179%,698744,5757724859.00,United States,,Retail-Auto Dealers and Gas Stations,Consumer Discretionary,/market-activity/stocks/rusha
RUSHB,Rush Enterprises Inc. Class B,$49.26,-0.20,-0.404%,115454,5750137386.00,United States,,Retail-Auto Dealers and Gas Stations,Consumer Discretionary,/market-activity/stocks/rushb
RVMD,Revolution Medicines Inc. Common Stock,$209.23,-0.64,-0.305%,1333865,44845608738.00,United States,2020,Biotechnology: Biological Products (No Diagnostic Substances),Health Care,/market-activity/stocks/rvmd
RVMDW,Revolution Medicines Inc. Warrant,$11.62,-0.19,-1.609%,27389,2490589177.00,United States,,Biotechnology: Biological Products (No Diagnostic Substances),Health Care,/market-activity/stocks/rvmdw
RVSB,Riverview Bancorp Inc Common Stock,$5.19,0.04,0.777%,23333,103557035.00,United States,,Savings Institutions,Finance,/market-activity/stocks/rvsb
RVSN,Rail Vision Ltd. Ordinary Share,$4.89,0.20,4.264%,5210,10719790.00,Israel,2022,Railroads,Industrials,/market-activity/stocks/rvsn
RVSNW,Rail Vision Ltd. Warrant,$0.022,0.0003,1.382%,2146,48228.00,Israel,2022,Railroads,Industrials,/market-activity/stocks/rvsnw
RWAY,Runway Growth Finance Corp. Common Stock,$6.67,0.06,0.908%,345546,279539060.00,United States,2021,Finance: Consumer Services,Finance,/market-activity/stocks/rway
RWAYI,Runway Growth Finance Corp. 7.25% Notes due 2031,$24.86,0.08,0.323%,17484,0.00,United States,,Finance: Consumer Services,Finance,/market-activity/stocks/rwayi
RWAYL,Runway Growth Finance Corp. 7.50% Notes due 2027,$25.065,-0.02,-0.08%,4094,907769881.00,United States,,Finance: Consumer Services,Finance,/market-activity/stocks/rwayl
RXRX,Recursion Pharmaceuticals Inc. Class A Common Stock,$3.38,0.05,1.502%,14052798,1809456535.00,United States,2021,Biotechnology: Biological Products (No Diagnostic Substances),Health Care,/market-activity/stocks/rxrx
RXST,RxSight Inc. Common Stock,$7.03,0.04,0.572%,778877,292400590.00,United States,2021,Ophthalmic Goods,Health Care,/market-activity/stocks/rxst
RXT,Rackspace Technology Inc. Common Stock,$3.01,0.01,0.333%,6314281,767167279.00,United States,2020,Computer Software: Programming Data Processing,Technology,/market-activity/stocks/rxt
RYAAY,Ryanair Holdings plc American Depositary Shares,$54.42,0.60,1.115%,1192096,28637642797.00,Ireland,1997,Air Freight/Delivery Services,Consumer Discretionary,/market-activity/stocks/ryaay
RYET,Ruanyun Edai Technology Inc. Ordinary shares,$0.834,0.0168,2.056%,42095,31091523.00,China,2025,Computer Software: Prepackaged Software,Technology,/market-activity/stocks/ryet
RYM,RYTHM Inc. Common Stock,$24.00,1.36,6.007%,11464,52800000.00,United States,2021,Farming/Seeds/Milling,Consumer Staples,/market-activity/stocks/rym
RYOJ,rYojbaba Co. Ltd. Common Shares,$5.38,-0.12,-2.182%,28235,62139000.00,Japan,2025,Professional Services,Consumer Discretionary,/market-activity/stocks/ryoj
RYTM,Rhythm Pharmaceuticals Inc. Common Stock,$105.42,0.68,0.649%,455636,7258386484.00,United States,2017,Biotechnology: Pharmaceutical Preparations,Health Care,/market-activity/stocks/rytm
RZLT,Rezolute Inc. Common Stock (NV),$4.56,0.06,1.333%,857326,439093029.00,United States,,Biotechnology: Pharmaceutical Preparations,Health Care,/market-activity/stocks/rzlt
RZLV,Rezolve AI PLC Ordinary Shares,$2.33,-0.06,-2.51%,14923150,932912815.00,United Kingdom,,Computer Software: Programming Data Processing,Technology,/market-activity/stocks/rzlv
RZLVW,Rezolve AI PLC Warrants,$0.652,-0.023,-3.407%,21042,261055431.00,United Kingdom,,Computer Software: Programming Data Processing,Technology,/market-activity/stocks/rzlvw
SAAQ,Space Asset Acquisition Corp. Class A Ordinary Shares,$10.11,0.00,0.00%,551,0.00,United States,2026,Blank Checks,Finance,/market-activity/stocks/saaq
SAAQU,Space Asset Acquisition Corp. Units,$10.38,-0.02,-0.192%,103,0.00,United States,2026,Blank Checks,Finance,/market-activity/stocks/saaqu
SAAQW,Space Asset Acquisition Corp. Warrants,$0.75,-0.05,-6.25%,6500,0.00,United States,2026,Blank Checks,Finance,/market-activity/stocks/saaqw
SABR,Sabre Corporation Common Stock,$2.09,0.08,3.98%,3144030,843488917.00,United States,2014,Computer Software: Programming Data Processing,Technology,/market-activity/stocks/sabr
SABS,SAB Biotherapeutics Inc. Common Stock,$3.75,0.05,1.351%,300432,341198880.00,United States,2021,Biotechnology: Biological Products (No Diagnostic Substances),Health Care,/market-activity/stocks/sabs
SABSW,SAB Biotherapeutics Inc. Warrant,$0.0235,-0.0002,-0.844%,1182,2138180.00,United States,2021,Biotechnology: Biological Products (No Diagnostic Substances),Health Care,/market-activity/stocks/sabsw
SAFT,Safety Insurance Group Inc. Common Stock,$103.12,-0.04,-0.039%,140840,1513851304.00,United States,2002,Property-Casualty Insurers,Finance,/market-activity/stocks/saft
SAFX,XCF Global Inc. Class A Common Stock,$0.3771,-0.003,-0.789%,1497388,155243357.00,United States,,Major Chemicals,Industrials,/market-activity/stocks/safx
SAGT,SAGTEC GLOBAL LIMITED Class A Ordinary shares,$0.6328,-0.0095,-1.479%,46638,12054840.00,Malaysia,2025,Computer Software: Prepackaged Software,Technology,/market-activity/stocks/sagt
SAIA,Saia Inc. Common Stock,$332.04,0.42,0.127%,256261,8857050786.00,United States,,Trucking Freight/Courier Services,Industrials,/market-activity/stocks/saia
SAIC,Science Applications International Corporation Common Stock,$127.18,0.40,0.316%,556422,5328541219.00,United States,,EDP Services,Technology,/market-activity/stocks/saic
SAIH,SAIHEAT Limited Class A Ordinary Shares,$25.40,2.45,10.675%,70744,45983144.00,Singapore,2021,EDP Services,Technology,/market-activity/stocks/saih
SAIHW,SAIHEAT Limited Warrant,$0.0299,0.0044,17.255%,4506,54130.00,Singapore,2021,EDP Services,Technology,/market-activity/stocks/saihw
SAIL,SailPoint Inc. Common Stock,$18.31,-0.92,-4.784%,3269263,10385120675.00,United States,2025,Computer Software: Prepackaged Software,Technology,/market-activity/stocks/sail
SAMG,Silvercrest Asset Management Group Inc. Class A Common Stock,$9.98,-0.19,-1.868%,57966,118240715.00,United States,2013,Investment Managers,Finance,/market-activity/stocks/samg
SANA,Sana Biotechnology Inc. Common Stock,$3.89,0.06,1.567%,2140976,1164512878.00,United States,2021,Biotechnology: Biological Products (No Diagnostic Substances),Health Care,/market-activity/stocks/sana
SANG,Sangoma Technologies Corporation Common Shares,$3.87,-0.03,-0.769%,15526,128788917.00,Canada,,Computer Software: Programming Data Processing,Technology,/market-activity/stocks/sang
SANM,Sanmina Corporation Common Stock,$187.67,0.37,0.198%,504800,10058615801.00,United States,1993,Electrical Products,Technology,/market-activity/stocks/sanm
SATA,Strive Inc. Variable Rate Series A Perpetual Preferred Stock,$100.00,0.1016,0.102%,317248,8968342300.00,United States,,Computer Software: Prepackaged Software,Technology,/market-activity/stocks/sata
SATL,Satellogic Inc. Class A Common Stock,$4.73,0.13,2.826%,3273662,727189779.00,Uruguay,,Radio And Television Broadcasting And Communications Equipment,Technology,/market-activity/stocks/satl
SATLW,Satellogic Inc. Warrant,$0.521,0.001,0.192%,27640,80098494.00,Uruguay,,Radio And Television Broadcasting And Communications Equipment,Technology,/market-activity/stocks/satlw
SBAC,SBA Communications Corporation Class A Common Stock,$186.42,-2.39,-1.266%,805736,19776945466.00,United States,1999,Real Estate Investment Trusts,Real Estate,/market-activity/stocks/sbac
SBC,SBC Medical Group Holdings Incorporated Common Stock,$4.23,0.05,1.196%,200355,435042569.00,United States,2022,Medical/Nursing Services,Health Care,/market-activity/stocks/sbc
SBCF,Seacoast Banking Corporation of Florida Common Stock,$34.14,1.10,3.329%,896690,3305530358.00,United States,,Major Banks,Finance,/market-activity/stocks/sbcf
SBCWW,SBC Medical Group Holdings Incorporated Warrants,$0.315,0.015,5.00%,4436,32396787.00,United States,2022,Medical/Nursing Services,Health Care,/market-activity/stocks/sbcww
SBET,Sharplink Inc. Common Stock,$8.10,-0.05,-0.613%,6191260,1759511192.00,United States,,Computer Software: Prepackaged Software,Technology,/market-activity/stocks/sbet
SBFG,SB Financial Group Inc. Common Stock,$28.19,0.40,1.439%,23978,176271844.00,United States,,Major Banks,Finance,/market-activity/stocks/sbfg
SBFM,Sunshine Biopharma Inc. Common Stock,$1.17,0.04,3.54%,129992,4536484.00,Canada,,Biotechnology: Pharmaceutical Preparations,Health Care,/market-activity/stocks/sbfm
SBFMW,Sunshine Biopharma Inc. Warrant,$0.031,0.00,0.00%,77,120197.00,Canada,,Biotechnology: Pharmaceutical Preparations,Health Care,/market-activity/stocks/sbfmw
SBGI,Sinclair Inc. Class A Common Stock,$13.75,-0.11,-0.794%,527641,994373325.00,United States,1995,Broadcasting,Industrials,/market-activity/stocks/sbgi
SBLK,Star Bulk Carriers Corp. Common Shares,$31.82,0.77,2.48%,1716847,3548889373.00,Greece,,Marine Transportation,Consumer Discretionary,/market-activity/stocks/sblk
SBRA,Sabra Health Care REIT Inc. Common Stock,$20.86,-0.08,-0.382%,2430496,5328953090.00,United States,,Real Estate Investment Trusts,Real Estate,/market-activity/stocks/sbra
SBUX,Starbucks Corporation Common Stock,$106.72,0.57,0.537%,5204525,121660800000.00,United States,1992,Restaurants,Consumer Discretionary,/market-activity/stocks/sbux
SCAG,Scage Future American Depositary Shares,$0.278,0.0011,0.397%,87659,20185487.00,China,,Construction/Ag Equipment/Trucks,Consumer Discretionary,/market-activity/stocks/scag
SCATU,Southern Cross Acquisition II Corp. Units,$10.0101,0.0051,0.051%,6615,0.00,United States,2026,Blank Checks,Finance,/market-activity/stocks/scatu
SCHL,Scholastic Corporation Common Stock,$38.39,-0.05,-0.13%,217579,728057290.00,United States,1992,Books,Consumer Discretionary,/market-activity/stocks/schl
SCII,SC II Acquisition Corp. Class A ordinary share,$10.14,0.00,0.00%,56,0.00,United States,2026,,,/market-activity/stocks/scii
SCKT,Socket Mobile Inc. Common Stock,$0.6096,0.0078,1.296%,82620,5054609.00,United States,,Computer Manufacturing,Technology,/market-activity/stocks/sckt
SCLX,Scilex Holding Company Common Stock,$5.35,-0.05,-0.926%,30507,45437550.00,United States,2021,Biotechnology: Biological Products (No Diagnostic Substances),Health Care,/market-activity/stocks/sclx
SCLXW,Scilex Holding Company Warrant,$0.14,0.0238,20.482%,12866,1189020.00,United States,2021,Biotechnology: Biological Products (No Diagnostic Substances),Health Care,/market-activity/stocks/sclxw
SCNI,Scinai Immunotherapeutics Ltd. American Depositary Shares,$2.34,-0.12,-4.878%,1611983,1173150.00,Israel,2015,Biotechnology: Biological Products (No Diagnostic Substances),Health Care,/market-activity/stocks/scni
SCNX,Scienture Holdings Inc. Common Stock,$0.37,0.003,0.817%,120770,15193734.00,United States,,Biotechnology: Pharmaceutical Preparations,Health Care,/market-activity/stocks/scnx
SCOR,comScore Inc. Common Stock,$5.06,-0.06,-1.172%,44441,76832690.00,United States,2018,Business Services,Consumer Discretionary,/market-activity/stocks/scor
SCPQ,Social Commerce Partners Corporation Class A Ordinary Shares,$10.03,0.00,0.00%,37,0.00,United States,2026,,,/market-activity/stocks/scpq
SCPQU,Social Commerce Partners Corporation Unit,$10.28,0.00,0.00%,2,0.00,United States,2025,,,/market-activity/stocks/scpqu
SCSC,ScanSource Inc. Common Stock,$56.64,0.40,0.711%,321070,1140888872.00,United States,,Retail: Computer Software & Peripheral Equipment,Technology,/market-activity/stocks/scsc
SCTX,Scribe Therapeutics Inc. Common Stock,$30.90,1.90,6.552%,278767,582909527.00,United States,2026,Biotechnology: Biological Products (No Diagnostic Substances),Health Care,/market-activity/stocks/sctx
SCWO,374Water Inc. Common Stock,$3.16,0.28,9.722%,177635,55989389.00,United States,,Metal Fabrications,Consumer Discretionary,/market-activity/stocks/scwo
SCYX,SCYNEXIS Inc. Common Stock,$5.22,0.05,0.967%,39706,51936959.00,United States,2014,Biotechnology: Pharmaceutical Preparations,Health Care,/market-activity/stocks/scyx
SCZM,Santacruz Silver Mining Ltd. Common Shares,$10.18,0.98,10.652%,631807,946641091.00,Canada,,Precious Metals,Basic Materials,/market-activity/stocks/sczm
SDA,SunCar Technology Group Inc. Class A Ordinary Shares,$0.6612,0.0008,0.121%,380130,69854402.00,Hong Kong,2021,Automotive Aftermarket,Consumer Discretionary,/market-activity/stocks/sda
SDAWW,SunCar Technology Group Inc. Warrant,$0.1101,0.00,0.00%,46,11631836.00,Hong Kong,2021,Automotive Aftermarket,Consumer Discretionary,/market-activity/stocks/sdaww
SDGR,Schrodinger Inc. Common Stock,$20.88,0.04,0.192%,1234550,1561941513.00,United States,2020,Biotechnology: Pharmaceutical Preparations,Health Care,/market-activity/stocks/sdgr
SDHI,Siddhi Acquisition Corp Class A Common stock,$10.51,0.00,0.00%,88,0.00,United States,2025,Blank Checks,Finance,/market-activity/stocks/sdhi
SDOT,Sadot Group Inc. Common Stock,$13.22,-0.08,-0.602%,122304,19232826.00,United States,2020,Restaurants,Consumer Discretionary,/market-activity/stocks/sdot
SDST,Stardust Power Inc. Common Stock,$0.2525,-0.0976,-27.878%,7451485,3667293.00,United States,2021,Major Chemicals,Industrials,/market-activity/stocks/sdst
SDSTW,Stardust Power Inc. Warrant,$0.1049,0.00,0.00%,2,1523561.00,United States,2021,Major Chemicals,Industrials,/market-activity/stocks/sdstw
SEAT,Vivid Seats Inc. Class A Common Stock,$6.12,0.08,1.325%,31149,71678401.00,United States,,Services-Misc. Amusement & Recreation,Consumer Discretionary,/market-activity/stocks/seat
SEATW,Vivid Seats Inc. Warrant,$0.0315,0.0015,5.00%,10109,368933.00,United States,,Services-Misc. Amusement & Recreation,Consumer Discretionary,/market-activity/stocks/seatw
SEDG,SolarEdge Technologies Inc. Common Stock,$33.98,1.49,4.586%,2270733,2090644917.00,Israel,2015,Semiconductors,Technology,/market-activity/stocks/sedg
SEED,Origin Agritech Limited Common Stock,$1.0198,0.0198,1.98%,21214,12383968.00,China,,Farming/Seeds/Milling,Consumer Staples,/market-activity/stocks/seed
SEER,Seer Inc. Class A Common Stock,$1.98,0.04,2.062%,121194,109636590.00,United States,2020,Biotechnology: Laboratory Analytical Instruments,Industrials,/market-activity/stocks/seer
SEGG,Sports Entertainment Gaming Global Corporation Common Stock,$2.45,-0.24,-8.922%,24457,7985743.00,United States,2023,Computer Software: Prepackaged Software,Technology,/market-activity/stocks/segg
SEIC,SEI Investments Company Common Stock,$109.12,-0.42,-0.383%,668260,13096493140.00,United States,1981,Investment Bankers/Brokers/Service,Finance,/market-activity/stocks/seic
SELF,Global Self Storage Inc. Common Stock,$5.27,0.02,0.381%,8381,60190883.00,United States,,Real Estate Investment Trusts,Real Estate,/market-activity/stocks/self
SENEA,Seneca Foods Corp. Class A Common Stock,$207.30,3.26,1.598%,90688,1403515736.00,United States,,Packaged Foods,Consumer Staples,/market-activity/stocks/senea
SENEB,Seneca Foods Corp. Class B Common Stock,$207.26,13.59,7.017%,755,1403244918.00,United States,,Packaged Foods,Consumer Staples,/market-activity/stocks/seneb
SENS,Senseonics Holdings Inc. Common Stock,$9.94,0.56,5.97%,820972,525568087.00,United States,,Medical/Dental Instruments,Health Care,/market-activity/stocks/sens
SEPN,Septerna Inc. Common Stock,$37.50,-0.18,-0.478%,263263,1750385513.00,United States,2024,Biotechnology: Pharmaceutical Preparations,Health Care,/market-activity/stocks/sepn
SERA,Sera Prognostics Inc. Class A Common Stock,$2.01,-0.07,-3.365%,15382,79293427.00,United States,2021,Medical Specialities,Health Care,/market-activity/stocks/sera
SERV,Serve Robotics Inc. Common Stock,$4.87,0.18,3.838%,2921344,422265559.00,United States,,Industrial Machinery/Components,Industrials,/market-activity/stocks/serv
SEV,Aptera Motors Corp. Class B Common Stock,$2.33,0.01,0.431%,178291,94465481.00,United States,,Auto Manufacturing,Industrials,/market-activity/stocks/sev
SEVN,Seven Hills Realty Trust Common Stock,$7.42,-0.06,-0.802%,161904,168112017.00,United States,,Real Estate Investment Trusts,Real Estate,/market-activity/stocks/sevn
SEZL,Sezzle Inc. Common Stock,$121.50,6.98,6.095%,474562,4091514201.00,United States,,Finance: Consumer Services,Finance,/market-activity/stocks/sezl
SFBC,Sound Financial Bancorp Inc. Common Stock,$47.10,-0.15,-0.317%,6802,120954825.00,United States,,Savings Institutions,Finance,/market-activity/stocks/sfbc
SFD,Smithfield Foods Inc. Common Stock,$22.40,0.56,2.564%,1598082,8820390454.00,United States,2025,Meat/Poultry/Fish,Consumer Staples,/market-activity/stocks/sfd
SFHG,Samfine Creation Holdings Group Limited Class A Ordinary Share,$2.28,-0.11,-4.603%,37219,9256800.00,Hong Kong,2024,Publishing,Consumer Discretionary,/market-activity/stocks/sfhg
SFIX,Stitch Fix Inc. Class A Common Stock,$3.09,0.08,2.658%,1756851,412285895.00,United States,2017,Catalog/Specialty Distribution,Consumer Discretionary,/market-activity/stocks/sfix
SFM,Sprouts Farmers Market Inc. Common Stock,$78.76,-2.05,-2.537%,2685730,7344182945.00,United States,2013,Food Chains,Consumer Staples,/market-activity/stocks/sfm
SFNC,Simmons First National Corporation Class A Common Stock,$22.67,0.44,1.979%,953913,3276127597.00,United States,,Major Banks,Finance,/market-activity/stocks/sfnc
SFST,Southern First Bancshares Inc. Common Stock,$62.57,1.78,2.928%,85062,592647710.00,United States,,Major Banks,Finance,/market-activity/stocks/sfst
SFWL,Shengfeng Development Limited Class A Ordinary Shares,$0.89,0.0599,7.216%,97179,73422787.00,China,2023,Trucking Freight/Courier Services,Industrials,/market-activity/stocks/sfwl
SGA,Saga Communications Inc. Class A Common Stock (FL),$9.01,0.34,3.922%,39808,57285472.00,United States,,Broadcasting,Consumer Discretionary,/market-activity/stocks/sga
SGC,Superior Group of Companies Inc. Common Stock,$12.42,0.23,1.887%,58593,198039396.00,United States,,Apparel,Consumer Discretionary,/market-activity/stocks/sgc
SGHT,Sight Sciences Inc. Common Stock,$8.42,0.23,2.808%,269394,463840876.00,United States,2021,Medical/Dental Instruments,Health Care,/market-activity/stocks/sght
SGLD,Scorpio Gold Corporation American Depositary Shares ,$7.23,2.15,42.323%,9861471,125138358.00,Canada,,,,/market-activity/stocks/sgld
SGLY,Singularity Future Technology Ltd. Common Stock,$1.50,0.12,8.696%,176050,8105682.00,United States,2008,Integrated Freight & Logistics,Industrials,/market-activity/stocks/sgly
SGML,Sigma Lithium Corporation Common Shares,$12.85,0.59,4.812%,1365081,1446502822.00,Canada,,Metal Mining,Basic Materials,/market-activity/stocks/sgml
SGMT,Sagimet Biosciences Inc. Series A Common Stock,$10.99,0.49,4.667%,1801059,676886837.00,United States,2023,Biotechnology: Pharmaceutical Preparations,Health Care,/market-activity/stocks/sgmt
SGP,SpyGlass Pharma Inc. Common Stock,$28.28,1.42,5.287%,113506,945908846.00,United States,2026,Medical/Dental Instruments,Health Care,/market-activity/stocks/sgp
SGRY,Surgery Partners Inc. Common Stock,$13.98,-0.62,-4.247%,2212902,1830237275.00,United States,2015,Hospital/Nursing Management,Health Care,/market-activity/stocks/sgry
SHAZ,SharonAI Holdings Inc. Class A Common Stock,$54.29,1.65,3.134%,877460,1943772286.00,United States,,EDP Services,Technology,/market-activity/stocks/shaz
SHBI,Shore Bancshares Inc Common Stock,$23.11,0.50,2.211%,139570,771233298.00,United States,,Major Banks,Finance,/market-activity/stocks/shbi
SHC,Sotera Health Company Common Stock,$18.96,0.28,1.499%,1460177,5410706113.00,United States,2020,Misc Health and Biotechnology Services,Health Care,/market-activity/stocks/shc
SHEN,Shenandoah Telecommunications Co Common Stock,$12.63,0.43,3.525%,420875,673995908.00,United States,,Telecommunications Equipment,Telecommunications,/market-activity/stocks/shen
SHFS,SHF Holdings Inc. Class A Common Stock,$0.1613,0.0089,5.84%,596326,1989306.00,United States,2021,Finance: Consumer Services,Finance,/market-activity/stocks/shfs
SHFSW,SHF Holdings Inc. Warrants,$0.0122,-0.0002,-1.613%,38929,150462.00,United States,2021,Finance: Consumer Services,Finance,/market-activity/stocks/shfsw
SHIM,Shimmick Corporation Common Stock,$3.55,0.25,7.576%,191273,146742172.00,United States,2023,Military/Government/Technical,Industrials,/market-activity/stocks/shim
SHIP,Seanergy Maritime Holdings Corp. Common Stock,$18.60,0.59,3.276%,397031,403028483.00,Greece,,Marine Transportation,Consumer Discretionary,/market-activity/stocks/ship
SHLS,Shoals Technologies Group Inc. Class A Common Stock,$6.72,0.02,0.299%,5480964,1130975664.00,United States,2021,Semiconductors,Technology,/market-activity/stocks/shls
SHMD,SCHMID Group N.V. Class A Ordinary Shares,$3.27,0.16,5.145%,364930,199335613.00,Germany,,Industrial Machinery/Components,Technology,/market-activity/stocks/shmd
SHMDW,SCHMID Group N.V. Warrants,$0.8052,-0.0848,-9.528%,45162,49084109.00,Germany,,Industrial Machinery/Components,Technology,/market-activity/stocks/shmdw
SHOE,Shoe Station Group Inc. Common Stock,$13.49,0.65,5.062%,1350352,366271145.00,United States,,Clothing/Shoe/Accessory Stores,Consumer Discretionary,/market-activity/stocks/shoe
SHOO,Steven Madden Ltd. Common Stock,$41.99,0.55,1.327%,1214966,3072706219.00,United States,1993,Shoe Manufacturing,Consumer Discretionary,/market-activity/stocks/shoo
SHOP,Shopify Inc. Class A Subordinate Voting Shares,$141.87,2.05,1.466%,6211427,183836710117.00,Canada,,Computer Software: Prepackaged Software,Technology,/market-activity/stocks/shop
SHOT,RMG ML Sports Holdings Class A Ordinary Shares,$9.8401,0.0001,0.001%,1260,0.00,United States,2026,,,/market-activity/stocks/shot
SHOTU,RMG ML Sports Holdings Unit,$9.95,-0.04,-0.40%,3025,0.00,United States,2026,,,/market-activity/stocks/shotu
SHPH,Shuttle Pharmaceuticals Holdings Inc. Common Stock,$3.49,-0.12,-3.324%,24580,3584977.00,United States,2022,Biotechnology: Pharmaceutical Preparations,Health Care,/market-activity/stocks/shph
SIBN,SI-BONE Inc. Common Stock,$19.16,0.24,1.268%,786860,858723897.00,United States,2018,Medical/Dental Instruments,Health Care,/market-activity/stocks/sibn
SIDU,Sidus Space Inc. Class A Common Stock,$2.15,0.03,1.415%,2150162,217634451.00,United States,2021,Telecommunications Equipment,Telecommunications,/market-activity/stocks/sidu
SIEB,Siebert Financial Corp. Common Stock,$2.46,-0.04,-1.60%,182576,101108303.00,United States,,Investment Bankers/Brokers/Service,Finance,/market-activity/stocks/sieb
SIFY,Sify Technologies Limited American Depositary Shares,$14.33,0.12,0.844%,24724,1037988033.00,India,,Computer Software: Programming Data Processing,Technology,/market-activity/stocks/sify
SIGA,SIGA Technologies Inc. Common Stock,$3.21,-0.03,-0.926%,663266,230637588.00,United States,,Biotechnology: Pharmaceutical Preparations,Health Care,/market-activity/stocks/siga
SIGI,Selective Insurance Group Inc. Common Stock,$92.23,1.02,1.118%,376367,5494059845.00,United States,,Property-Casualty Insurers,Finance,/market-activity/stocks/sigi
SIGIP,Selective Insurance Group Inc. Depositary Shares each representing a 1/1000th interest in a share of 4.60% Non-Cumulative Preferred Stock Series B,$15.64,0.35,2.289%,18391,931661021.00,United States,,Property-Casualty Insurers,Finance,/market-activity/stocks/sigip
SILC,Silicom Ltd Ordinary Shares,$39.505,-0.555,-1.385%,241019,227059373.00,Israel,,Computer Communications Equipment,Telecommunications,/market-activity/stocks/silc
SILO,Silo Pharma Inc. Common Stock,$2.50,0.06,2.459%,5406,4383125.00,United States,,Biotechnology: Pharmaceutical Preparations,Health Care,/market-activity/stocks/silo
SIMA,SIM Acquisition Corp. I Class A Ordinary Shares,$11.13,-0.07,-0.625%,3663,0.00,United States,2024,Industrial Machinery/Components,Miscellaneous,/market-activity/stocks/sima
SIMAU,SIM Acquisition Corp. I Unit,$11.25,0.00,0.00%,2,0.00,United States,2024,Blank Checks,Finance,/market-activity/stocks/simau
SIMO,Silicon Motion Technology Corporation American Depositary Shares,$242.51,5.16,2.174%,603772,8222989066.00,Taiwan,2005,Semiconductors,Technology,/market-activity/stocks/simo
SINT,SiNtx Technologies Inc. Common Stock,$1.52,0.03,2.013%,18638,10130092.00,United States,2014,Medical/Dental Instruments,Health Care,/market-activity/stocks/sint
SION,Sionna Therapeutics Inc. Common Stock,$7.31,0.85,13.158%,1590609,330502637.00,United States,2025,Biotechnology: Pharmaceutical Preparations,Health Care,/market-activity/stocks/sion
SIRI,SiriusXM Holdings Inc. Common Stock,$29.70,2.08,7.531%,6673561,10010886663.00,United States,,Broadcasting,Consumer Discretionary,/market-activity/stocks/siri
SITM,SiTime Corporation Common Stock,$568.82,16.07,2.907%,434914,17105006698.00,United States,2019,Semiconductors,Technology,/market-activity/stocks/sitm
SJ,Scienjoy Holding Corporation Class A Ordinary Shares ,$0.954,-0.046,-4.60%,5153,40509481.00,China,2019,EDP Services,Technology,/market-activity/stocks/sj
SKHY,SK hynix Inc. American Depositary Shares,$164.98,4.20,2.612%,11261962,1202482301900.00,South Korea,2026,Semiconductors,Technology,/market-activity/stocks/skhy
SKIN,SkinHealth Systems Inc. Class A Common Stock,$0.7069,0.0319,4.726%,356958,91996505.00,United States,2020,Medical/Dental Instruments,Health Care,/market-activity/stocks/skin
SKK,SKK Holdings Limited Class A Ordinary Shares,$4.505,-0.025,-0.552%,37872,14373635.00,Singapore,2024,Water Sewer Pipeline Comm & Power Line Construction,Industrials,/market-activity/stocks/skk
SKWD,Skyward Specialty Insurance Group Inc. Common Stock,$56.32,-1.10,-1.916%,765387,2500410486.00,United States,2023,Property-Casualty Insurers,Finance,/market-activity/stocks/skwd
SKYA,SkyAI Inc. Common Stock,$1.27,-0.04,-3.053%,80067,54924333.00,United States,2022,Medical/Dental Instruments,Health Care,/market-activity/stocks/skya
SKYAW,SkyAI Inc. Warrant,$0.0248,-0.0096,-27.907%,3462,1072538.00,United States,2022,EDP Services,Technology,/market-activity/stocks/skyaw
SKYE,Skye Bioscience Inc. Common Stock,$1.84,0.04,2.222%,134645,8146926.00,United States,,Biotechnology: Pharmaceutical Preparations,Health Care,/market-activity/stocks/skye
SKYQ,Sky Quarry Inc. Common Stock,$2.65,-0.18,-6.36%,1368058,23408484.00,United States,2024,Environmental Services,Industrials,/market-activity/stocks/skyq
SKYW,SkyWest Inc. Common Stock,$94.96,1.62,1.736%,279555,3687137742.00,United States,1986,Air Freight/Delivery Services,Consumer Discretionary,/market-activity/stocks/skyw
SKYX,SKYX Platforms Corp. Common Stock,$1.28,0.02,1.587%,443197,173351672.00,United States,2022,Building Products,Consumer Discretionary,/market-activity/stocks/skyx
SLAB,Silicon Laboratories Inc. Common Stock,$220.23,1.11,0.507%,610551,7348361775.00,United States,2000,Semiconductors,Technology,/market-activity/stocks/slab
SLBT,SL Science Holding Limited Ordinary Shares,$3.31,0.52,18.638%,116624,1856114796.00,Taiwan,,Biotechnology: Biological Products (No Diagnostic Substances),Health Care,/market-activity/stocks/slbt
SLDB,Solid Biosciences Inc. Common Stock,$10.285,0.405,4.099%,894298,1102811573.00,United States,2018,Biotechnology: Biological Products (No Diagnostic Substances),Health Care,/market-activity/stocks/sldb
SLDE,Slide Insurance Holdings Inc. Common Stock,$24.18,0.89,3.821%,2227276,2824507365.00,United States,2025,Property-Casualty Insurers,Finance,/market-activity/stocks/slde
SLDP,Solid Power Inc. Class A Common Stock,$2.46,0.13,5.579%,3402840,561325782.00,United States,2021,Industrial Machinery/Components,Miscellaneous,/market-activity/stocks/sldp
SLDPW,Solid Power Inc. Warrant,$0.03,0.011,57.895%,42067,6845436.00,United States,2021,Industrial Machinery/Components,Miscellaneous,/market-activity/stocks/sldpw
SLE,Super League Enterprise Inc. Common Stock,$3.75,0.02,0.536%,160657,9274391.00,United States,2019,EDP Services,Technology,/market-activity/stocks/sle
SLGB,Smart Logistics Global Limited Class A Ordinary Shares,$0.42,-0.04,-8.696%,358581,18900000.00,Hong Kong,2025,Integrated Freight & Logistics,Industrials,/market-activity/stocks/slgb
SLGL,Sol-Gel Technologies Ltd. Ordinary Shares,$70.43,0.91,1.309%,97707,230587750.00,Israel,2018,Biotechnology: Pharmaceutical Preparations,Health Care,/market-activity/stocks/slgl
SLM,SLM Corporation Common Stock,$26.51,0.74,2.872%,1701787,4982473857.00,United States,,Finance: Consumer Services,Finance,/market-activity/stocks/slm
SLMBP,SLM Corporation Floating Rate Non-Cumulative Preferred Stock Series B,$75.10,0.27,0.361%,4985,14114816546.00,United States,,Finance: Consumer Services,Finance,/market-activity/stocks/slmbp
SLMT,Brera Holdings PLC Class B Ordinary Shares,$3.80,-0.20,-5.00%,81389,41835317.00,Ireland,2023,Services-Misc. Amusement & Recreation,Consumer Discretionary,/market-activity/stocks/slmt
SLN,Silence Therapeutics Plc American Depository Share,$14.79,0.05,0.339%,634225,692172000.00,United Kingdom,,Biotechnology: Pharmaceutical Preparations,Health Care,/market-activity/stocks/sln
SLNG,Stabilis Solutions Inc. Common Stock,$6.40,-0.19,-2.883%,119108,119016326.00,United States,,Oil/Gas Transmission,Utilities,/market-activity/stocks/slng
SLNH,Soluna Holdings Inc. Common Stock,$1.08,0.03,2.857%,5458137,266438211.00,United States,,EDP Services,Technology,/market-activity/stocks/slnh
SLNHP,Soluna Holdings Inc 9.0% Series A Cumulative Perpetual Preferred Stock ,$12.25,-0.10,-0.81%,885,3022100076.00,United States,,EDP Services,Technology,/market-activity/stocks/slnhp
SLP,Simulations Plus Inc. Common Stock,$18.43,0.01,0.054%,257098,372743764.00,United States,,EDP Services,Technology,/market-activity/stocks/slp
SLRC,SLR Investment Corp. Common Stock,$12.70,0.055,0.435%,233829,692843852.00,United States,2010,Finance/Investors Services,Finance,/market-activity/stocks/slrc
SLS,SELLAS Life Sciences Group Inc. Common Stock,$14.16,0.94,7.11%,6236656,2859551239.00,United States,,Biotechnology: Pharmaceutical Preparations,Health Care,/market-activity/stocks/sls
SLSN,Solesence Inc. Common Stock,$0.905,0.00,0.00%,6040,63935576.00,United States,,Package Goods/Cosmetics,Consumer Discretionary,/market-activity/stocks/slsn
SLXN,Silexion Therapeutics Corp Ordinary Shares,$0.3512,-0.0189,-5.107%,184101,2021462.00,Israel,,Biotechnology: Biological Products (No Diagnostic Substances),Health Care,/market-activity/stocks/slxn
SLXNW,Silexion Therapeutics Corp Warrant,$0.014,0.0027,23.894%,3102,80582.00,Israel,,Biotechnology: Biological Products (No Diagnostic Substances),Health Care,/market-activity/stocks/slxnw
SMBC,Southern Missouri Bancorp Inc. Common Stock,$73.01,0.38,0.523%,141139,804251292.00,United States,,Banks,Finance,/market-activity/stocks/smbc
SMCI,Super Micro Computer Inc. Common Stock,$37.00,0.29,0.79%,33258786,24307719208.00,United States,2020,Computer Manufacturing,Technology,/market-activity/stocks/smci
SMCIP,Super Micro Computer Inc. Depositary Shares representing a 1/20th Interest in a Share of 7% Series A Mandatory Convertible Preferred Stock,$62.65,0.62,1.00%,72022,41158881308.00,United States,,Computer Manufacturing,Technology,/market-activity/stocks/smcip
SMID,Smith-Midland Corporation Common Stock,$26.09,0.45,1.755%,7533,138397171.00,United States,,Building Materials,Industrials,/market-activity/stocks/smid
SMMT,Summit Therapeutics Inc. Common Stock ,$14.60,0.44,3.107%,3779354,11647144189.00,United States,2015,Biotechnology: Pharmaceutical Preparations,Health Care,/market-activity/stocks/smmt
SMPL,The Simply Good Foods Company Common Stock,$11.28,-0.10,-0.879%,1834735,997834948.00,United States,,Packaged Foods,Consumer Staples,/market-activity/stocks/smpl
SMSI,Smith Micro Software Inc. Common Stock,$2.85,0.01,0.352%,15421,15931158.00,United States,1995,Computer Software: Prepackaged Software,Technology,/market-activity/stocks/smsi
SMTC,Semtech Corporation Common Stock,$133.85,1.58,1.195%,1725824,12491635040.00,United States,,Semiconductors,Technology,/market-activity/stocks/smtc
SMTI,Sanara MedTech Inc. Common Stock,$34.80,0.01,0.029%,246928,319743618.00,United States,,Industrial Specialties,Health Care,/market-activity/stocks/smti
SMTK,SmartKem Inc. Common Stock,$2.53,-0.29,-10.284%,105030,1430146.00,United States,,Semiconductors,Technology,/market-activity/stocks/smtk
SMX,SMX (Security Matters) Public Limited Company Ordinary Shares,$16.1123,-0.6377,-3.807%,11801,17539979.00,Ireland,,Industrial Machinery/Components,Technology,/market-activity/stocks/smx
SMXT,Solarmax Technology Inc. Common Stock,$2.81,0.03,1.079%,11268,13325624.00,United States,2024,Engineering & Construction,Consumer Discretionary,/market-activity/stocks/smxt
SMXWW,SMX (Security Matters) Public Limited Company Warrant,$0.017,0.0001,0.592%,3858,18506.00,Ireland,,Industrial Machinery/Components,Technology,/market-activity/stocks/smxww
SNAL,Snail Inc. Class A Common Stock,$2.75,0.00,0.00%,27247,24628480.00,United States,2022,Computer Software: Prepackaged Software,Technology,/market-activity/stocks/snal
SND,Smart Sand Inc. Common Stock,$5.20,-0.01,-0.192%,149422,220475117.00,United States,2016,Mining & Quarrying of Nonmetallic Minerals (No Fuels),Industrials,/market-activity/stocks/snd
SNDK,Sandisk Corporation Common Stock,$1553.40,16.53,1.076%,8939763,227447276153.00,United States,,Electronic Components,Technology,/market-activity/stocks/sndk
SNDL,SNDL Inc. Common Shares,$1.42,0.06,4.412%,965962,353100266.00,Canada,2019, Medicinal Chemicals and Botanical Products ,Health Care,/market-activity/stocks/sndl
SNDX,Syndax Pharmaceuticals Inc. Common Stock,$20.78,0.68,3.383%,2016226,1855593447.00,United States,2016,Biotechnology: Pharmaceutical Preparations,Health Care,/market-activity/stocks/sndx
SNES,SenesTech Inc. Common Stock,$1.06,-0.02,-1.852%,7466,5748955.00,United States,2016,Agricultural Chemicals,Industrials,/market-activity/stocks/snes
SNEX,StoneX Group Inc. Common Stock,$66.86,-0.95,-1.401%,957546,8064434902.00,United States,,Investment Bankers/Brokers/Service,Finance,/market-activity/stocks/snex
SNFCA,Security National Financial Corporation Class A Common Stock,$8.82,0.10,1.147%,30079,241467689.00,United States,,Finance: Consumer Services,Finance,/market-activity/stocks/snfca
SNGX,Soligenix Inc. Common Stock,$0.3817,0.0057,1.516%,93562,8307883.00,United States,,Biotechnology: Pharmaceutical Preparations,Health Care,/market-activity/stocks/sngx
SNOA,Sonoma Pharmaceuticals Inc. Common Stock,$1.29,0.00,0.00%,23428,6177068.00,United States,2007,Medical/Dental Instruments,Health Care,/market-activity/stocks/snoa
SNPS,Synopsys Inc. Common Stock,$415.97,1.15,0.277%,1270062,79715095637.00,United States,1992,Computer Software: Prepackaged Software,Technology,/market-activity/stocks/snps
SNT,Senstar Technologies Corporation Common Shares,$1.70,0.0323,1.937%,4437,39663810.00,Canada,,Telecommunications Equipment,Telecommunications,/market-activity/stocks/snt
SNTG,Sentage Holdings Inc. Class A Ordinary Shares,$1.78,0.08,4.706%,2363,4993479.00,China,2021,Finance: Consumer Services,Finance,/market-activity/stocks/sntg
SNTI,Senti Biosciences Holdings Inc. Common Stock,$0.3419,0.0019,0.559%,43099,10648391.00,United States,2021,Biotechnology: Biological Products (No Diagnostic Substances),Health Care,/market-activity/stocks/snti
SNWV,SANUWAVE Health Inc. Common Stock,$4.45,-0.15,-3.261%,41295,38280275.00,United States,,Medical/Dental Instruments,Health Care,/market-activity/stocks/snwv
SNY,Sanofi ADS,$44.47,0.10,0.225%,2170454,108455845918.00,France,,Biotechnology: Pharmaceutical Preparations,Health Care,/market-activity/stocks/sny
SNYR,Synergy CHC Corp. Common Stock,$0.112,0.004,3.704%,3149553,1668787.00,United States,2024,Other Pharmaceuticals,Health Care,/market-activity/stocks/snyr
SOBR,SOBR Safe Inc. Common Stock,$0.4538,0.0027,0.599%,97114,2444716.00,United States,,Newspapers/Magazines,Consumer Discretionary,/market-activity/stocks/sobr
SOCA,Solarius Capital Acquisition Corp. Class A Ordinary Share,$10.34,0.01,0.097%,36170,0.00,United States,2025,,,/market-activity/stocks/soca
SOCAU,Solarius Capital Acquisition Corp. Units,$10.41,0.01,0.096%,1262,0.00,United States,2025,Blank Checks,Finance,/market-activity/stocks/socau
SOCAW,Solarius Capital Acquisition Corp. Warrant,$0.2124,-0.0376,-15.04%,150,0.00,United States,2025,,,/market-activity/stocks/socaw
SOFI,SoFi Technologies Inc. Common Stock  ,$17.84,0.79,4.633%,40591674,23041614580.00,United States,,Finance: Consumer Services,Finance,/market-activity/stocks/sofi
SOGP,Sound Group Inc. American Depositary Shares,$12.41,0.25,2.056%,13127,51801152.00,China,2020,Computer Software: Programming Data Processing,Technology,/market-activity/stocks/sogp
SOHU,Sohu.com Limited American Depositary Shares,$13.63,-0.25,-1.801%,53836,355320770.00,China,,EDP Services,Technology,/market-activity/stocks/sohu
SOLS,Solstice Advanced Materials Inc. Common Stock ,$60.99,-0.74,-1.199%,2470406,9688101035.00,United States,,Major Chemicals,Industrials,/market-activity/stocks/sols
SONM,DNA X Inc. Common Stock,$3.2811,-0.2439,-6.919%,20171,4883156.00,United States,2019,Telecommunications Equipment,Utilities,/market-activity/stocks/sonm
SONO,Sonos Inc. Common Stock,$15.975,0.835,5.515%,2161441,1889746315.00,United States,2018,Consumer Electronics/Appliances,Consumer Staples,/market-activity/stocks/sono
SOPH,SOPHiA GENETICS SA Ordinary Shares,$8.28,-0.145,-1.721%,809634,704858391.00,Switzerland,2021,EDP Services,Technology,/market-activity/stocks/soph
SORA,AsiaStrategy Ordinary Shares,$2.40,0.32,15.385%,17734,59673600.00,Hong Kong,2025,Other Specialty Stores,Industrials,/market-activity/stocks/sora
SORN,Soren Acquisition Corp. Class A Ordinary Shares,$9.96,0.00,0.00%,78,0.00,United States,2026,Blank Checks,Finance,/market-activity/stocks/sorn
SOTK,Sono-Tek Corporation Common Stock,$4.95,0.00,0.00%,20734,77797779.00,United States,,Industrial Machinery/Components,Technology,/market-activity/stocks/sotk
SOUN,SoundHound AI Inc Class A Common Stock,$6.78,-0.07,-1.022%,23952568,3011064742.00,United States,,Computer Software: Prepackaged Software,Technology,/market-activity/stocks/soun
SOUNW,SoundHound AI Inc. Warrant,$1.2399,0.012,0.977%,25137,550651796.00,United States,2021,Computer Software: Prepackaged Software,Technology,/market-activity/stocks/sounw
SOWG,Sow Good Inc. Common Stock,$3.48,-0.25,-6.702%,20619,69947628.00,United States,,Packaged Foods,Consumer Staples,/market-activity/stocks/sowg
SPAI,Safe Pro Group Inc. Common Stock,$4.87,0.27,5.87%,109384,99167138.00,United States,2024,Industrial Specialties,Health Care,/market-activity/stocks/spai
SPCB,SuperCom Ltd. Ordinary Shares (Israel),$10.25,-0.02,-0.195%,41290,64374633.00,Israel,,Semiconductors,Technology,/market-activity/stocks/spcb
SPCX,Space Exploration Technologies Corp. Class A Common Stock,$140.71,-1.52,-1.069%,49903772,1909831730854.00,United States,2026,Computer Software: Programming Data Processing,Technology,/market-activity/stocks/spcx
SPEG,Silver Pegasus Acquisition Corp Class A Ordinary Shares,$10.37,0.00,0.00%,48,0.00,United States,2025,,,/market-activity/stocks/speg
SPFI,South Plains Financial Inc. Common Stock,$44.58,0.87,1.99%,104408,839847301.00,United States,2019,Major Banks,Finance,/market-activity/stocks/spfi
SPHL,Springview Holdings Ltd Class A Ordinary Shares,$2.40,-0.03,-1.235%,4630,29428752.00,Singapore,2024,Homebuilding,Consumer Discretionary,/market-activity/stocks/sphl
SPKL,Spark I Acquisition Corp. Class A Ordinary Share,$11.57,0.01,0.087%,13056,0.00,United States,2023,,,/market-activity/stocks/spkl
SPKLW,Spark I Acquisition Corp. Warrant,$1.2399,0.0749,6.429%,6237,0.00,United States,2023,,,/market-activity/stocks/spklw
SPOK,Spok Holdings Inc. Common Stock,$10.56,0.00,0.00%,91577,220895527.00,United States,,Telecommunications Equipment,Telecommunications,/market-activity/stocks/spok
SPPL,SIMPPLE LTD. Ordinary Shares,$1.97,-0.04,-1.99%,114575,19278782.00,Singapore,2023,Diversified Commercial Services,Consumer Discretionary,/market-activity/stocks/sppl
SPRB,Spruce Biosciences Inc. Common Stock,$59.67,4.07,7.32%,268151,171492356.00,United States,2020,Biotechnology: Pharmaceutical Preparations,Health Care,/market-activity/stocks/sprb
SPRC,SciSparc Ltd. Ordinary Shares,$5.85,0.18,3.175%,49311,3398692.00,Israel,,Biotechnology: Pharmaceutical Preparations,Health Care,/market-activity/stocks/sprc
SPRO,Spero Therapeutics Inc. Common Stock,$1.22,0.02,1.667%,169520,71046489.00,United States,2017,Biotechnology: Pharmaceutical Preparations,Health Care,/market-activity/stocks/spro
SPRY,ARS Pharmaceuticals Inc. Common Stock,$5.82,0.05,0.867%,1197004,578783536.00,United States,2020,Biotechnology: Pharmaceutical Preparations,Health Care,/market-activity/stocks/spry
SPSC,SPS Commerce Inc. Common Stock,$82.82,-0.11,-0.133%,559208,2981534411.00,United States,2010,Computer Software: Prepackaged Software,Technology,/market-activity/stocks/spsc
SPT,Sprout Social Inc Class A Common Stock,$11.34,-0.13,-1.133%,1408153,687115684.00,United States,2019,Computer Software: Prepackaged Software,Technology,/market-activity/stocks/spt
SPTX,Seaport Therapeutics Inc. Common Stock,$24.91,1.30,5.506%,156434,1333446001.00,United States,2026,Biotechnology: Pharmaceutical Preparations,Health Care,/market-activity/stocks/sptx
SPWH,Sportsman's Warehouse Holdings Inc. Common Stock,$1.28,0.08,6.667%,3200886,49945338.00,United States,2014,Other Specialty Stores,Consumer Discretionary,/market-activity/stocks/spwh
SPWR,SunPower Inc. Common Stock,$0.2541,-0.008,-3.052%,4428651,53055302.00,United States,,Semiconductors,Technology,/market-activity/stocks/spwr
SPWRW,SunPower Inc. Warrants,$0.0851,0.0147,20.881%,348,17768619.00,United States,,Semiconductors,Technology,/market-activity/stocks/spwrw
SQFT,Presidio Property Trust Inc. Class A Common Stock,$1.44,-0.10,-6.494%,60520,2065582.00,United States,2020,Real Estate Investment Trusts,Real Estate,/market-activity/stocks/sqft
SQFTP,Presidio Property Trust Inc. 9.375% Series D Cumulative Redeemable Perpetual Preferred Stock $0.01 par value per share,$7.20,0.02,0.279%,11577,10327910.00,United States,,Real Estate Investment Trusts,Real Estate,/market-activity/stocks/sqftp
SQFTW,Presidio Property Trust Inc. Series A Common Stock Purchase Warrants,$0.0157,-0.0001,-0.633%,1569,22521.00,United States,,Real Estate Investment Trusts,Real Estate,/market-activity/stocks/sqftw
SRAD,Sportradar Group AG Class A Ordinary Shares,$12.92,0.61,4.955%,2813938,4027905143.00,Switzerland,2021,Computer Software: Programming Data Processing,Technology,/market-activity/stocks/srad
SRBK,SR Bancorp Inc. Common stock,$19.66,0.16,0.821%,20889,155989439.00,United States,2023,Banks,Finance,/market-activity/stocks/srbk
SRCE,1st Source Corporation Common Stock,$86.07,1.17,1.378%,125152,2072722764.00,United States,,Major Banks,Finance,/market-activity/stocks/srce
SRPT,Sarepta Therapeutics Inc. Common Stock (DE),$23.21,1.88,8.814%,4807346,2451603157.00,United States,,Biotechnology: Pharmaceutical Preparations,Health Care,/market-activity/stocks/srpt
SRRK,Scholar Rock Holding Corporation Common Stock,$56.10,0.21,0.376%,1066038,6832154320.00,United States,2018,Biotechnology: Biological Products (No Diagnostic Substances),Health Care,/market-activity/stocks/srrk
SRTA,Strata Critical Medical Inc. Class A Common Stock,$5.39,0.02,0.372%,1162351,476836084.00,United States,2019,Medical/Nursing Services,Health Care,/market-activity/stocks/srta
SRTS,Sensus Healthcare Inc. Common Stock,$3.25,-0.08,-2.402%,22086,53501692.00,United States,2016,Medical/Dental Instruments,Health Care,/market-activity/stocks/srts
SRZN,Surrozen Inc. Common Stock,$22.60,0.40,1.802%,116911,265630411.00,United States,,Biotechnology: Biological Products (No Diagnostic Substances),Health Care,/market-activity/stocks/srzn
SSAC,SPACSphere Acquisition Corp. Class A Ordinary Shares,$10.095,0.015,0.149%,40652,0.00,United States,2026,Blank Checks,Finance,/market-activity/stocks/ssac
SSACR,SPACSphere Acquisition Corp. Rights,$0.182,0.002,1.111%,623913,0.00,United States,2026,Blank Checks,Finance,/market-activity/stocks/ssacr
SSBI,Summit State Bank Common Stock,$12.65,-0.21,-1.633%,15318,84415095.00,United States,2006,Major Banks,Finance,/market-activity/stocks/ssbi
SSEA,Starry Sea Acquisition Corp	Ordinary Shares,$10.30,0.00,0.00%,46,0.00,United States,2025,Blank Checks,Finance,/market-activity/stocks/ssea
SSEAR,Starry Sea Acquisition Corp Rights,$0.15,0.04,36.364%,181,0.00,United States,2025,Blank Checks,Finance,/market-activity/stocks/ssear
SSII,SS Innovations International Inc. Common Stock,$3.40,0.06,1.796%,68451,681310479.00,India,,Medical/Dental Instruments,Health Care,/market-activity/stocks/ssii
SSM,Sono Group N.V. Ordinary Shares,$4.80,0.045,0.946%,2301413,6839203.00,Germany,,Semiconductors,Technology,/market-activity/stocks/ssm
SSNC,SS&C Technologies Holdings Inc. Common Stock,$82.55,0.64,0.781%,1975593,19370769920.00,United States,2010,Computer Software: Prepackaged Software,Technology,/market-activity/stocks/ssnc
SSP,E.W. Scripps Company (The) Class A Common Stock,$3.25,-0.01,-0.307%,878435,301174221.00,United States,,Broadcasting,Industrials,/market-activity/stocks/ssp
SSRM,SSR Mining Inc. Common Stock,$37.75,1.92,5.359%,2170847,7697576528.00,Canada,,Precious Metals,Industrials,/market-activity/stocks/ssrm
SSTI,SoundThinking Inc. Common Stock,$6.07,0.10,1.675%,97201,79904205.00,United States,2017,Computer Software: Prepackaged Software,Technology,/market-activity/stocks/ssti
SSYS,Stratasys Ltd. Ordinary Shares (Israel),$7.57,-0.015,-0.198%,451621,652326120.00,United States,1994,Computer peripheral equipment,Technology,/market-activity/stocks/ssys
STAA,STAAR Surgical Company Common Stock,$23.11,-0.41,-1.743%,472805,1158827470.00,United States,,Ophthalmic Goods,Health Care,/market-activity/stocks/staa
STAK,STAK Inc. Class A Ordinary Shares,$1.24,-0.06,-4.615%,425160,23820833.00,China,2025,Oil and Gas Field Machinery,Consumer Discretionary,/market-activity/stocks/stak
STBA,S&T Bancorp Inc. Common Stock,$49.88,0.68,1.382%,292084,1759042741.00,United States,,Major Banks,Finance,/market-activity/stocks/stba
STEP,StepStone Group Inc. Class A Common Stock,$50.50,0.82,1.651%,1080657,6094171734.00,United States,2020,Investment Managers,Finance,/market-activity/stocks/step
STEX,Streamex Corp. Common Stock,$0.725,0.0112,1.569%,1026503,84437427.00,United States,,Biotechnology: Electromedical & Electrotherapeutic Apparatus,Health Care,/market-activity/stocks/stex
STFS,Star Fashion Culture Holdings Limited Class A Ordinary Shares,$4.52,-0.01,-0.221%,51950,5395868.00,China,2024,Advertising,Consumer Discretionary,/market-activity/stocks/stfs
STGW,Stagwell Inc. Class A Common Stock,$8.805,0.245,2.862%,1437577,2152606346.00,Canada,,Advertising,Consumer Discretionary,/market-activity/stocks/stgw
STHO,Star Holdings Shares of Beneficial Interest,$9.72,0.10,1.04%,10955,117430557.00,United States,,Real Estate,Real Estate,/market-activity/stocks/stho
STI,Solidion Technology Inc. Common Stock,$7.59,-0.07,-0.914%,36274,64611932.00,United States,2022,Industrial Machinery/Components,Miscellaneous,/market-activity/stocks/sti
STIM,Neuronetics Inc. Common Stock,$2.77,-0.07,-2.465%,1082396,211066305.00,United States,2018,Medical/Dental Instruments,Health Care,/market-activity/stocks/stim
STKE,Sol Strategies Inc. Common Shares,$1.17,0.00,0.00%,117521,46199648.00,Canada,,,,/market-activity/stocks/stke
STKH,Steakholder Foods Ltd. American Depositary Shares,$2.57,-0.10,-3.745%,76500,2862027.00,Israel,2021,Packaged Foods,Consumer Staples,/market-activity/stocks/stkh
STKS,The ONE Group Hospitality Inc. Common Stock,$1.65,0.00,0.00%,21019,52286890.00,United States,,Restaurants,Consumer Discretionary,/market-activity/stocks/stks
STLD,Steel Dynamics Inc.,$247.64,13.55,5.788%,1193455,35493767712.00,United States,1996,Steel/Iron Ore,Industrials,/market-activity/stocks/stld
STLN,Starling Oncology Inc. Common Stock,$6.09,0.15,2.525%,841693,620669140.00,United States,2020,Medical/Nursing Services,Health Care,/market-activity/stocks/stln
STLNW,Starling Oncology Inc. Warrant,$0.066,0.00,0.00%,7,6726464.00,United States,2020,Medical/Nursing Services,Health Care,/market-activity/stocks/stlnw
STNE,StoneCo Ltd. Class A Common Shares,$10.37,0.71,7.35%,7269517,2558431097.00,Brazil,2018,EDP Services,Technology,/market-activity/stocks/stne
STOK,Stoke Therapeutics Inc. Common Stock,$30.50,-0.39,-1.263%,631395,1968050381.00,United States,2019,Biotechnology: Pharmaceutical Preparations,Health Care,/market-activity/stocks/stok
STRA,Strategic Education Inc. Common Stock,$82.17,-1.15,-1.38%,271342,1824795123.00,United States,1996,Other Consumer Services,Real Estate,/market-activity/stocks/stra
STRC,Strategy Inc Variable Rate Series A Perpetual Stretch Preferred Stock,$97.07,0.27,0.279%,1013751,37296793650.00,United States,,Computer Software: Prepackaged Software,Technology,/market-activity/stocks/strc
STRD,Strategy Inc 10.00% Series A Perpetual Stride Preferred Stock,$73.265,0.415,0.57%,37400,28150299647.00,United States,,Computer Software: Prepackaged Software,Technology,/market-activity/stocks/strd
STRF,Strategy Inc 10.00% Series A Perpetual Strife Preferred Stock,$103.01,0.17,0.165%,35537,39579094611.00,United States,,Computer Software: Prepackaged Software,Technology,/market-activity/stocks/strf
STRK,Strategy Inc 8.00% Series A Perpetual Strike Preferred Stock,$74.26,1.00,1.365%,40896,28532604269.00,United States,,Computer Software: Prepackaged Software,Technology,/market-activity/stocks/strk
STRL,Sterling Infrastructure Inc. Common Stock,$457.60,1.50,0.329%,472023,13997305837.00,United States,,Military/Government/Technical,Industrials,/market-activity/stocks/strl
STRO,Sutro Biopharma Inc. Common Stock,$20.47,-0.35,-1.681%,134607,339416570.00,United States,2018,Biotechnology: Biological Products (No Diagnostic Substances),Health Care,/market-activity/stocks/stro
STRR,Star Equity Holdings Inc. Common Stock,$10.42,0.0772,0.746%,613,38443579.00,United States,,Professional Services,Consumer Discretionary,/market-activity/stocks/strr
STRRP,Star Equity Holdings Inc. 10% Series A Cumulative Perpetual Preferred Stock,$9.6299,0.0699,0.731%,4450,35528582.00,United States,,Professional Services,Consumer Discretionary,/market-activity/stocks/strrp
STRT,STRATTEC SECURITY CORPORATION Common Stock,$73.07,3.89,5.623%,161100,291184900.00,United States,,Auto Parts:O.E.M.,Consumer Discretionary,/market-activity/stocks/strt
STRZ,Starz Entertainment Corp. Common Shares,$26.90,0.38,1.433%,128884,460640200.00,United States,,Movies/Entertainment,Consumer Discretionary,/market-activity/stocks/strz
STTK,Shattuck Labs Inc. Common Stock,$6.91,0.04,0.582%,583534,693510078.00,United States,2020,Biotechnology: Pharmaceutical Preparations,Health Care,/market-activity/stocks/sttk
STX,Seagate Technology Holdings PLC Ordinary Shares (Ireland),$808.54,-8.10,-0.992%,2663118,183251158584.00,Ireland,2002,Electronic Components,Technology,/market-activity/stocks/stx
SUGP,SU Group Holdings Limited Class A Ordinary Shares,$0.6284,-0.0235,-3.605%,473019,1461972.00,Hong Kong,2024,Diversified Commercial Services,Consumer Discretionary,/market-activity/stocks/sugp
SUIG,Sui Group Holdings Limited Common Stock,$0.9856,0.0511,5.468%,432029,75696911.00,United States,,Finance: Consumer Services,Finance,/market-activity/stocks/suig
SUJA,Suja Life Inc. Class A Common Stock,$10.22,-0.21,-2.013%,489188,394747623.00,United States,2026,Beverages (Production/Distribution),Consumer Staples,/market-activity/stocks/suja
SUMA,SUMA Acquisition Corporation Class A Ordinary Shares,$9.93,0.00,0.00%,90,0.00,Canada,2026,,,/market-activity/stocks/suma
SUMAR,SUMA Acquisition Corporation Rights,$0.235,0.01,4.444%,200,0.00,Canada,2026,Blank Checks,Finance,/market-activity/stocks/sumar
SUMAU,SUMA Acquisition Corporation Units,$10.25,0.00,0.00%,57,0.00,Canada,2026,Blank Checks,Finance,/market-activity/stocks/sumau
SUNE,SUNation Energy Inc. Common Stock,$2.37,-0.01,-0.42%,364572,15436066.00,United States,,Engineering & Construction,Consumer Discretionary,/market-activity/stocks/sune
SUNS,Sunrise Realty Trust Inc. Common Stock,$7.46,-0.01,-0.134%,40450,100828248.00,United States,,Real Estate Investment Trusts,Real Estate,/market-activity/stocks/suns
SUPN,Supernus Pharmaceuticals Inc. Common Stock,$44.03,0.29,0.663%,445962,2559332382.00,United States,2012,Biotechnology: Pharmaceutical Preparations,Health Care,/market-activity/stocks/supn
SUPX,SuperX AI Technology Limited Ordinary Shares,$8.36,0.29,3.594%,612640,361290233.00,Hong Kong,2024,,,/market-activity/stocks/supx
SURG,SurgePays Inc. Common Stock,$0.1642,0.0079,5.054%,3222668,8687563.00,United States,,Advertising,Consumer Discretionary,/market-activity/stocks/surg
SVAQ,Silicon Valley Acquisition Corp. Class A Ordinary Shares,$10.05,0.005,0.05%,11328,0.00,United States,2026,Blank Checks,Finance,/market-activity/stocks/svaq
SVAQU,Silicon Valley Acquisition Corp. Units,$10.48,0.00,0.00%,6,0.00,United States,2025,Blank Checks,Finance,/market-activity/stocks/svaqu
SVAQW,Silicon Valley Acquisition Corp. Warrants,$0.46,0.025,5.747%,3139,0.00,United States,2026,Blank Checks,Finance,/market-activity/stocks/svaqw
SVC,Service Properties Trust Common Shares of Beneficial Interest,$7.66,-0.01,-0.13%,1109082,992042678.00,United States,,Real Estate Investment Trusts,Real Estate,/market-activity/stocks/svc
SVCC,Stellar V Capital Corp. Class A Ordinary Shares,$10.67,0.00,0.00%,302071,0.00,United States,2025,,,/market-activity/stocks/svcc
SVCCW,Stellar V Capital Corp. Warrant,$0.23,-0.0019,-0.819%,1212,0.00,United States,2025,Blank Checks,Finance,/market-activity/stocks/svccw
SVCO,Silvaco Group Inc. Common Stock,$6.24,-0.29,-4.441%,200109,211447130.00,United States,2024,Computer Software: Prepackaged Software,Technology,/market-activity/stocks/svco
SVIV,Spring Valley Acquisition Corp. IV Class A Ordinary Shares,$10.20,0.00,0.00%,70,0.00,United States,2026,Blank Checks,Finance,/market-activity/stocks/sviv
SVIVW,Spring Valley Acquisition Corp. IV Warrants,$0.7202,0.00,0.00%,87,0.00,United States,2026,Blank Checks,Finance,/market-activity/stocks/svivw
SVRA,Savara Inc. Common Stock,$5.46,0.11,2.056%,1216907,1121811682.00,United States,,Biotechnology: Pharmaceutical Preparations,Health Care,/market-activity/stocks/svra
SVRE,SaverOne 2014 Ltd. American Depositary Shares,$2.87,0.20,7.491%,84391,7174526.00,Israel,2022,EDP Services,Technology,/market-activity/stocks/svre
SVREW,SaverOne 2014 Ltd. Warrant,$0.0097,-0.0001,-1.02%,3019,1047530992.00,Israel,2022,EDP Services,Technology,/market-activity/stocks/svrew
SVRN,SVRN Inc. Common Stock,$10.48,1.23,13.297%,105100,19658552.00,Greece,,Marine Transportation,Consumer Discretionary,/market-activity/stocks/svrn
SWAG,Stran & Company Inc. Common Stock,$1.73,0.03,1.765%,6738,32246489.00,United States,2021,Advertising,Consumer Discretionary,/market-activity/stocks/swag
SWAGW,Stran & Company Inc. Warrant,$0.0062,-0.0001,-1.587%,9999,115565.00,United States,2021,Advertising,Consumer Discretionary,/market-activity/stocks/swagw
SWBI,Smith & Wesson Brands Inc. Common Stock,$12.78,0.01,0.078%,453612,573051110.00,United States,,Ordnance And Accessories,Industrials,/market-activity/stocks/swbi
SWIM,Latham Group Inc. Common Stock,$6.87,-0.005,-0.073%,1388241,808228611.00,United States,2021,Plastic Products,Industrials,/market-activity/stocks/swim
SWKHL,SWK Holdings Corporation 9.00% Senior Notes due 2027,$25.4599,-0.0201,-0.079%,1534,309271360.00,United States,,,,/market-activity/stocks/swkhl
SWKS,Skyworks Solutions Inc. Common Stock,$71.67,4.26,6.32%,7518586,10784384286.00,United States,,Semiconductors,Technology,/market-activity/stocks/swks
SWMR,Swarmer Inc Common Stock,$31.80,-0.40,-1.242%,290629,506795996.00,United States,2026,Computer Software: Prepackaged Software,Technology,/market-activity/stocks/swmr
SWVL,Swvl Holdings Corp Class A Common Shares,$5.08,1.25,32.637%,1431759,147179665.00,United Arab Emirates,,Business Services,Consumer Discretionary,/market-activity/stocks/swvl
SWVLW,Swvl Holdings Corp Warrant,$0.0137,0.0022,19.13%,115620,396922.00,United Arab Emirates,,Business Services,Consumer Discretionary,/market-activity/stocks/swvlw
SXTC,China SXT Pharmaceuticals Inc. Class A Ordinary Shares,$2.22,-0.24,-9.756%,106519,2933677.00,China,2019,Biotechnology: Pharmaceutical Preparations,Health Care,/market-activity/stocks/sxtc
SXTP,60 Degrees Pharmaceuticals Inc. Common Stock,$0.9495,-0.0705,-6.912%,105161,3339380.00,United States,2023,Biotechnology: Pharmaceutical Preparations,Health Care,/market-activity/stocks/sxtp
SY,So-Young International Inc. American Depository Shares,$2.82,0.08,2.92%,796281,282852122.00,China,2019,EDP Services,Technology,/market-activity/stocks/sy
SYBT,Stock Yards Bancorp Inc. Common Stock,$79.46,1.09,1.391%,141249,2468555453.00,United States,,Major Banks,Finance,/market-activity/stocks/sybt
SYM,Symbotic Inc. Class A Common Stock,$39.87,1.65,4.317%,1287892,24113444098.00,United States,2021,Industrial Machinery/Components,Industrials,/market-activity/stocks/sym
SYNA,Synaptics Incorporated Common Stock $0.001 Par Value,$95.99,0.82,0.862%,751546,3753879586.00,United States,2002,Semiconductors,Technology,/market-activity/stocks/syna
SYPR,Sypris Solutions Inc. Common Stock,$1.86,0.02,1.087%,51608,42829165.00,United States,,Industrial Machinery/Components,Industrials,/market-activity/stocks/sypr
SYRE,Spyre Therapeutics Inc. Common Stock,$87.05,-1.45,-1.638%,1361797,7675525982.00,United States,2016,Biotechnology: Pharmaceutical Preparations,Health Care,/market-activity/stocks/syre
SZZL,Sizzle Acquisition Corp. II Class A ordinary shares,$10.50,0.04,0.382%,432,0.00,United States,2025,Blank Checks,Finance,/market-activity/stocks/szzl
SZZLR,Sizzle Acquisition Corp. II Right,$0.14,0.00,0.00%,2,0.00,United States,2025,Blank Checks,Finance,/market-activity/stocks/szzlr
TACH,Titan Acquisition Corp. Class A Ordinary Shares,$10.51,0.02,0.191%,30032,0.00,United States,2025,Blank Checks,Finance,/market-activity/stocks/tach
TACHW,Titan Acquisition Corp. Warrants,$0.50,-0.01,-1.961%,1355,0.00,United States,2025,Blank Checks,Finance,/market-activity/stocks/tachw
TACO,Berto Acquisition Corp. Ordinary Shares,$10.48,-0.01,-0.095%,20380,381914591.00,United States,2025,Blank Checks,Finance,/market-activity/stocks/taco
TACT,TransAct Technologies Incorporated Common Stock,$5.19,0.09,1.765%,8312,53584004.00,United States,1996,Computer peripheral equipment,Technology,/market-activity/stocks/tact
TANH,Tantech Holdings Ltd. Class A Common Shares,$0.2299,-0.1099,-32.343%,1706250,7674598.00,China,2015,Major Chemicals,Industrials,/market-activity/stocks/tanh
TAOP,Taoping Inc. Ordinary Shares ,$0.8105,-0.0699,-7.94%,26557,7742531.00,Hong Kong,,Computer Software: Prepackaged Software,Technology,/market-activity/stocks/taop
TAOX,Tao Synergies Inc. Common Stock,$3.84,0.00,0.00%,58252,28735649.00,United States,,Finance: Consumer Services,Finance,/market-activity/stocks/taox
TARA,Protara Therapeutics Inc.  Common Stock,$3.94,0.04,1.026%,335422,232836223.00,United States,2014,Biotechnology: Biological Products (No Diagnostic Substances),Health Care,/market-activity/stocks/tara
TARS,Tarsus Pharmaceuticals Inc. Common Stock,$82.76,8.71,11.762%,1899963,3631756749.00,United States,2020,Biotechnology: Biological Products (No Diagnostic Substances),Health Care,/market-activity/stocks/tars
TASK,TaskUs Inc. Class A Common Stock,$8.06,0.30,3.866%,595369,738997389.00,United States,2021,EDP Services,Technology,/market-activity/stocks/task
TATT,TAT Technologies Ltd. Ordinary Shares,$37.03,0.28,0.762%,119751,480765563.00,Israel,,Aerospace,Industrials,/market-activity/stocks/tatt
TAVI,Tavia Acquisition Corp. Ordinary Shares,$10.72,0.02,0.187%,270,0.00,United States,2024,Blank Checks,Finance,/market-activity/stocks/tavi
TAVIU,Tavia Acquisition Corp. Unit,$11.00,0.20,1.852%,33436,0.00,United States,2024,Blank Checks,Finance,/market-activity/stocks/taviu
TAYD,Taylor Devices Inc. Common Stock,$59.21,-0.78,-1.30%,75776,190953138.00,United States,,Industrial Machinery/Components,Industrials,/market-activity/stocks/tayd
TBBK,The Bancorp Inc Common Stock,$66.45,2.10,3.263%,242920,2710283458.00,United States,2004,Major Banks,Finance,/market-activity/stocks/tbbk
TBCH,Turtle Beach Corporation Common Stock,$12.47,0.42,3.485%,336219,223334096.00,United States,,Telecommunications Equipment,Telecommunications,/market-activity/stocks/tbch
TBCVU,Thunder Bridge Capital Partners V Ltd. Units,$9.93,0.00,0.00%,790,0.00,United States,2026,Blank Checks,Finance,/market-activity/stocks/tbcvu
TBLA,Taboola.com Ltd. Ordinary Shares,$3.82,0.09,2.413%,1847813,963082180.00,Israel,,Computer Software: Programming Data Processing,Technology,/market-activity/stocks/tbla
TBLD,Thornburg Income Builder Opportunities Trust Common Stock,$22.19,-0.17,-0.76%,66098,711896984.00,United States,2021,Investment Managers,Finance,/market-activity/stocks/tbld
TBPH,Theravance Biopharma Inc. Ordinary Shares,$17.07,0.04,0.235%,566906,886253131.00,Cayman Islands,,Biotechnology: Pharmaceutical Preparations,Health Care,/market-activity/stocks/tbph
TC,Token Cat Limited American Depositary Shares,$2.01,0.00,0.00%,78181,53089770.00,China,2018,Business Services,Consumer Discretionary,/market-activity/stocks/tc
TCBI,Texas Capital Bancshares Inc. Common Stock,$96.68,1.01,1.056%,520476,4203101995.00,United States,2003,Major Banks,Finance,/market-activity/stocks/tcbi
TCBIO,Texas Capital Bancshares Inc. Depositary Shares 5.75% Fixed Rate Non-Cumulative Perpetual Preferred Stock Series B,$19.955,-0.145,-0.721%,37244,867531033.00,United States,,Major Banks,Finance,/market-activity/stocks/tcbio
TCBK,TriCo Bancshares Common Stock,$53.83,1.13,2.144%,205795,1720763693.00,United States,,Major Banks,Finance,/market-activity/stocks/tcbk
TCBS,Texas Community Bancshares Inc. Common Stock,$17.54,0.0772,0.442%,320,50387632.00,United States,2021,Banks,Finance,/market-activity/stocks/tcbs
TCGX,TCGX Acquisition Corp. Class A Ordinary Shares,$14.22,0.27,1.935%,168789,0.00,United States,2026,,,/market-activity/stocks/tcgx
TCMD,Tactile Systems Technology Inc. Common Stock,$22.41,0.16,0.719%,310369,507637729.00,United States,2016,Medical/Dental Instruments,Health Care,/market-activity/stocks/tcmd
TCOM,Trip.com Group Limited American Depositary Shares,$43.63,-0.21,-0.479%,2470875,27474038836.00,China,2003,Business Services,Consumer Discretionary,/market-activity/stocks/tcom
TCPC,BlackRock TCP Capital Corp. Common Stock,$4.08,0.00,0.00%,319709,342323322.00,United States,2012,Finance/Investors Services,Finance,/market-activity/stocks/tcpc
TCRT,Alaunos Therapeutics Inc. Common Stock,$1.67,0.01,0.602%,8507,4242602.00,United States,,Biotechnology: Pharmaceutical Preparations,Health Care,/market-activity/stocks/tcrt
TCRX,TScan Therapeutics Inc. Common Stock,$0.3811,-0.2852,-42.804%,8517372,24200866.00,United States,2021,Biotechnology: Biological Products (No Diagnostic Substances),Health Care,/market-activity/stocks/tcrx
TCX,Tucows Inc. Class A Common Stock,$10.65,0.13,1.236%,104824,119089493.00,Canada,,EDP Services,Technology,/market-activity/stocks/tcx
TDAC,Translational Development Acquisition Corp. Ordinary Shares,$10.8401,-0.0049,-0.045%,10285,0.00,United States,2025,,,/market-activity/stocks/tdac
TDACW,Translational Development Acquisition Corp. Warrants,$1.85,0.10,5.714%,1000,0.00,United States,2025,,,/market-activity/stocks/tdacw
TDIC,Dreamland Limited Class A Ordinary Shares,$2.43,-0.055,-2.213%,19427,8469967.00,Hong Kong,2025,Other Consumer Services,Consumer Discretionary,/market-activity/stocks/tdic
TDTH,Trident Digital Tech Holdings Ltd Class B Ordinary Shares,$1.76,-0.04,-2.222%,38467,15200682.00,Singapore,2024,Business Services,Consumer Discretionary,/market-activity/stocks/tdth
TDUP,ThredUp Inc. Class A Common Stock,$2.71,0.19,7.54%,3467971,355914192.00,United States,2021,Catalog/Specialty Distribution,Consumer Discretionary,/market-activity/stocks/tdup
TDWD,Tailwind 2.0 Acquisition Corp. Class A Ordinary Shares,$10.10,0.00,0.00%,60,0.00,United States,2025,Blank Checks,Finance,/market-activity/stocks/tdwd
TDWDR,Tailwind 2.0 Acquisition Corp. Rights,$0.12,-0.0052,-4.153%,298,0.00,United States,2025,Blank Checks,Finance,/market-activity/stocks/tdwdr
TEAD,Teads Holding Co. Common Stock,$0.491,0.007,1.446%,98963,48149995.00,United States,2021,Computer Software: Programming Data Processing,Technology,/market-activity/stocks/tead
TEAM,Atlassian Corporation Class A Common Stock,$186.44,-0.59,-0.315%,3546786,47195200669.00,Australia,2015,Computer Software: Prepackaged Software,Technology,/market-activity/stocks/team
TECH,Bio-Techne Corp Common Stock,$72.30,0.12,0.166%,1655963,11337958607.00,United States,,Biotechnology: Biological Products (No Diagnostic Substances),Health Care,/market-activity/stocks/tech
TECX,Tectonic Therapeutic Inc. Common Stock,$30.38,-0.84,-2.691%,167377,593909739.00,United States,2018,Biotechnology: Biological Products (No Diagnostic Substances),Health Care,/market-activity/stocks/tecx
TELA,TELA Bio Inc. Common Stock,$0.7524,-0.0389,-4.916%,129079,33778815.00,United States,2019,Medical/Dental Instruments,Health Care,/market-activity/stocks/tela
TELO,Telomir Pharmaceuticals Inc. Common Stock,$1.12,0.02,1.818%,31387,77027951.00,United States,2024,Biotechnology: Pharmaceutical Preparations,Health Care,/market-activity/stocks/telo
TEM,Tempus AI Inc. Class A Common Stock,$61.94,-0.33,-0.53%,5785656,11245588241.00,United States,2024,Computer Software: Programming Data Processing,Technology,/market-activity/stocks/tem
TENB,Tenable Holdings Inc. Common Stock,$34.24,-1.23,-3.468%,4532714,3771193018.00,United States,2018,Computer Software: Prepackaged Software,Technology,/market-activity/stocks/tenb
TENX,Tenax Therapeutics Inc. Common Stock,$1.85,0.05,2.778%,3702040,69234246.00,United States,,Biotechnology: Pharmaceutical Preparations,Health Care,/market-activity/stocks/tenx
TER,Teradyne Inc. Common Stock,$341.62,6.16,1.836%,1817076,53409127015.00,United States,,Electrical Products,Industrials,/market-activity/stocks/ter
TFSL,TFS Financial Corporation Common Stock,$17.47,0.09,0.518%,623328,4899334930.00,United States,2007,Savings Institutions,Finance,/market-activity/stocks/tfsl
TGHL,The GrowHub Limited Class A Ordinary Shares,$0.8989,0.0609,7.267%,387831,22741999.00,Singapore,2025,EDP Services,Technology,/market-activity/stocks/tghl
TGL,Treasure Global Inc. Common Stock,$2.49,0.03,1.22%,18925,4867532.00,United States,2022,Business Services,Consumer Discretionary,/market-activity/stocks/tgl
TGTX,TG Therapeutics Inc. Common Stock,$56.90,0.81,1.444%,2361976,8709629116.00,United States,,Biotechnology: Pharmaceutical Preparations,Health Care,/market-activity/stocks/tgtx
TH,Target Hospitality Corp. Common Stock,$18.39,0.32,1.771%,838998,1832074749.00,United States,2018,Hotels/Resorts,Consumer Discretionary,/market-activity/stocks/th
THCH,TH International Limited Ordinary shares,$1.39,0.04,2.963%,3722,46208579.00,China,,Restaurants,Consumer Discretionary,/market-activity/stocks/thch
THEO,BOA Acquisition Corp. II Class A Ordinary Shares,$9.87,0.00,0.00%,595141,0.00,United States,2026,Blank Checks,Finance,/market-activity/stocks/theo
THEOR,BOA Acquisition Corp. II Rights,$0.30,0.00,0.00%,44,0.00,United States,2026,Blank Checks,Finance,/market-activity/stocks/theor
THEOU,BOA Acquisition Corp. II Units,$10.20,0.00,0.00%,18,0.00,United States,2026,Blank Checks,Finance,/market-activity/stocks/theou
THFF,First Financial Corporation Common Stock,$78.77,1.31,1.691%,127625,936724648.00,United States,,Major Banks,Finance,/market-activity/stocks/thff
THH,TryHard Holdings Limited Ordinary Shares,$1.68,-0.07,-4.00%,30533,8407770.00,Japan,2025,Services-Misc. Amusement & Recreation,Consumer Discretionary,/market-activity/stocks/thh
THRM,Gentherm Inc Common Stock,$39.48,0.86,2.227%,177472,1212245915.00,United States,,Auto Parts:O.E.M.,Consumer Discretionary,/market-activity/stocks/thrm
THRY,Thryv Holdings Inc. Common Stock,$1.88,0.08,4.444%,869086,83545529.00,United States,,Advertising,Consumer Discretionary,/market-activity/stocks/thry
TIGO,Millicom International Cellular S.A. Common Stock,$95.25,2.65,2.862%,793665,15958263962.00,Luxembourg,,Telecommunications Equipment,Telecommunications,/market-activity/stocks/tigo
TIGR,UP Fintech Holding Ltd American Depositary Share representing fifteen Class A Ordinary Shares,$4.79,-0.09,-1.844%,1894565,855976166.00,China,2019,Investment Bankers/Brokers/Service,Finance,/market-activity/stocks/tigr
TIL,Instil Bio Inc. Common Stock,$7.685,-0.005,-0.065%,3887,52119486.00,United States,2021,Biotechnology: Biological Products (No Diagnostic Substances),Health Care,/market-activity/stocks/til
TILE,Interface Inc. Common Stock,$36.85,-0.15,-0.405%,573732,2129946951.00,United States,,Home Furnishings,Consumer Discretionary,/market-activity/stocks/tile
TIPT,Tiptree Inc. Common Stock,$18.40,0.08,0.437%,142850,685210333.00,United States,,Property-Casualty Insurers,Finance,/market-activity/stocks/tipt
TITN,Titan Machinery Inc. Common Stock,$23.39,2.85,13.875%,687621,545037990.00,United States,2007,Other Specialty Stores,Consumer Discretionary,/market-activity/stocks/titn
TJGC,TJGC Group Limited Class A Ordinary Shares,$10.04,0.02,0.20%,1671071,153612000.00,Hong Kong,2025,Advertising,Consumer Discretionary,/market-activity/stocks/tjgc
TKLF,Tokyo Lifestyle Co. Ltd. American Depositary Shares,$1.65,-0.035,-2.077%,12067,6984089.00,Japan,2022,Other Specialty Stores,Consumer Discretionary,/market-activity/stocks/tklf
TKNO,Alpha Teknova Inc. Common Stock,$7.43,0.35,4.944%,220534,398903668.00,United States,2021,Biotechnology: In Vitro & In Vivo Diagnostic Substances,Health Care,/market-activity/stocks/tkno
TLACU,Three Lions Acquisition Corp. Units,$9.96,0.01,0.101%,89095,0.00,United States,2026,,,/market-activity/stocks/tlacu
TLF,Tandy Leather Factory Inc. Common Stock,$2.62,-0.03,-1.132%,10184,21463237.00,United States,,Apparel,Consumer Discretionary,/market-activity/stocks/tlf
TLIH,Ten-League International Holdings Limited Ordinary Shares,$5.78,-0.074,-1.264%,1137,16995714.00,Singapore,2025,Industrial Specialties,Consumer Discretionary,/market-activity/stocks/tlih
TLN,Talen Energy Corporation Common Stock,$302.03,8.30,2.826%,835216,14471543646.00,United States,,Electric Utilities: Central,Utilities,/market-activity/stocks/tln
TLNC,Talon Capital Corp. Class A Ordinary Shares,$10.27,0.04,0.391%,182,0.00,United States,2025,Blank Checks,Finance,/market-activity/stocks/tlnc
TLNCU,Talon Capital Corp. Units,$10.42,0.00,0.00%,10,0.00,United States,2025,Blank Checks,Finance,/market-activity/stocks/tlncu
TLPH,Talphera Inc. Common Stock,$1.20,0.02,1.695%,139074,62286955.00,United States,2011,Biotechnology: Pharmaceutical Preparations,Health Care,/market-activity/stocks/tlph
TLRY,Tilray Brands Inc. Common Stock ,$4.52,0.02,0.444%,3219900,526682152.00,United States,2018, Medicinal Chemicals and Botanical Products ,Health Care,/market-activity/stocks/tlry
TLS,Telos Corporation Common Stock,$4.71,-0.01,-0.212%,667235,352010276.00,United States,2020,EDP Services,Technology,/market-activity/stocks/tls
TLSA,Tiziana Life Sciences Ltd. Common Shares,$0.9315,-0.0321,-3.331%,488449,118541881.00,United Kingdom,2018,Biotechnology: Pharmaceutical Preparations,Health Care,/market-activity/stocks/tlsa
TLSI,TriSalus Life Sciences Inc. Common Stock,$5.14,-0.03,-0.58%,250650,316493444.00,United States,2021,Medical Specialities,Health Care,/market-activity/stocks/tlsi
TLX,Telix Pharmaceuticals Limited American Depositary Shares,$11.45,0.60,5.53%,239405,3878997211.00,Australia,,Biotechnology: Pharmaceutical Preparations,Health Care,/market-activity/stocks/tlx
TMC,TMC the metals company Inc. Common Stock,$4.59,0.135,3.03%,4731530,2024811862.00,Canada,,Metal Mining,Basic Materials,/market-activity/stocks/tmc
TMCI,Treace Medical Concepts Inc. Common Stock,$4.70,0.10,2.174%,172399,305662394.00,United States,2021,Medical/Dental Instruments,Health Care,/market-activity/stocks/tmci
TMCR,The Metals Royalty Company Inc. Common Stock,$5.89,0.07,1.203%,8201,371358274.00,Canada,,Precious Metals,Basic Materials,/market-activity/stocks/tmcr
TMCWW,TMC the metals company Inc. Warrants,$0.0059,-0.002,-25.316%,342654,2602699.00,Canada,,Metal Mining,Basic Materials,/market-activity/stocks/tmcww
TMDX,TransMedics Group Inc. Common Stock,$84.29,2.05,2.493%,589836,2922767972.00,United States,2019,Biotechnology: Electromedical & Electrotherapeutic Apparatus,Health Care,/market-activity/stocks/tmdx
TMS,Teamshares Inc. Common Stock,$5.96,0.04,0.676%,199733,439016675.00,United States,2025,,,/market-activity/stocks/tms
TMSWW,Teamshares Inc. Warrants,$0.98,0.02,2.083%,4262,72187306.00,United States,2025,,,/market-activity/stocks/tmsww
TMTS,Spartacus Acquisition Corp. II Class A Ordinary Shares,$10.07,0.00,0.00%,69,0.00,United States,2026,,,/market-activity/stocks/tmts
TMTSW,Spartacus Acquisition Corp. II Warrants,$0.43,0.00,0.00%,22,0.00,United States,2026,,,/market-activity/stocks/tmtsw
TMUS,T-Mobile US Inc. Common Stock,$187.30,5.14,2.822%,6034960,200911393115.00,United States,,Telecommunications Equipment,Telecommunications,/market-activity/stocks/tmus
TMUSI,T-Mobile US Inc. 5.500% Senior Notes due June 2070,$19.99,0.15,0.756%,9788,0.00,United States,,Telecommunications Equipment,Telecommunications,/market-activity/stocks/tmusi
TMUSL,T-Mobile US Inc. 6.250% Senior Notes due 2069,$23.14,-0.12,-0.516%,1025558,0.00,United States,,Telecommunications Equipment,Telecommunications,/market-activity/stocks/tmusl
TMUSZ,T-Mobile US Inc. 5.500% Senior Notes due March 2070,$19.87,-0.075,-0.376%,18053,0.00,United States,,Telecommunications Equipment,Telecommunications,/market-activity/stocks/tmusz
TNDM,Tandem Diabetes Care Inc. Common Stock,$20.56,-0.72,-3.383%,1136384,1430538216.00,United States,2013,Medical/Dental Instruments,Health Care,/market-activity/stocks/tndm
TNGX,Tango Therapeutics Inc.,$22.32,-0.03,-0.134%,1916793,3763383391.00,United States,2020,Biotechnology: Pharmaceutical Preparations,Health Care,/market-activity/stocks/tngx
TNMG,TNL Mediagene Ordinary Shares,$0.4686,-0.0162,-3.342%,207579,2958252.00,Taiwan,,Advertising,Consumer Discretionary,/market-activity/stocks/tnmg
TNON,Tenon Medical Inc. Common Stock,$4.47,-0.05,-1.106%,83725,2981700.00,United States,2022,Medical/Dental Instruments,Health Care,/market-activity/stocks/tnon
TNONW,Tenon Medical Inc. Warrant,$0.0089,0.0004,4.706%,47403,5937.00,United States,,Medical/Dental Instruments,Health Care,/market-activity/stocks/tnonw
TNXP,Tonix Pharmaceuticals Holding Corp. Common Stock,$13.38,-0.60,-4.292%,421488,229480701.00,United States,,Biotechnology: Pharmaceutical Preparations,Health Care,/market-activity/stocks/tnxp
TNYA,Tenaya Therapeutics Inc. Common Stock,$0.6993,0.0139,2.028%,1213519,156804047.00,United States,2021,Biotechnology: Biological Products (No Diagnostic Substances),Health Care,/market-activity/stocks/tnya
TOMZ,TOMI Environmental Solutions Inc. Common Stock,$1.66,0.03,1.84%,7003,13516678.00,United States,,Major Chemicals,Industrials,/market-activity/stocks/tomz
TONX,TON Strategy Company Common Stock,$3.14,0.02,0.641%,209098,172926045.00,United States,,Finance: Consumer Services,Finance,/market-activity/stocks/tonx
TOP,TOP Financial Group Limited Class A Ordinary Shares,$15.20,-0.31,-1.999%,88280,1910723798.00,Hong Kong,2022,Investment Bankers/Brokers/Service,Finance,/market-activity/stocks/top
TORO,Toro Corp. Common Stock,$6.25,0.14,2.291%,16016,215995813.00,Cyprus,,Marine Transportation,Consumer Discretionary,/market-activity/stocks/toro
TOUR,Tuniu Corporation American Depositary Shares,$4.945,-0.005,-0.101%,5822,53721278.00,China,2014,Transportation Services,Consumer Discretionary,/market-activity/stocks/tour
TOWN,TowneBank Common Stock,$37.27,0.79,2.166%,475021,2780987889.00,United States,,Major Banks,Finance,/market-activity/stocks/town
TOYO,TOYO Co. Ltd Ordinary Shares,$4.29,0.11,2.632%,375029,163764281.00,Japan,,Miscellaneous manufacturing industries,Consumer Discretionary,/market-activity/stocks/toyo
TPCS,TechPrecision Corporation Common stock,$5.55,0.15,2.778%,11027,56056726.00,United States,,Metal Fabrications,Industrials,/market-activity/stocks/tpcs
TPG,TPG Inc. Class A Common Stock,$52.32,-0.09,-0.172%,1472286,19772709837.00,United States,2022,Investment Managers,Finance,/market-activity/stocks/tpg
TPGXL,TPG Operating Group II L.P. 6.950% Fixed-Rate Junior Subordinated Notes due 2064,$21.65,0.05,0.231%,23519,7898478029.00,United States,,,,/market-activity/stocks/tpgxl
TPST,Tempest Therapeutics Inc. Common Stock,$1.10,0.05,4.762%,127701,18193744.00,United States,,Biotechnology: Pharmaceutical Preparations,Health Care,/market-activity/stocks/tpst
TRAW,Traws Pharma Inc. Common Stock,$0.57,-0.02,-3.39%,28228,8759918.00,United States,2013,Biotechnology: Pharmaceutical Preparations,Health Care,/market-activity/stocks/traw
TRAX,First Tracks Biotherapeutics Inc. Ordinary Shares ,$45.28,4.11,9.983%,1365372,1617892571.00,United States,,Biotechnology: Pharmaceutical Preparations,Health Care,/market-activity/stocks/trax
TRDA,Entrada Therapeutics Inc. Common Stock,$7.30,0.23,3.253%,306548,284237684.00,United States,2021,Biotechnology: Pharmaceutical Preparations,Health Care,/market-activity/stocks/trda
TREE,LendingTree Inc. Common Stock,$27.82,0.45,1.644%,412298,390580587.00,United States,,Finance: Consumer Services,Finance,/market-activity/stocks/tree
TREO,Tactical Resources Corp. Common Shares,$4.75,-0.28,-5.567%,705062,64657162.00,Canada,,Metal Mining,Basic Materials,/market-activity/stocks/treo
TRGS,TRG Latin America Acquisitions Corp. Class A Ordinary Shares,$9.96,0.00,0.00%,50369,0.00,United States,2026,Blank Checks,Finance,/market-activity/stocks/trgs
TRGSR,TRG Latin America Acquisitions Corp. Rights,$0.165,-0.0058,-3.396%,2007,0.00,United States,2026,Blank Checks,Finance,/market-activity/stocks/trgsr
TRI,Thomson Reuters Corporation Common Shares,$105.87,-0.48,-0.451%,1736023,45862884000.00,United States,,Publishing,Consumer Discretionary,/market-activity/stocks/tri
TRIB,Trinity Biotech plc American Depositary Shares,$9.60,-0.12,-1.235%,12081,7806067.00,Ireland,1992,Biotechnology: In Vitro & In Vivo Diagnostic Substances,Health Care,/market-activity/stocks/trib
TRIP,TripAdvisor Inc. Common Stock,$9.61,0.15,1.586%,3057320,1126285677.00,United States,,Computer Software: Programming Data Processing,Technology,/market-activity/stocks/trip
TRMB,Trimble Inc. Common Stock,$59.11,0.17,0.288%,3280640,13783260815.00,United States,1990,Industrial Machinery/Components,Industrials,/market-activity/stocks/trmb
TRMD,TORM plc Class A Common Stock,$33.85,0.64,1.927%,940734,3430112132.00,United Kingdom,,Marine Transportation,Consumer Discretionary,/market-activity/stocks/trmd
TRMK,Trustmark Corporation Common Stock,$45.82,0.64,1.417%,440805,2660793838.00,United States,,Major Banks,Finance,/market-activity/stocks/trmk
TRNR,Interactive Strength Inc. Common Stock,$3.03,0.145,5.026%,2867,4907697.00,United States,2023,Consumer Electronics/Appliances,Technology,/market-activity/stocks/trnr
TRNS,Transcat Inc. Common Stock,$85.56,0.68,0.801%,88928,800825600.00,United States,,Electrical Products,Industrials,/market-activity/stocks/trns
TRON,Tron Inc. Common Stock,$1.55,-0.09,-5.488%,1118981,735292199.00,United States,2023,Finance: Consumer Services,Finance,/market-activity/stocks/tron
TROO,TROOPS Inc. Ordinary Shares ,$2.145,-0.195,-8.333%,429857,262033556.00,China,,Diversified Financial Services,Finance,/market-activity/stocks/troo
TROW,T. Rowe Price Group Inc. Common Stock,$109.38,0.405,0.372%,1087061,23332487673.00,United States,1986,Investment Managers,Finance,/market-activity/stocks/trow
TRS,TriMas Corporation Common Stock,$39.19,0.28,0.72%,264360,1405897083.00,United States,2007,Industrial Specialties,Industrials,/market-activity/stocks/trs
TRSG,Tungray Technologies Inc Class A Ordinary Shares,$1.48,0.00,0.00%,776,24203158.00,Singapore,2024,Industrial Machinery/Components,Industrials,/market-activity/stocks/trsg
TRST,TrustCo Bank Corp NY Common Stock,$57.28,1.13,2.012%,163058,975348947.00,United States,,Major Banks,Finance,/market-activity/stocks/trst
TRUG,TruGolf Holdings Inc. Class A Common Stock,$0.4213,-0.0204,-4.619%,735783,1943228.00,United States,2021,Recreational Games/Products/Toys,Consumer Discretionary,/market-activity/stocks/trug
TRUP,Trupanion Inc. Common Stock,$28.26,0.38,1.363%,504741,1239839987.00,United States,,Medical Specialities,Health Care,/market-activity/stocks/trup
TRVG,trivago N.V. American Depositary Shares,$5.85,-0.01,-0.171%,139724,413125093.00,Germany,2016,EDP Services,Technology,/market-activity/stocks/trvg
TRVI,Trevi Therapeutics Inc. Common Stock,$17.05,0.48,2.897%,1350108,2429213089.00,United States,2019,Biotechnology: Pharmaceutical Preparations,Health Care,/market-activity/stocks/trvi
TSAT,Telesat Corporation Class A Common Shares and Class B Variable Voting Shares ,$43.21,0.27,0.629%,115871,1562387526.00,Canada,,Metal Fabrications,Industrials,/market-activity/stocks/tsat
TSBK,Timberland Bancorp Inc. Common Stock,$45.66,0.64,1.422%,37669,355037001.00,United States,,Banks,Finance,/market-activity/stocks/tsbk
TSCO,Tractor Supply Company Common Stock,$34.86,0.15,0.432%,8052318,18163459176.00,United States,1994,RETAIL: Building Materials,Consumer Discretionary,/market-activity/stocks/tsco
TSEM,Tower Semiconductor Ltd. Ordinary Shares,$206.81,7.75,3.893%,1206551,23375941110.00,Israel,1994,Semiconductors,Technology,/market-activity/stocks/tsem
TSHA,Taysha Gene Therapies Inc. Common Stock,$5.64,-0.06,-1.053%,1988582,1837701194.00,United States,2020,Biotechnology: Biological Products (No Diagnostic Substances),Health Care,/market-activity/stocks/tsha
TSLA,Tesla Inc. Common Stock,$357.01,0.92,0.258%,33952626,1410027915132.00,United States,2010,Auto Manufacturing,Industrials,/market-activity/stocks/tsla
TSSI,TSS Inc. Common Stock,$7.82,-0.04,-0.509%,938536,220673127.00,United States,,Professional Services,Consumer Discretionary,/market-activity/stocks/tssi
TTAN,ServiceTitan Inc. Class A Common Stock,$92.17,-3.28,-3.436%,856275,8792794856.00,United States,2024,Computer Software: Prepackaged Software,Technology,/market-activity/stocks/ttan
TTD,The Trade Desk Inc. Class A Common Stock,$14.55,0.77,5.588%,21814059,6836756823.00,United States,2016,Computer Software: Programming Data Processing,Technology,/market-activity/stocks/ttd
TTEC,TTEC Holdings Inc. Common Stock,$1.34,0.00,0.00%,169508,66056560.00,United States,1996,Professional Services,Consumer Discretionary,/market-activity/stocks/ttec
TTEK,Tetra Tech Inc. Common Stock,$35.91,0.17,0.476%,2131491,9194555409.00,United States,1991,Military/Government/Technical,Consumer Discretionary,/market-activity/stocks/ttek
TTGT,TechTarget Inc. Common Stock,$3.81,0.04,1.061%,386994,275587435.00,United States,,Telecommunications Equipment,Telecommunications,/market-activity/stocks/ttgt
TTMI,TTM Technologies Inc. Common Stock,$115.60,0.27,0.234%,1306075,12178328678.00,United States,2000,Electrical Products,Technology,/market-activity/stocks/ttmi
TTRX,Turn Therapeutics Inc. Common Stock,$9.67,-0.15,-1.527%,106485,288050347.00,United States,,Biotechnology: Pharmaceutical Preparations,Health Care,/market-activity/stocks/ttrx
TTWO,Take-Two Interactive Software Inc. Common Stock,$216.14,-0.54,-0.249%,2488231,40413952950.00,United States,1997,Computer Software: Prepackaged Software,Technology,/market-activity/stocks/ttwo
TULP,Bloomia Holdings Inc. Common Stock,$3.27,-0.13,-3.824%,1347,15606261.00,United States,,Farming/Seeds/Milling,Consumer Staples,/market-activity/stocks/tulp
TURB,Turbo Energy S.A. American Depositary Shares,$1.14,-0.03,-2.564%,35831,13699540.00,Spain,2023,Industrial Machinery/Components,Miscellaneous,/market-activity/stocks/turb
TUSK,Mammoth Energy Services Inc. Common Stock,$3.22,0.12,3.871%,85507,154970824.00,United States,2016,Oilfield Services/Equipment,Energy,/market-activity/stocks/tusk
TVA,Texas Ventures Acquisition III Corp Class A Ordinary Share,$10.55,0.00,0.00%,105277,0.00,United States,2025,,,/market-activity/stocks/tva
TVACU,Texas Ventures Acquisition III Corp Unit,$10.77,0.02,0.186%,8207,0.00,United States,2025,Blank Checks,Finance,/market-activity/stocks/tvacu
TVACW,Texas Ventures Acquisition III Corp Warrants,$0.40,-0.0285,-6.651%,33280,0.00,United States,2025,,,/market-activity/stocks/tvacw
TVAI,Thayer Ventures Acquisition Corporation II Class A Ordinary Shares,$10.385,0.005,0.048%,5067,0.00,United States,2025,,,/market-activity/stocks/tvai
TVGN,Tevogen Inc. Common Stock,$7.17,0.00,0.00%,1513,46687742.00,United States,2022,Biotechnology: Biological Products (No Diagnostic Substances),Health Care,/market-activity/stocks/tvgn
TVGNW,Tevogen Inc. Warrant,$0.0525,-0.0006,-1.13%,620150,341856.00,United States,2022,Biotechnology: Biological Products (No Diagnostic Substances),Health Care,/market-activity/stocks/tvgnw
TVIV,Texas Ventures Acquisition IV Corp Class A Ordinary Shares,$9.92,0.00,0.00%,77,0.00,United States,2026,,,/market-activity/stocks/tviv
TVIVU,Texas Ventures Acquisition IV Corp Units,$10.23,0.00,0.00%,14,0.00,United States,2026,,,/market-activity/stocks/tvivu
TVRD,Tvardi Therapeutics Inc. Common Stock,$1.88,0.135,7.736%,107904,25077213.00,United States,2014,Biotechnology: Pharmaceutical Preparations,Health Care,/market-activity/stocks/tvrd
TVTX,Travere Therapeutics Inc. Common Stock,$67.23,1.52,2.313%,1085810,6337172543.00,United States,,Biotechnology: Pharmaceutical Preparations,Health Care,/market-activity/stocks/tvtx
TW,Tradeweb Markets Inc. Class A Common Stock,$103.47,-3.24,-3.036%,1129888,24214904269.00,United States,2019,Investment Bankers/Brokers/Service,Finance,/market-activity/stocks/tw
TWAV,TaoWeave Inc. Common Stock,$1.365,0.00,0.00%,13642,5292404.00,United States,,Computer Software: Programming Data Processing,Technology,/market-activity/stocks/twav
TWFG,TWFG Inc. Class A Common Stock,$30.065,1.265,4.392%,190374,1625067187.00,United States,2024,Specialty Insurers,Finance,/market-activity/stocks/twfg
TWG,Top Wealth Group Holding Limited Class A Ordinary Shares,$0.41,-0.0201,-4.673%,120368,25726086.00,Hong Kong,2024,Packaged Foods,Consumer Staples,/market-activity/stocks/twg
TWIN,Twin Disc Incorporated Common Stock,$22.84,0.42,1.873%,87451,329417369.00,United States,,Industrial Machinery/Components,Industrials,/market-activity/stocks/twin
TWLV,Twelve Seas Investment Company III Class A Ordinary Shares,$10.07,0.00,0.00%,60,0.00,United States,2026,Blank Checks,Finance,/market-activity/stocks/twlv
TWLVR,Twelve Seas Investment Company III Rights,$0.0998,-0.0273,-21.479%,28742,0.00,United States,2026,Blank Checks,Finance,/market-activity/stocks/twlvr
TWST,Twist Bioscience Corporation Common Stock,$131.00,-1.06,-0.803%,1900721,8685453794.00,United States,2018,Biotechnology: Biological Products (No Diagnostic Substances),Health Care,/market-activity/stocks/twst
TXG,10x Genomics Inc. Class A Common Stock,$61.65,1.67,2.784%,1605251,8032450507.00,United States,2019,Biotechnology: Laboratory Analytical Instruments,Industrials,/market-activity/stocks/txg
TXMD,TherapeuticsMD Inc. Common Stock,$2.26,0.09,4.147%,56449,26158058.00,United States,,Biotechnology: Pharmaceutical Preparations,Health Care,/market-activity/stocks/txmd
TXN,Texas Instruments Incorporated Common Stock,$254.80,1.46,0.576%,3879939,232695510393.00,United States,,Semiconductors,Technology,/market-activity/stocks/txn
TXRH,Texas Roadhouse Inc. Common Stock,$190.88,-0.69,-0.36%,784239,12529539955.00,United States,2004,Restaurants,Consumer Discretionary,/market-activity/stocks/txrh
TYGO,Tigo Energy Inc. Common Stock,$1.07,0.01,0.943%,656917,82147871.00,United States,2021,Semiconductors,Technology,/market-activity/stocks/tygo
TYRA,Tyra Biosciences Inc. Common Stock,$25.13,-0.17,-0.672%,567935,1499681477.00,United States,2021,Biotechnology: Pharmaceutical Preparations,Health Care,/market-activity/stocks/tyra
TZOO,Travelzoo Common Stock,$6.23,-0.05,-0.796%,30145,63560560.00,United States,,Advertising,Consumer Discretionary,/market-activity/stocks/tzoo
UAL,United Airlines Holdings Inc. Common Stock,$108.35,3.72,3.555%,4187990,35168651696.00,United States,,Air Freight/Delivery Services,Consumer Discretionary,/market-activity/stocks/ual
UBCP,United Bancorp Inc. Common Stock,$15.58,-0.13,-0.827%,1210,89359370.00,United States,,Major Banks,Finance,/market-activity/stocks/ubcp
UBSI,United Bankshares Inc. Common Stock,$47.30,0.80,1.72%,1025284,6442854608.00,United States,,Major Banks,Finance,/market-activity/stocks/ubsi
UCAR,U Power Limited Class A Ordinary Shares,$0.6089,0.0046,0.761%,18854,21615191.00,China,2023,Industrial Machinery/Components,Miscellaneous,/market-activity/stocks/ucar
UCL,uCloudlink Group Inc. American Depositary Shares,$0.3863,-0.0076,-1.929%,502349,14715036.00,Hong Kong,2020,Telecommunications Equipment,Consumer Discretionary,/market-activity/stocks/ucl
UCTT,Ultra Clean Holdings Inc. Common Stock,$66.07,0.96,1.474%,882138,2991453306.00,United States,2004,Semiconductors,Technology,/market-activity/stocks/uctt
UEIC,Universal Electronics Inc. Common Stock,$4.54,-0.065,-1.412%,102949,58498181.00,United States,1993,Consumer Electronics/Appliances,Consumer Staples,/market-activity/stocks/ueic
UFCS,United Fire Group Inc. Common Stock,$54.85,0.70,1.293%,155363,1409943329.00,United States,,Property-Casualty Insurers,Finance,/market-activity/stocks/ufcs
UFG,Uni-Fuels Holdings Limited Class A Ordinary Shares,$0.5604,0.0203,3.759%,17106065,18193386.00,Singapore,2025,Oil Refining/Marketing,Energy,/market-activity/stocks/ufg
UFPI,UFP Industries Inc. Common Stock,$82.91,0.44,0.534%,323180,4573439219.00,United States,1993,Forest Products,Basic Materials,/market-activity/stocks/ufpi
UFPT,UFP Technologies Inc. Common Stock,$292.44,-1.62,-0.551%,120192,2265178828.00,United States,1993,Medical/Dental Instruments,Health Care,/market-activity/stocks/ufpt
UG,United-Guardian Inc. Common Stock,$7.07,-0.06,-0.842%,7854,32481835.00,United States,,Package Goods/Cosmetics,Consumer Discretionary,/market-activity/stocks/ug
UK,Ucommune International Ltd Class A Ordinary Shares,$1.98,-0.11,-5.263%,16650,1342343.00,United States,2019,Business Services,Consumer Discretionary,/market-activity/stocks/uk
ULBI,Ultralife Corporation Common Stock,$6.19,0.01,0.162%,45035,103145635.00,United States,1992,Industrial Machinery/Components,Miscellaneous,/market-activity/stocks/ulbi
ULCC,Frontier Group Holdings Inc. Common Stock,$5.70,0.18,3.261%,2633391,1312229895.00,United States,2021,Air Freight/Delivery Services,Consumer Discretionary,/market-activity/stocks/ulcc
ULH,Universal Logistics Holdings Inc. Common Stock,$18.13,-0.28,-1.521%,34462,478048305.00,United States,2005,Trucking Freight/Courier Services,Industrials,/market-activity/stocks/ulh
ULTA,Ulta Beauty Inc. Common Stock,$551.74,6.08,1.114%,597257,23591007050.00,United States,2007,Other Specialty Stores,Consumer Discretionary,/market-activity/stocks/ulta
UMBF,UMB Financial Corporation Common Stock,$141.91,3.96,2.871%,671115,10778068757.00,United States,,Major Banks,Finance,/market-activity/stocks/umbf
UMBFO,UMB Financial Corporation Depositary Shares Each Representing a 1/400th Interest in a Share of 7.750% Fixed-Rate Reset Non-Cumulative Perpetual Preferred Stock Series B,$26.10,-0.36,-1.361%,9534,1982295783.00,United States,,Major Banks,Finance,/market-activity/stocks/umbfo
UNB,Union Bankshares Inc. Common Stock,$23.77,0.01,0.042%,7114,117563282.00,United States,,Major Banks,Finance,/market-activity/stocks/unb
UNCY,Unicycive Therapeutics Inc. Common Stock,$5.19,0.14,2.772%,760482,144568784.00,United States,2021,Biotechnology: Pharmaceutical Preparations,Health Care,/market-activity/stocks/uncy
UNIT,Uniti Group Inc. Common Stock,$9.85,0.10,1.026%,1652148,2390842580.00,United States,,Real Estate Investment Trusts,Real Estate,/market-activity/stocks/unit
UNTY,Unity Bancorp Inc. Common Stock,$58.79,0.99,1.713%,51547,590403161.00,United States,,Major Banks,Finance,/market-activity/stocks/unty
UONE,Urban One Inc. Class A Common Stock,$4.77,-0.143,-2.911%,4357,22013378.00,United States,,Broadcasting,Consumer Discretionary,/market-activity/stocks/uone
UONEK,Urban One Inc. Class D Common Stock,$4.16,-0.04,-0.952%,2459,19198250.00,United States,,Broadcasting,Consumer Discretionary,/market-activity/stocks/uonek
UPB,Upstream Bio Inc. Common Stock,$6.48,-0.07,-1.069%,515766,354916346.00,United States,2024,Biotechnology: Pharmaceutical Preparations,Health Care,/market-activity/stocks/upb
UPBD,Upbound Group Inc. Common Stock,$18.80,0.38,2.063%,700826,1096028814.00,United States,,Diversified Commercial Services,Consumer Discretionary,/market-activity/stocks/upbd
UPC,Universe Pharmaceuticals Inc. Class A Ordinary Shares,$4.77,0.50,11.71%,4100963,23966340.00,China,2021,Biotechnology: Pharmaceutical Preparations,Health Care,/market-activity/stocks/upc
UPLD,Upland Software Inc. Common Stock,$4.11,0.005,0.122%,4441,12154055.00,United States,2014,Computer Software: Prepackaged Software,Technology,/market-activity/stocks/upld
UPST,Upstart Holdings Inc. Common stock,$28.17,0.78,2.848%,3071057,2741308506.00,United States,2020,Finance: Consumer Services,Finance,/market-activity/stocks/upst
UPWK,Upwork Inc. Common Stock,$9.03,-0.16,-1.741%,2864316,1127877386.00,United States,2018,EDP Services,Technology,/market-activity/stocks/upwk
UPXI,Upexi Inc. Common Stock,$0.9603,-0.0797,-7.663%,3411527,70536299.00,United States,2021,Finance: Consumer Services,Finance,/market-activity/stocks/upxi
URBN,Urban Outfitters Inc. Common Stock,$78.75,-0.54,-0.681%,947246,6743762786.00,United States,1993,Clothing/Shoe/Accessory Stores,Consumer Discretionary,/market-activity/stocks/urbn
URGN,UroGen Pharma Ltd. Ordinary Shares,$44.42,1.03,2.374%,473522,2171274653.00,Israel,2017,Biotechnology: Pharmaceutical Preparations,Health Care,/market-activity/stocks/urgn
UROY,Uranium Royalty Corp. Common Stock,$4.29,0.15,3.623%,1737726,628409955.00,Canada,,Investment Bankers/Brokers/Service,Finance,/market-activity/stocks/uroy
USAR,USA Rare Earth Inc. Class A Common Stock,$17.85,0.59,3.418%,8077353,4368253767.00,United States,2023,Metal Mining,Basic Materials,/market-activity/stocks/usar
USAU,U.S. Gold Corp. Common Stock,$16.12,0.99,6.543%,172620,266401748.00,United States,,Metal Mining,Basic Materials,/market-activity/stocks/usau
USCB,USCB Financial Holdings Inc. Class A Common Stock,$22.72,0.46,2.066%,79013,419739958.00,United States,2021,Major Banks,Finance,/market-activity/stocks/uscb
USDE,StablecoinX Inc. Class A Common Stock,$7.50,-0.86,-10.287%,3149371,203903468.00,United States,,Finance: Consumer Services,Finance,/market-activity/stocks/usde
USDEW,StablecoinX Inc. Warrants,$1.68,-0.08,-4.545%,90383,45674377.00,United States,,Finance: Consumer Services,Finance,/market-activity/stocks/usdew
USEA,United Maritime Corporation Common Stock,$2.97,0.15,5.319%,211925,28328273.00,Greece,,Marine Transportation,Consumer Discretionary,/market-activity/stocks/usea
USGO,U.S. GoldMining Inc. Common stock,$8.56,0.11,1.302%,51111,120145900.00,United States,2023,Precious Metals,Basic Materials,/market-activity/stocks/usgo
USIO,Usio Inc. Common Stock,$2.86,0.05,1.779%,205791,81496884.00,United States,,Investment Bankers/Brokers/Service,Finance,/market-activity/stocks/usio
USLM,United States Lime & Minerals Inc. Common Stock,$115.47,0.42,0.365%,130953,3312645276.00,United States,,Mining & Quarrying of Nonmetallic Minerals (No Fuels),Industrials,/market-activity/stocks/uslm
UTHR,United Therapeutics Corporation Common Stock,$492.02,-20.68,-4.034%,1404569,21103078278.00,United States,1999,Biotechnology: Pharmaceutical Preparations,Health Care,/market-activity/stocks/uthr
UTMD,Utah Medical Products Inc. Common Stock,$71.64,-0.12,-0.167%,31101,228088722.00,United States,,Medical/Dental Instruments,Health Care,/market-activity/stocks/utmd
UTSI,UTStarcom Holdings Corp. Ordinary Shares,$2.27,-0.03,-1.304%,4653,21551630.00,China,2000,Telecommunications Equipment,Telecommunications,/market-activity/stocks/utsi
UVSP,Univest Financial Corporation Common Stock,$41.63,0.53,1.29%,224038,1148187372.00,United States,,Major Banks,Finance,/market-activity/stocks/uvsp
UXIN,Uxin Limited ADS,$1.14,0.01,0.885%,22313,250777498.00,China,2018,Business Services,Consumer Discretionary,/market-activity/stocks/uxin
UYSC,UY Scuti Acquisition Corp. Ordinary Shares,$10.99,0.00,0.00%,24,0.00,United States,2025,Blank Checks,Finance,/market-activity/stocks/uysc
UZX,Linkage Global Inc. Class A Ordinary Shares,$0.1221,0.0034,2.864%,2285424,8075472.00,Japan,2023,Catalog/Specialty Distribution,Consumer Discretionary,/market-activity/stocks/uzx
VABK,Virginia National Bankshares Corporation Common Stock,$46.75,0.40,0.863%,6182,253631934.00,United States,,Major Banks,Finance,/market-activity/stocks/vabk
VAI,Valor Energy Incorporated Common Stock,$2.02,0.32,18.824%,165864,29406128.00,China,2018,Rental/Leasing Companies,Consumer Discretionary,/market-activity/stocks/vai
VALN,Valneva SE American Depositary Shares,$7.12,0.55,8.371%,137182,675585607.00,France,2021,Biotechnology: Biological Products (No Diagnostic Substances),Health Care,/market-activity/stocks/valn
VALU,Value Line Inc. Common Stock,$38.09,-0.62,-1.602%,3046,357420296.00,United States,1983,Investment Managers,Finance,/market-activity/stocks/valu
VANI,Vivani Medical Inc. Common Stock (DE),$1.42,0.06,4.412%,143181,128088766.00,United States,2014,Biotechnology: Electromedical & Electrotherapeutic Apparatus,Health Care,/market-activity/stocks/vani
VBIO,Valion Bio Inc. Common Stock,$3.12,0.05,1.629%,150000,4011150.00,United States,2021,Biotechnology: Electromedical & Electrotherapeutic Apparatus,Health Care,/market-activity/stocks/vbio
VBNK,VersaBank Common Shares,$19.28,0.315,1.661%,121721,624980615.00,Canada,,Commercial Banks,Finance,/market-activity/stocks/vbnk
VC,Visteon Corporation Common Stock,$101.72,0.96,0.953%,302164,2715459038.00,United States,,Auto Parts:O.E.M.,Consumer Discretionary,/market-activity/stocks/vc
VCEL,Vericel Corporation Common Stock,$40.89,0.39,0.963%,395555,2093838446.00,United States,,Biotechnology: Biological Products (No Diagnostic Substances),Health Care,/market-activity/stocks/vcel
VCIG,VCI Global Limited Ordinary Share,$1.83,-0.03,-1.613%,104445,2317688.00,Malaysia,2023,Diversified Commercial Services,Consumer Discretionary,/market-activity/stocks/vcig
VCRE,Vicore Pharma Holding AB American Depositary Shares,$11.24,0.1688,1.525%,19574,3164347665.00,Sweden,,Biotechnology: Pharmaceutical Preparations,Health Care,/market-activity/stocks/vcre
VCTR,Victory Capital Holdings Inc. Class A Common Stock,$111.37,-1.71,-1.512%,544110,6850321034.00,United States,2018,Investment Managers,Finance,/market-activity/stocks/vctr
VCYT,Veracyte Inc. Common Stock,$44.88,1.45,3.339%,1371831,3607936007.00,United States,2013,Medical Specialities,Health Care,/market-activity/stocks/vcyt
VECO,Veeco Instruments Inc. Common Stock,$43.02,0.97,2.307%,867460,2629797113.00,United States,1994,Industrial Machinery/Components,Technology,/market-activity/stocks/veco
VEEA,Veea Inc. Common Stock,$1.67,-0.04,-2.339%,82091,5194882.00,United States,2021,EDP Services,Technology,/market-activity/stocks/veea
VEEAW,Veea Inc. Warrant,$0.04,0.0092,29.87%,5000,124428.00,United States,2021,EDP Services,Technology,/market-activity/stocks/veeaw
VEEE,Twin Vee PowerCats Co. Common Stock,$9.14,-0.26,-2.766%,13198,5250948.00,United States,2021,Marine Transportation,Industrials,/market-activity/stocks/veee
VELO,Velo3D Inc. Common stock,$11.62,0.37,3.289%,771490,373572751.00,United States,,Industrial Machinery/Components,Technology,/market-activity/stocks/velo
VEON,VEON Ltd. ADS,$65.77,3.45,5.536%,167025,4529000795.00,Netherlands,,Telecommunications Equipment,Telecommunications,/market-activity/stocks/veon
VERA,Vera Therapeutics Inc. Class A Common Stock,$35.66,1.43,4.178%,1756912,2569778526.00,United States,2021,Biotechnology: Pharmaceutical Preparations,Health Care,/market-activity/stocks/vera
VERI,Veritone Inc. Common Stock,$0.8041,0.0191,2.433%,2956999,80777528.00,United States,2017,EDP Services,Technology,/market-activity/stocks/veri
VERU,Veru Inc. Common Stock,$2.75,0.06,2.23%,202620,46888380.00,United States,,Biotechnology: Pharmaceutical Preparations,Health Care,/market-activity/stocks/veru
VERX,Vertex Inc. Class A Common Stock,$13.48,-0.35,-2.531%,1388574,2186698370.00,United States,2020,Computer Software: Prepackaged Software,Technology,/market-activity/stocks/verx
VFF,Village Farms International Inc. Common Shares,$2.89,0.05,1.761%,641498,353407398.00,Canada,,Farming/Seeds/Milling,Consumer Staples,/market-activity/stocks/vff
VFS,VinFast Auto Ltd. Ordinary Shares,$3.11,0.00,0.00%,218608,7275956991.00,Singapore,,Auto Manufacturing,Industrials,/market-activity/stocks/vfs
VFSWW,VinFast Auto Ltd. Warrant,$0.21,-0.002,-0.943%,3223,491302562.00,Singapore,,Auto Manufacturing,Industrials,/market-activity/stocks/vfsww
VGAS,Verde Clean Fuels Inc. Class A Common Stock,$1.35,-0.01,-0.735%,9077,60141988.00,United States,2021,Major Chemicals,Industrials,/market-activity/stocks/vgas
VGASW,Verde Clean Fuels Inc. Warrant,$0.0288,0.001,3.597%,2579,1283029.00,United States,2021,Major Chemicals,Industrials,/market-activity/stocks/vgasw
VHC,VirnetX Holding Corp Common Stock,$11.30,0.02,0.177%,562189,47647953.00,United States,,Multi-Sector Companies,Miscellaneous,/market-activity/stocks/vhc
VHCP,Vine Hill Capital Investment Corp. II Class A Ordinary Shares,$10.07,0.00,0.00%,89,0.00,United States,2026,,,/market-activity/stocks/vhcp
VHUB,VenHub Global Inc. Common Stock,$0.8156,-0.026,-3.089%,63481,74540014.00,United States,,Industrial Machinery/Components,Technology,/market-activity/stocks/vhub
VIAV,Viavi Solutions Inc. Common Stock,$34.50,-0.31,-0.891%,3329156,8512869066.00,United States,,Semiconductors,Technology,/market-activity/stocks/viav
VICR,Vicor Corporation Common Stock,$181.59,5.60,3.182%,1005697,8372521464.00,United States,,Industrial Machinery/Components,Technology,/market-activity/stocks/vicr
VINP,Vinci Compass Investments Ltd. Class A Common Shares,$9.90,0.065,0.661%,22551,647678770.00,Brazil,2021,Investment Managers,Finance,/market-activity/stocks/vinp
VIOT,Viomi Technology Co. Ltd American Depositary Shares,$1.78,0.8107,83.638%,53672940,111176338.00,China,2018,Consumer Electronics/Appliances,Consumer Discretionary,/market-activity/stocks/viot
VIP,Vulcan Infrastructure and Power Inc. Class A Common Stock,$1.81,0.11,6.471%,221425,33358123.00,United States,,Finance: Consumer Services,Finance,/market-activity/stocks/vip
VIR,Vir Biotechnology Inc. Common Stock,$11.50,-0.13,-1.118%,3019949,1945983517.00,United States,2019,Biotechnology: Biological Products (No Diagnostic Substances),Health Care,/market-activity/stocks/vir
VIRC,Virco Manufacturing Corporation Common Stock,$6.01,-0.05,-0.825%,25055,94534553.00,United States,,Industrial Specialties,Consumer Discretionary,/market-activity/stocks/virc
VISN,Vistance Networks Inc. Common Stock,$6.47,0.25,4.019%,10137304,1492152886.00,United States,2013,Radio And Television Broadcasting And Communications Equipment,Technology,/market-activity/stocks/visn
VITL,Vital Farms Inc. Common Stock,$10.12,-0.09,-0.881%,1193150,434467003.00,United States,2020,Packaged Foods,Consumer Staples,/market-activity/stocks/vitl
VIVK,Vivakor Inc. Common Stock,$0.9011,0.1172,14.951%,79646955,7374265.00,United States,,Environmental Services,Utilities,/market-activity/stocks/vivk
VIVO,VivoPower PLC Class A Ordinary Shares,$3.88,0.07,1.837%,271182,124134993.00,United Kingdom,,Power Generation,Utilities,/market-activity/stocks/vivo
VIVS,VivoSim Labs Inc. Common Stock,$0.2798,0.0011,0.395%,386564,4640901.00,United States,,Biotechnology: Biological Products (No Diagnostic Substances),Health Care,/market-activity/stocks/vivs
VKTX,Viking Therapeutics Inc. Common Stock,$33.50,-0.17,-0.505%,1573318,3907873390.00,United States,2015,Biotechnology: Pharmaceutical Preparations,Health Care,/market-activity/stocks/vktx
VLGEA,Village Super Market Inc. Class A Common Stock,$42.89,-0.09,-0.209%,51136,635179069.00,United States,,Food Chains,Consumer Staples,/market-activity/stocks/vlgea
VLOS,Velos Acquisition I Corp. Class A Ordinary shares,$10.69,0.00,0.00%,250284,0.00,United States,2024,,,/market-activity/stocks/vlos
VLY,Valley National Bancorp Common Stock,$13.81,0.43,3.214%,7023325,7631478171.00,United States,,Major Banks,Finance,/market-activity/stocks/vly
VLYPN,Valley National Bancorp 8.250% Fixed-Rate Reset Non-Cumulative Perpetual Preferred Stock Series C,$25.81,0.02,0.078%,8494,14262740883.00,United States,,Major Banks,Finance,/market-activity/stocks/vlypn
VLYPO,Valley National Bancorp 5.50% Fixed-to-Floating Rate Non-Cumulative Perpetual Preferred Stock Series B,$24.93,-0.12,-0.479%,4707,13776448284.00,United States,,Major Banks,Finance,/market-activity/stocks/vlypo
VLYPP,Valley National Bancorp 6.25% Fixed-to-Floating Rate Non-Cumulative Perpetual Preferred Stock Series A,$25.21,0.02,0.079%,3080,13931177747.00,United States,,Major Banks,Finance,/market-activity/stocks/vlypp
VMAR,Vision Marine Technologies Inc. Common Shares,$8.45,0.55,6.962%,64073,5518239.00,Canada,2020,Marine Transportation,Industrials,/market-activity/stocks/vmar
VMD,Viemed Healthcare Inc. Common Shares,$8.98,0.18,2.045%,280462,342032287.00,United States,,Misc Health and Biotechnology Services,Health Care,/market-activity/stocks/vmd
VMET,Versamet Royalties Corporation Common Stock,$10.32,0.39,3.927%,338981,1123120512.00,Canada,,Precious Metals,Industrials,/market-activity/stocks/vmet
VNCE,Vince Holding Corp. Common Stock,$6.24,-0.26,-4.00%,91708,80167115.00,United States,,Clothing/Shoe/Accessory Stores,Consumer Discretionary,/market-activity/stocks/vnce
VNDA,Vanda Pharmaceuticals Inc. Common Stock,$5.53,0.11,2.03%,621110,334358659.00,United States,2006,Biotechnology: Pharmaceutical Preparations,Health Care,/market-activity/stocks/vnda
VNET,VNET Group Inc. American Depositary Shares,$6.07,-0.15,-2.412%,3685897,1728078273.00,China,2011,Computer Software: Programming Data Processing,Technology,/market-activity/stocks/vnet
VNME,Vendome Acquisition Corporation I Class A Ordinary Shares,$10.28,0.00,0.00%,80,0.00,United States,2025,Blank Checks,Finance,/market-activity/stocks/vnme
VNOM,Viper Energy Inc. Class A Common Stock,$45.12,-0.27,-0.595%,920017,16206873572.00,United States,2014,Oil & Gas Production,Energy,/market-activity/stocks/vnom
VOD,Vodafone Group Plc American Depositary Shares,$16.07,0.02,0.125%,2598793,38180726467.00,United Kingdom,,Telecommunications Equipment,Telecommunications,/market-activity/stocks/vod
VOGX,Vogenx Inc Common Stock,$32.10,-1.03,-3.109%,229978,476848293.00,United States,2026,Biotechnology: Pharmaceutical Preparations,Health Care,/market-activity/stocks/vogx
VOR,Vor Biopharma Inc. Common Stock,$24.76,2.12,9.364%,825016,1464858399.00,United States,2021,Biotechnology: Biological Products (No Diagnostic Substances),Health Care,/market-activity/stocks/vor
VOXR,Vox Royalty Corp. Common Stock,$5.57,0.21,3.918%,423322,387088732.00,Canada,,Precious Metals,Basic Materials,/market-activity/stocks/voxr
VRA,Vera Bradley Inc. Common Stock,$3.18,-0.01,-0.313%,64597,90433641.00,United States,2010,Apparel,Consumer Discretionary,/market-activity/stocks/vra
VRAX,Virax Biolabs Group Limited Ordinary Shares,$2.545,-0.055,-2.115%,25199,2028334.00,United Kingdom,2022,Biotechnology: In Vitro & In Vivo Diagnostic Substances,Health Care,/market-activity/stocks/vrax
VRCA,Verrica Pharmaceuticals Inc. Common Stock,$5.39,0.15,2.863%,31087,92593657.00,United States,2018,Biotechnology: Pharmaceutical Preparations,Health Care,/market-activity/stocks/vrca
VRDN,Viridian Therapeutics Inc. Common Stock,$22.78,-0.25,-1.086%,1417477,2580797888.00,United States,2014,Biotechnology: Pharmaceutical Preparations,Health Care,/market-activity/stocks/vrdn
VREX,Varex Imaging Corporation Common Stock,$18.47,0.00,0.00%,653595,777587000.00,United States,,Industrial Machinery/Components,Technology,/market-activity/stocks/vrex
VRM,Vroom Inc. Common Stock,$9.10,-0.20,-2.151%,8565,47632612.00,United States,,Retail-Auto Dealers and Gas Stations,Consumer Discretionary,/market-activity/stocks/vrm
VRME,VerifyMe Inc. Common Stock,$0.615,-0.0245,-3.831%,29853,8096596.00,United States,,EDP Services,Technology,/market-activity/stocks/vrme
VRNS,Varonis Systems Inc. Common Stock,$46.76,4.41,10.413%,5700379,5370876279.00,United States,2014,Computer Software: Prepackaged Software,Technology,/market-activity/stocks/vrns
VRRM,Verra Mobility Corporation Class A Common Stock,$4.20,0.03,0.719%,2675936,638327777.00,United States,2017,Transportation Services,Consumer Discretionary,/market-activity/stocks/vrrm
VRSK,Verisk Analytics Inc. Common Stock,$188.16,-6.19,-3.185%,1015224,24490155218.00,United States,2009,EDP Services,Technology,/market-activity/stocks/vrsk
VRSN,VeriSign Inc. Common Stock,$289.96,1.59,0.551%,766935,26183388000.00,United States,1998,EDP Services,Technology,/market-activity/stocks/vrsn
VRTX,Vertex Pharmaceuticals Incorporated Common Stock,$556.75,9.10,1.662%,1734759,141114369437.00,United States,1991,Biotechnology: Pharmaceutical Preparations,Health Care,/market-activity/stocks/vrtx
VRXA,Veraxa Biotech AG Ordinary Shares,$1.38,-0.02,-1.429%,176258,195142782.00,Switzerland,,Biotechnology: Pharmaceutical Preparations,Health Care,/market-activity/stocks/vrxa
VRXAW,Veraxa Biotech AG Warrants,$0.0998,0.00,0.00%,35,14112500.00,Switzerland,,Biotechnology: Pharmaceutical Preparations,Health Care,/market-activity/stocks/vrxaw
VS,Versus Systems Inc. Common Stock,$1.16,-0.09,-7.20%,28472,7206669.00,Canada,,EDP Services,Technology,/market-activity/stocks/vs
VSA,VisionSys AI Inc. American Depositary Shares,$3.25,-0.05,-1.515%,1922,9077042.00,China,2014,Other Consumer Services,Real Estate,/market-activity/stocks/vsa
VSAT,ViaSat Inc. Common Stock,$69.92,3.64,5.492%,2121393,9631886235.00,United States,1996,Telecommunications Equipment,Consumer Discretionary,/market-activity/stocks/vsat
VSEC,VSE Corporation Common Stock,$196.57,-1.68,-0.847%,340513,5516731546.00,United States,,Military/Government/Technical,Consumer Discretionary,/market-activity/stocks/vsec
VSECU,VSE Corporation Tangible Equity Units,$51.35,-1.34,-2.543%,175425,1441136312.00,United States,,,,/market-activity/stocks/vsecu
VSME,VS Media Holdings Limited Class A Ordinary Shares,$1.01,-0.01,-0.98%,8659,2778292.00,Singapore,2023,Advertising,Consumer Discretionary,/market-activity/stocks/vsme
VSNT,Versant Media Group Inc. Class A Common Stock ,$41.53,1.22,3.027%,1612119,5764044344.00,United States,,Broadcasting,Industrials,/market-activity/stocks/vsnt
VSTM,Verastem Inc. Common Stock,$8.02,0.41,5.388%,5260701,726318797.00,United States,2012,Biotechnology: Pharmaceutical Preparations,Health Care,/market-activity/stocks/vstm
VTGN,Vistagen Therapeutics Inc. Common Stock,$0.246,0.0027,1.11%,197894,10916720.00,United States,,Biotechnology: Pharmaceutical Preparations,Health Care,/market-activity/stocks/vtgn
VTIX,Virtuix Holdings Inc. Class A Common Stock,$1.31,0.02,1.55%,289338,44502467.00,United States,,Computer peripheral equipment,Technology,/market-activity/stocks/vtix
VTRS,Viatris Inc. Common Stock,$17.09,0.46,2.766%,7834767,19629417866.00,United States,,Biotechnology: Pharmaceutical Preparations,Health Care,/market-activity/stocks/vtrs
VTSI,VirTra Inc. Common Stock,$3.01,0.02,0.669%,19947,34072068.00,United States,,Miscellaneous manufacturing industries,Consumer Discretionary,/market-activity/stocks/vtsi
VTVT,vTv Therapeutics Inc. Class A Common Stock,$33.40,1.45,4.538%,39760,132061195.00,United States,2015,Biotechnology: Pharmaceutical Preparations,Health Care,/market-activity/stocks/vtvt
VUZI,Vuzix Corporation Common Stock,$2.44,0.02,0.826%,688461,205970721.00,United States,,Radio And Television Broadcasting And Communications Equipment,Technology,/market-activity/stocks/vuzi
VVOS,Vivos Therapeutics Inc. Common Stock,$0.1727,0.0041,2.432%,7570846,3474383.00,United States,2020,Medical/Dental Instruments,Health Care,/market-activity/stocks/vvos
VWAV,VisionWave Holdings Inc. Common Stock,$0.6501,0.0401,6.574%,2665148,19635736.00,United States,,Computer Software: Prepackaged Software,Technology,/market-activity/stocks/vwav
VWAVW,VisionWave Holdings Inc. Warrant,$0.074,0.008,12.121%,19981,2235109.00,United States,,Computer Software: Prepackaged Software,Technology,/market-activity/stocks/vwavw
VYGR,Voyager Therapeutics Inc. Common Stock,$3.54,0.11,3.207%,435045,218127536.00,United States,2015,Biotechnology: Biological Products (No Diagnostic Substances),Health Care,/market-activity/stocks/vygr
WABC,Westamerica Bancorporation Common Stock,$58.92,0.75,1.289%,112562,1361709135.00,United States,,Major Banks,Finance,/market-activity/stocks/wabc
WAFD,WaFd Inc. Common Stock,$35.94,0.56,1.583%,473529,2659388854.00,United States,,Major Banks,Finance,/market-activity/stocks/wafd
WAFDP,WaFd Inc. Depositary Shares,$16.525,-0.025,-0.151%,4186,1222771308.00,United States,,Major Banks,Finance,/market-activity/stocks/wafdp
WAFU,Wah Fu Education Group Limited Ordinary Shares,$1.40,0.07,5.263%,101934,6174783.00,China,2019,Other Consumer Services,Real Estate,/market-activity/stocks/wafu
WALD,Waldencast plc Class A Ordinary Share,$1.35,0.00,0.00%,236566,173611233.00,United States,2021,Package Goods/Cosmetics,Consumer Discretionary,/market-activity/stocks/wald
WALDW,Waldencast plc Warrant ,$0.0278,-0.0006,-2.113%,20930,3575105.00,United States,2021,Package Goods/Cosmetics,Consumer Discretionary,/market-activity/stocks/waldw
WASH,Washington Trust Bancorp Inc. Common Stock,$39.46,0.90,2.334%,132878,752672707.00,United States,,Major Banks,Finance,/market-activity/stocks/wash
WATR,Air Water Ventures Limited Ordinary Shares,$2.04,-0.10,-4.673%,174294,64544486.00,United Arab Emirates,,Beverages (Production/Distribution),Consumer Staples,/market-activity/stocks/watr
WATT,Energous Corporation Common Stock,$10.48,0.10,0.963%,144119,57923704.00,United States,2014,Radio And Television Broadcasting And Communications Equipment,Technology,/market-activity/stocks/watt
WAVE,Eco Wave Power Global AB (publ) American Depositary Shares,$6.10,0.27,4.631%,27348,38061950.00,Israel,2021,Electric Utilities: Central,Utilities,/market-activity/stocks/wave
WAY,Waystar Holding Corp. Common Stock,$25.72,-0.04,-0.155%,1675849,4931769260.00,United States,2024,EDP Services,Technology,/market-activity/stocks/way
WB,Weibo Corporation American Depositary Share,$6.77,-0.03,-0.441%,1623582,1663203312.00,China,2014,Computer Software: Programming Data Processing,Technology,/market-activity/stocks/wb
WBD,Warner Bros. Discovery Inc. Series A Common Stock ,$28.39,0.07,0.247%,21713975,71278867084.00,United States,,Cable & Other Pay Television Services,Telecommunications,/market-activity/stocks/wbd
WBTN,WEBTOON Entertainment Inc. Common stock,$10.20,-0.12,-1.163%,288024,1384252914.00,United States,2024,Publishing,Consumer Discretionary,/market-activity/stocks/wbtn
WBUY,WEBUY GLOBAL LTD. Class A Ordinary Shares,$0.9309,-0.0648,-6.508%,202807,5102360.00,Singapore,2023,Other Specialty Stores,Consumer Discretionary,/market-activity/stocks/wbuy
WCT,Wellchange Holdings Company Limited Class A Ordinary shares,$1.20,-0.15,-11.111%,315359,63678394.00,Hong Kong,2024,Computer Software: Prepackaged Software,Technology,/market-activity/stocks/wct
WDAY,Workday Inc. Class A Common Stock,$200.87,2.49,1.255%,2779648,48409670000.00,United States,,EDP Services,Technology,/market-activity/stocks/wday
WDC,Western Digital Corporation Common Stock,$448.90,-1.54,-0.342%,4052295,161846829762.00,United States,,Electronic Components,Technology,/market-activity/stocks/wdc
WDFC,WD-40 Company Common Stock,$212.08,-0.57,-0.268%,111189,2846346040.00,United States,1973,Major Chemicals,Industrials,/market-activity/stocks/wdfc
WEN,Wendy's Company (The) Common Stock,$8.24,-0.03,-0.363%,5197202,1571120223.00,United States,,Restaurants,Consumer Discretionary,/market-activity/stocks/wen
WENN,Wen Acquisition Corp Class A Ordinary Shares,$10.3858,0.0058,0.056%,283517,0.00,United States,2025,,,/market-activity/stocks/wenn
WENNW,Wen Acquisition Corp Warrant,$0.28,0.00,0.00%,5,0.00,United States,2025,Blank Checks,Finance,/market-activity/stocks/wennw
WERN,Werner Enterprises Inc. Common Stock,$37.88,0.04,0.106%,577497,2271934669.00,United States,1986,Trucking Freight/Courier Services,Industrials,/market-activity/stocks/wern
WEST,Westrock Coffee Company Common Stock,$7.84,0.14,1.818%,212790,765398714.00,United States,,Beverages (Production/Distribution),Consumer Staples,/market-activity/stocks/west
WETH,Wetouch Technology Inc. Common Stock,$1.20,0.00,0.00%,43375,16057841.00,China,,Computer peripheral equipment,Technology,/market-activity/stocks/weth
WETO,Wetour Robotics Limited Ordinary Shares,$3.93,-2.01,-33.838%,6448989,4235758.00,China,2025,Other Transportation,Industrials,/market-activity/stocks/weto
WEYS,Weyco Group Inc. Common Stock,$44.82,0.58,1.311%,36070,428075058.00,United States,,Apparel,Consumer Staples,/market-activity/stocks/weys
WFCF,Where Food Comes From Inc. Common Stock,$14.07,-0.05,-0.354%,5885,70063858.00,United States,,Computer Software: Prepackaged Software,Technology,/market-activity/stocks/wfcf
WFF,WF Holding Limited Ordinary Shares,$2.02,0.05,2.538%,215495,84678267.00,Malaysia,2025,Miscellaneous manufacturing industries,Consumer Discretionary,/market-activity/stocks/wff
WFRD,Weatherford International plc Ordinary Shares,$97.71,3.19,3.375%,978320,6987447682.00,United States,,Oil and Gas Field Machinery,Consumer Discretionary,/market-activity/stocks/wfrd
WGS,GeneDx Holdings Corp. Class A Common Stock,$86.72,1.91,2.252%,500188,2586210756.00,United States,2020,Medical/Nursing Services,Health Care,/market-activity/stocks/wgs
WHF,WhiteHorse Finance Inc. Common Stock,$7.07,0.05,0.712%,48203,151838650.00,United States,,Finance Companies,Finance,/market-activity/stocks/whf
WHFCL,WhiteHorse Finance Inc. 7.875% Notes due 2028,$25.05,0.02,0.08%,4247,582239354.00,United States,,,,/market-activity/stocks/whfcl
WHLR,Wheeler Real Estate Investment Trust Inc. Common Stock,$0.5254,-0.0539,-9.304%,2755314,405636.00,United States,2012,Real Estate Investment Trusts,Real Estate,/market-activity/stocks/whlr
WHLRD,Wheeler Real Estate Investment Trust Inc. Series D Cumulative Preferred Stock,$36.00,0.00,0.00%,62,27793836.00,United States,,Real Estate Investment Trusts,Real Estate,/market-activity/stocks/whlrd
WHLRP,Wheeler Real Estate Investment Trust Inc. Class B Preferred Stock,$9.00,0.00,0.00%,2,6948459.00,United States,,Real Estate Investment Trusts,Real Estate,/market-activity/stocks/whlrp
WHWK,Whitehawk Therapeutics Inc. Common Stock,$4.71,0.08,1.728%,138976,268512437.00,United States,,Biotechnology: Pharmaceutical Preparations,Health Care,/market-activity/stocks/whwk
WIMI,WiMi Hologram Cloud Inc. Class B Ordinary Shares,$1.30,-0.03,-2.256%,81161,23900570.00,China,2020,Computer Software: Prepackaged Software,Technology,/market-activity/stocks/wimi
WINA,Winmark Corporation Common Stock,$319.52,-6.53,-2.003%,81199,1147769839.00,United States,,Other Specialty Stores,Consumer Discretionary,/market-activity/stocks/wina
WING,Wingstop Inc. Common Stock,$113.155,3.555,3.244%,1432824,3082630293.00,United States,2015,Restaurants,Consumer Discretionary,/market-activity/stocks/wing
WIX,Wix.com Ltd. Ordinary Shares,$86.69,-1.685,-1.907%,2837382,3627934109.00,Israel,2013,Computer Software: Programming Data Processing,Technology,/market-activity/stocks/wix
WKEY,WISeKey International Holding Ltd American Depositary Shares,$6.31,0.16,2.602%,17304,71797288.00,Switzerland,,EDP Services,Technology,/market-activity/stocks/wkey
WKHS,Workhorse Group Inc. Common Stock,$3.26,-0.30,-8.427%,116984,35627187.00,United States,,Auto Manufacturing,Industrials,/market-activity/stocks/wkhs
WKSP,Worksport Ltd. Common Stock,$0.567,-0.012,-2.073%,489299,8674155.00,Canada,,Auto Parts:O.E.M.,Consumer Discretionary,/market-activity/stocks/wksp
WLCO,Wilco 63 Corporation Class A Ordinary Shares,$9.88,0.04,0.407%,372,0.00,Cayman Islands,2026,Blank Checks,Finance,/market-activity/stocks/wlco
WLCOU,Wilco 63 Corporation Units,$9.98,0.00,0.00%,3423,0.00,Cayman Islands,2026,Blank Checks,Finance,/market-activity/stocks/wlcou
WLCOW,Wilco 63 Corporation Warrant,$0.2888,-0.0312,-9.75%,10170,0.00,Cayman Islands,2026,Blank Checks,Finance,/market-activity/stocks/wlcow
WLDN,Willdan Group Inc. Common Stock,$87.56,0.22,0.252%,190512,1333721888.00,United States,2006,Military/Government/Technical,Consumer Discretionary,/market-activity/stocks/wldn
WLDS,Wearable Devices Ltd. Ordinary Share,$2.02,-0.21,-9.417%,114970,4968677.00,Israel,2022,Computer Communications Equipment,Telecommunications,/market-activity/stocks/wlds
WLDSW,Wearable Devices Ltd. Warrant,$12.00,0.00,0.00%,2,29516892.00,Israel,2022,Computer Communications Equipment,Telecommunications,/market-activity/stocks/wldsw
WLFC,Willis Lease Finance Corporation Common Stock,$54.90,0.88,1.629%,297091,1160811694.00,United States,1996,Industrial Specialties,Consumer Discretionary,/market-activity/stocks/wlfc
WLII,Willow Lane Acquisition Corp. II Class A Ordinary Shares,$10.26,0.00,0.00%,47,0.00,United States,2026,Blank Checks,Finance,/market-activity/stocks/wlii
WLIIU,Willow Lane Acquisition Corp. II Unit,$10.4401,0.00,0.00%,2,0.00,United States,2026,,,/market-activity/stocks/wliiu
WLIIW,Willow Lane Acquisition Corp. II Warrants,$0.80,-0.0156,-1.913%,1014,0.00,United States,2026,Blank Checks,Finance,/market-activity/stocks/wliiw
WLTH,Wealthfront Corporation Common Stock,$9.01,0.15,1.693%,1154517,1345744556.00,United States,2025,Finance: Consumer Services,Finance,/market-activity/stocks/wlth
WMG,Warner Music Group Corp. Class A Common Stock,$28.35,0.38,1.359%,1165274,14830161951.00,United States,2020,Services-Misc. Amusement & Recreation,Consumer Discretionary,/market-activity/stocks/wmg
WMT,Walmart Inc. Common Stock,$106.09,0.17,0.16%,25181833,841691138708.00,United States,,Department/Specialty Retail Stores,Consumer Discretionary,/market-activity/stocks/wmt
WNEB,Western New England Bancorp Inc. Common Stock,$13.73,0.19,1.403%,71035,275229823.00,United States,,Savings Institutions,Finance,/market-activity/stocks/wneb
WNW,Meiwu Technology Company Limited Ordinary Shares,$2.35,-0.09,-3.689%,80930,61876607.00,China,2020,Package Goods/Cosmetics,Consumer Discretionary,/market-activity/stocks/wnw
WOK,WORK Medical Technology Group LTD Class A Ordinary Shares,$2.15,-0.07,-3.153%,85870,9605293.00,China,2024,Medical/Dental Instruments,Health Care,/market-activity/stocks/wok
WOOF,Petco Health and Wellness Company Inc. Class A Common Stock,$2.63,0.05,1.938%,5047773,850426369.00,United States,2021,Other Specialty Stores,Consumer Discretionary,/market-activity/stocks/woof
WPRT,Westport Fuel Systems Inc Common Shares,$1.85,0.00,0.00%,61401,35142108.00,Canada,2008,Industrial Machinery/Components,Industrials,/market-activity/stocks/wprt
WRAP,Wrap Technologies Inc. Common Stock,$1.69,0.10,6.289%,857711,109134407.00,United States,,Ordnance And Accessories,Industrials,/market-activity/stocks/wrap
WRD,WeRide Inc. American Depositary Shares,$5.77,0.11,1.943%,1394424,1934429861.00,China,2024,EDP Services,Technology,/market-activity/stocks/wrd
WRLD,World Acceptance Corporation Common Stock,$190.57,10.26,5.69%,57468,888662213.00,United States,1991,Finance: Consumer Services,Finance,/market-activity/stocks/wrld
WSBC,WesBanco Inc. Common Stock,$40.46,0.98,2.482%,867516,3880352269.00,United States,,Major Banks,Finance,/market-activity/stocks/wsbc
WSBCO,WesBanco Inc. Depositary Shares each representing 1/40th interest in a share of 7.375% Fixed-Rate Reset Non-Cumulative Perpetual Preferred Stock Series B,$25.75,-0.11,-0.425%,3119,2469576642.00,United States,,Major Banks,Finance,/market-activity/stocks/wsbco
WSBF,Waterstone Financial Inc. Common Stock (MD),$21.23,0.39,1.871%,86390,381652304.00,United States,2005,Savings Institutions,Finance,/market-activity/stocks/wsbf
WSBK,Winchester Bancorp Inc. Common Stock,$13.00,0.03,0.231%,15343,120839888.00,United States,2025,Banks,Finance,/market-activity/stocks/wsbk
WSC,WillScot Holdings Corporation Class A Common Stock,$19.58,-0.05,-0.255%,3799900,3547718958.00,United States,2015,Misc Corporate Leasing Services,Industrials,/market-activity/stocks/wsc
WSE,Wise Group plc Class A Ordinary Shares,$13.00,0.06,0.464%,1140449,15983543043.00,United Kingdom,,Diversified Commercial Services,Industrials,/market-activity/stocks/wse
WSFS,WSFS Financial Corporation Common Stock,$78.61,1.92,2.504%,330330,4016232459.00,United States,,Major Banks,Finance,/market-activity/stocks/wsfs
WSHP,WeShop Holdings Limited Class A Ordinary Shares,$5.19,0.19,3.80%,123327,124523680.00,Jersey,,Other Specialty Stores,Consumer Discretionary,/market-activity/stocks/wshp
WSTN,Westin Acquisition Corp Class A Ordinary Share,$10.16,0.00,0.00%,23,81838800.00,Singapore,2025,EDP Services,Technology,/market-activity/stocks/wstn
WTBA,West Bancorporation Common Stock,$28.67,0.59,2.101%,78710,488644112.00,United States,,Major Banks,Finance,/market-activity/stocks/wtba
WTF,Waton Financial Limited Ordinary Shares,$2.78,0.1199,4.507%,1533,134100172.00,Hong Kong,2025,Investment Bankers/Brokers/Service,Finance,/market-activity/stocks/wtf
WTFC,Wintrust Financial Corporation Common Stock,$152.22,3.48,2.34%,380410,10269669497.00,United States,,Major Banks,Finance,/market-activity/stocks/wtfc
WTFCN,Wintrust Financial Corporation Depositary Shares Each Representing a 1/1000th Interest in a Share of 7.875% Fixed-Rate Reset Non-Cumulative Perpetual Preferred StocK,$26.155,-0.025,-0.095%,5076,1764572367.00,United States,,Major Banks,Finance,/market-activity/stocks/wtfcn
WTG,Wintergreen Acquisition Corp. Ordinary Shares,$10.58,0.00,0.00%,4728,0.00,China,2025,Blank Checks,Finance,/market-activity/stocks/wtg
WTGUU,Wintergreen Acquisition Corp. Unit,$10.58,0.00,0.00%,4,0.00,China,2025,,,/market-activity/stocks/wtguu
WTW,Willis Towers Watson Public Limited Company Ordinary Shares,$337.73,3.26,0.975%,270272,31365639283.00,United Kingdom,,Specialty Insurers,Finance,/market-activity/stocks/wtw
WULF,TeraWulf Inc. Common Stock,$14.82,0.17,1.16%,22200744,7394715793.00,United States,,Finance: Consumer Services,Finance,/market-activity/stocks/wulf
WVE,Wave Life Sciences Inc. Common Stock,$4.88,-0.09,-1.811%,5479219,961595094.00,Singapore,2015,Biotechnology: Pharmaceutical Preparations,Health Care,/market-activity/stocks/wve
WVVI,Willamette Valley Vineyards Inc. Common Stock,$2.23,-0.09,-3.879%,12046,11104350.00,United States,,Beverages (Production/Distribution),Consumer Staples,/market-activity/stocks/wvvi
WVVIP,Willamette Valley Vineyards Inc. Series A Redeemable Preferred Stock,$2.91,-0.06,-2.02%,113808,14490429.00,United States,,Beverages (Production/Distribution),Consumer Staples,/market-activity/stocks/wvvip
WW,WW International Inc.  Common Stock,$17.09,0.82,5.04%,147958,170878808.00,United States,,Other Consumer Services,Consumer Discretionary,/market-activity/stocks/ww
WWD,Woodward Inc. Common Stock,$335.52,-1.06,-0.315%,521383,19811053526.00,United States,,Industrial Machinery/Components,Energy,/market-activity/stocks/wwd
WXM,WF International Limited Ordinary Shares,$4.20,-0.165,-3.78%,16500,12710267.00,China,2025,Engineering & Construction,Consumer Discretionary,/market-activity/stocks/wxm
WYFI,WhiteFiber Inc. Ordinary Shares,$17.31,-0.19,-1.086%,1441324,672460923.00,United States,2025,Finance: Consumer Services,Finance,/market-activity/stocks/wyfi
WYHG,Wing Yip Food Holdings Group Limited American Depositary Shares,$4.09,-0.185,-4.327%,42243,51463374.00,China,2024,Specialty Foods,Consumer Staples,/market-activity/stocks/wyhg
WYNN,Wynn Resorts Limited Common stock,$91.52,0.92,1.015%,1757802,9424170504.00,United States,2002,Hotels/Resorts,Consumer Discretionary,/market-activity/stocks/wynn
XAIR,Beyond Air Inc. Common Stock,$3.62,-0.04,-1.093%,142765,3466624.00,United States,,Medical/Dental Instruments,Health Care,/market-activity/stocks/xair
XBIO,Xenetic Biosciences Inc. Common Stock,$4.25,0.02,0.473%,24903,9958519.00,United States,,Biotechnology: Pharmaceutical Preparations,Health Care,/market-activity/stocks/xbio
XBIT,XBiotech Inc. Common Stock,$2.19,-0.03,-1.351%,109030,66768131.00,United States,2015,Biotechnology: Pharmaceutical Preparations,Health Care,/market-activity/stocks/xbit
XBP,XBP Global Holdings Inc. Common Stock,$2.81,-0.04,-1.404%,17328,33386563.00,United States,2021,EDP Services,Technology,/market-activity/stocks/xbp
XBPEW,XBP Europe Holdings Inc. Warrant,$0.0313,-0.0137,-30.444%,13897,371886.00,United States,2021,EDP Services,Technology,/market-activity/stocks/xbpew
XCBE,X3 Acquisition Corp. Ltd. Class A Ordinary Shares,$10.00,0.00,0.00%,72,0.00,United States,2026,,,/market-activity/stocks/xcbe
XCH,XCHG Limited American Depositary Share,$3.62,-0.21,-5.483%,5590,16023691.00,Germany,2024,Industrial Machinery/Components,Miscellaneous,/market-activity/stocks/xch
XCUR,Exicure Inc. Common Stock,$1.29,-0.01,-0.769%,15092,8444334.00,United States,,Biotechnology: Pharmaceutical Preparations,Health Care,/market-activity/stocks/xcur
XE,X-Energy Inc. Class A Common Stock,$18.10,-0.31,-1.684%,5257330,7355226555.00,United States,2026,Metal Fabrications,Industrials,/market-activity/stocks/xe
XEL,Xcel Energy Inc. Common Stock,$75.51,-0.38,-0.501%,5700512,47166136446.00,United States,,Power Generation,Utilities,/market-activity/stocks/xel
XELB,Xcel Brands Inc. Common Stock,$0.8852,-0.0148,-1.644%,10515,5807155.00,United States,,Multi-Sector Companies,Miscellaneous,/market-activity/stocks/xelb
XELLL,Xcel Energy Inc. 6.25% Junior Subordinated Notes Series due 2085,$22.50,0.00,0.00%,68590,0.00,United States,,Power Generation,Utilities,/market-activity/stocks/xelll
XENE,Xenon Pharmaceuticals Inc. Common Shares,$60.16,0.16,0.267%,637233,5825920389.00,Canada,2014,Biotechnology: Pharmaceutical Preparations,Health Care,/market-activity/stocks/xene
XERS,Xeris Biopharma Holdings Inc. Common Stock,$8.58,0.15,1.779%,1350812,1564308225.00,United States,2018,Biotechnology: Pharmaceutical Preparations,Health Care,/market-activity/stocks/xers
XFOR,X4 Pharmaceuticals Inc. Common Stock,$4.04,-0.03,-0.737%,360959,400552842.00,United States,2017,Biotechnology: Biological Products (No Diagnostic Substances),Health Care,/market-activity/stocks/xfor
XGN,Exagen Inc. Common Stock,$7.51,0.39,5.478%,244912,181932296.00,United States,2019,Medical Specialities,Health Care,/market-activity/stocks/xgn
XHG,XChange TEC.INC American Depositary Shares ,$3.32,-0.19,-5.413%,11381,171139114.00,China,2019,Specialty Insurers,Finance,/market-activity/stocks/xhg
XHLD,TEN Holdings Inc. Common Stock,$9.24,-0.18,-1.911%,700684,110671573.00,United States,2025,Business Services,Consumer Discretionary,/market-activity/stocks/xhld
XIIIU,Churchill Capital Corp XIII Units,$10.59,0.01,0.095%,54292,0.00,United States,2026,,,/market-activity/stocks/xiiiu
XLAB,Exascale Labs Holdings Inc. Class A Common Stock,$4.04,0.03,0.748%,169753,368448000.00,United States,,Computer Software: Prepackaged Software,Technology,/market-activity/stocks/xlab
XLABW,Exascale Labs Holdings Inc. Warrant,$0.375,0.0024,0.644%,51429,34200000.00,United States,,Computer Software: Prepackaged Software,Technology,/market-activity/stocks/xlabw
XLO,Xilio Therapeutics Inc. Common Stock,$8.84,-0.04,-0.45%,4661,58168517.00,United States,2021,Biotechnology: Pharmaceutical Preparations,Health Care,/market-activity/stocks/xlo
XMAX,XMAX Inc. Common Stock,$8.78,-0.01,-0.114%,513529,566515680.00,United States,,Home Furnishings,Consumer Discretionary,/market-activity/stocks/xmax
XMTR,Xometry Inc. Class A Common Stock,$92.23,1.08,1.185%,289286,5286953138.00,United States,2021,Business Services,Consumer Discretionary,/market-activity/stocks/xmtr
XNCR,Xencor Inc. Common Stock,$26.90,-1.01,-3.619%,1018417,2000106379.00,United States,2013,Biotechnology: Pharmaceutical Preparations,Health Care,/market-activity/stocks/xncr
XNDU,Xanadu Quantum Technologies Limited Class B Subordinate Voting Shares,$9.94,0.01,0.101%,2423530,3023986799.00,Canada,,Computer Manufacturing,Technology,/market-activity/stocks/xndu
XNET,Xunlei Limited American Depositary Shares,$4.76,-0.065,-1.347%,260782,1514960064.00,China,2014,Computer Software: Prepackaged Software,Technology,/market-activity/stocks/xnet
XOS,Xos Inc. Common Stock,$3.02,-0.08,-2.581%,265336,42937913.00,United States,2020,Auto Parts:O.E.M.,Consumer Discretionary,/market-activity/stocks/xos
XP,XP Inc. Class A Common Stock,$19.99,1.27,6.784%,9065714,10361055661.00,Brazil,2019,Investment Bankers/Brokers/Service,Finance,/market-activity/stocks/xp
XPEL,XPEL Inc. Common Stock,$49.56,1.39,2.886%,187526,1366406271.00,United States,,Industrial Specialties,Industrials,/market-activity/stocks/xpel
XPON,Expion Energy Inc. Common Stock,$6.08,-0.09,-1.459%,201557,5850997.00,United States,2022,Industrial Machinery/Components,Miscellaneous,/market-activity/stocks/xpon
XRAY,DENTSPLY SIRONA Inc. Common Stock,$11.29,0.53,4.926%,4607577,2250705260.00,United States,1987,Medical/Dental Instruments,Health Care,/market-activity/stocks/xray
XRPN,Armada Acquisition Corp. II Class A Ordinary Shares,$10.525,0.015,0.143%,48760,0.00,United States,2025,Blank Checks,Finance,/market-activity/stocks/xrpn
XRPNU,Armada Acquisition Corp. II Units,$10.93,-0.54,-4.708%,230,0.00,United States,2025,Blank Checks,Finance,/market-activity/stocks/xrpnu
XRPNW,Armada Acquisition Corp. II Warrant,$1.05,0.02,1.942%,31927,0.00,United States,2025,Blank Checks,Finance,/market-activity/stocks/xrpnw
XRTX,XORTX Therapeutics Inc. Common Shares,$2.48,0.32,14.815%,5822,4505081.00,Canada,,Biotechnology: Pharmaceutical Preparations,Health Care,/market-activity/stocks/xrtx
XRX,Xerox Holdings Corporation Common Stock,$3.18,0.02,0.633%,1685791,417580145.00,United States,,Computer peripheral equipment,Technology,/market-activity/stocks/xrx
XRXDW,Xerox Holdings Corporation Warrants,$0.3588,0.0288,8.727%,499976,47115647.00,United States,,Computer peripheral equipment,Technology,/market-activity/stocks/xrxdw
XSLL,Xsolla SPAC 1 Class A Ordinary Shares,$9.99,0.01,0.10%,347757,0.00,United States,2026,Blank Checks,Finance,/market-activity/stocks/xsll
XSLLW,Xsolla SPAC 1 Warrants,$0.2001,-0.0299,-13.00%,4982,0.00,United States,2026,Blank Checks,Finance,/market-activity/stocks/xsllw
XTER,Karman Line Acquisition Corp. Class A Ordinary Shares,$9.82,0.00,0.00%,2269,0.00,United States,2026,,,/market-activity/stocks/xter
XTERU,Karman Line Acquisition Corp. Units,$9.959,0.00,0.00%,7,0.00,United States,2026,,,/market-activity/stocks/xteru
XTERW,Karman Line Acquisition Corp. Warrants,$0.30,0.0494,19.713%,118073,0.00,United States,2026,,,/market-activity/stocks/xterw
XTIA,XTI Aerospace Inc. Common Stock,$0.95,-0.20,-17.391%,3300375,36553900.00,United States,2014,EDP Services,Technology,/market-activity/stocks/xtia
XTLB,XTL Biopharmaceuticals Ltd. American Depositary Shares,$2.66,0.34,14.655%,33326,6536852.00,Israel,,Biotechnology: Pharmaceutical Preparations,Health Care,/market-activity/stocks/xtlb
XWEL,XWELL Inc. Common Stock,$0.9659,0.0159,1.674%,13683,8296372.00,United States,,Other Consumer Services,Consumer Discretionary,/market-activity/stocks/xwel
XXII,22nd Century Group Inc. Common Stock,$2.34,-0.27,-10.345%,59406,1670746.00,United States,, Medicinal Chemicals and Botanical Products ,Health Care,/market-activity/stocks/xxii
YAAS,Youxin Technology Ltd Class A Ordinary shares,$1.73,-0.15,-7.979%,70636,27186322.00,China,2024,Computer Software: Prepackaged Software,Technology,/market-activity/stocks/yaas
YARW,Yarrow Bioscience Inc. Common Stock,$29.98,-1.00,-3.228%,34002,80038985.00,United States,2018,Biotechnology: Pharmaceutical Preparations,Health Care,/market-activity/stocks/yarw
YB,Yuanbao Inc. American Depositary Shares,$13.71,0.08,0.587%,27514,631759556.00,China,2025,Specialty Insurers,Finance,/market-activity/stocks/yb
YDDL,One and One Green Technologies. Inc Class A Ordinary Shares,$1.80,-0.03,-1.639%,360852,100859999.00,Philippines,2025,Industrial Specialties,Consumer Discretionary,/market-activity/stocks/yddl
YDES,YD Bio Limited Ordinary Shares,$3.76,-0.015,-0.397%,567679,266325861.00,United States,,Medical Specialities,Health Care,/market-activity/stocks/ydes
YDESW,YD Bio Limited Warrants,$0.425,0.00,0.00%,8,30103322.00,United States,,Medical Specialities,Health Care,/market-activity/stocks/ydesw
YDKG,Yueda Digital Holding Class A Ordinary Share,$0.9302,0.02,2.197%,19091,5155412.00,China,2007,Advertising,Consumer Discretionary,/market-activity/stocks/ydkg
YFOR,YYForce Inc. Class A Ordinary Shares,$1.41,1.41,,536573,18100706.00,Singapore,2024,Professional Services,Consumer Discretionary,/market-activity/stocks/yfor
YHC,LQR House Inc. Common Stock,$1.51,0.03,2.027%,55855,1968824.00,United States,2023,Beverages (Production/Distribution),Consumer Staples,/market-activity/stocks/yhc
YHGJ,Yunhong Green CTI Ltd. Common Stock,$2.79,0.00,0.00%,420,7279791.00,United States,,Specialty Chemicals,Industrials,/market-activity/stocks/yhgj
YHNA,YHN Acquisition I Limited Ordinary Shares,$11.03,0.00,0.00%,23,0.00,Hong Kong,2024,,,/market-activity/stocks/yhna
YHNAU,YHN Acquisition I Limited Unit,$11.29,0.25,2.264%,408,0.00,Hong Kong,2024,,,/market-activity/stocks/yhnau
YI,111 Inc. American Depositary Shares,$3.48,0.16,4.819%,1225,30613435.00,China,2018,Retail-Drug Stores and Proprietary Stores,Consumer Staples,/market-activity/stocks/yi
YIBO,Planet Image International Limited Class A Ordinary Shares,$1.24,0.00,0.00%,745,73450434.00,China,2024,Computer peripheral equipment,Technology,/market-activity/stocks/yibo
YICC,Yorkville International Capital Corp. Class A Ordinary Shares,$9.945,0.005,0.05%,12862,0.00,United States,2026,Blank Checks,Finance,/market-activity/stocks/yicc
YICCW,Yorkville International Capital Corp. Warrants,$0.38,-0.005,-1.299%,47126,0.00,United States,2026,Blank Checks,Finance,/market-activity/stocks/yiccw
YJ,Yunji Inc. American Depository Shares,$2.175,-0.235,-9.751%,132543,10713050.00,China,2019,Other Specialty Stores,Consumer Discretionary,/market-activity/stocks/yj
YMAT,J-Star Holding Co. Ltd. Class A Ordinary Shares,$1.90,0.015,0.796%,9713,7619196.00,Taiwan,2025,Recreational Games/Products/Toys,Consumer Discretionary,/market-activity/stocks/ymat
YMT,Yimutian Inc. American Depositary Shares,$2.22,-0.28,-11.20%,92434,1057988.00,China,2025,EDP Services,Technology,/market-activity/stocks/ymt
YORW,York Water Company (The) Common Stock,$34.08,-0.05,-0.146%,107940,553070040.00,United States,,Water Supply,Utilities,/market-activity/stocks/yorw
YOUL,Youlife Group Inc. American Depositary Shares,$0.4939,0.0146,3.046%,15041,69003265.00,China,,Other Consumer Services,Real Estate,/market-activity/stocks/youl
YQ,17 Education & Technology Group Inc. American Depositary Shares,$2.28,0.20,9.615%,38419,24750969.00,China,2020,Other Consumer Services,Real Estate,/market-activity/stocks/yq
YSWY,Yesway Inc. Class A Common Stock,$24.07,-0.24,-0.987%,238095,1521097536.00,United States,2026,Food Chains,Consumer Staples,/market-activity/stocks/yswy
YSXT,YSX Tech. Co. Ltd Class A Ordinary Shares,$1.25,0.03,2.459%,8880,39853125.00,China,2024,Automotive Aftermarket,Consumer Discretionary,/market-activity/stocks/ysxt
YTRA,Yatra Online Inc. Ordinary Shares,$0.9701,0.0001,0.01%,79371,62058545.00,India,,Transportation Services,Consumer Discretionary,/market-activity/stocks/ytra
YXT,YXT.COM GROUP HOLDING LIMITED American Depository Shares,$2.59,-0.03,-1.145%,28348,17120589.00,China,2024,Computer Software: Prepackaged Software,Technology,/market-activity/stocks/yxt
YYAI,AiRWA Inc. Common Stock,$0.8277,0.0157,1.933%,255734,3792007.00,United States,,Computer Software: Programming Data Processing,Technology,/market-activity/stocks/yyai
Z,Zillow Group Inc. Class C Capital Stock,$34.58,1.13,3.378%,2652328,7776175909.00,United States,,Business Services,Consumer Discretionary,/market-activity/stocks/z
ZBAO,Zhibao Technology Inc. Class A Ordinary Shares,$0.161,0.0091,5.991%,2355079,75039092.00,China,2024,Specialty Insurers,Finance,/market-activity/stocks/zbao
ZBIO,Zenas BioPharma Inc. Common Stock,$33.13,1.15,3.596%,757522,2159304833.00,United States,2024,Biotechnology: Pharmaceutical Preparations,Health Care,/market-activity/stocks/zbio
ZBRA,Zebra Technologies Corporation Class A Common Stock,$351.11,7.41,2.156%,517566,16611245833.00,United States,1991,Industrial Machinery/Components,Industrials,/market-activity/stocks/zbra
ZCMD,Zhongchao Inc. Class A Ordinary Shares,$0.9185,0.0595,6.927%,367391,8150288.00,China,2020,Other Consumer Services,Real Estate,/market-activity/stocks/zcmd
ZD,Ziff Davis Inc. Common Stock,$56.69,1.45,2.625%,845053,1943741822.00,United States,,Telecommunications Equipment,Telecommunications,/market-activity/stocks/zd
ZDAI,DirectBooking Technology Co. Ltd. Class A Ordinary Shares,$1.58,-0.05,-3.067%,14471,13253787.00,Hong Kong,2024,General Bldg Contractors - Nonresidential Bldgs,Consumer Discretionary,/market-activity/stocks/zdai
ZENA,ZenaTech Inc. Common Stock,$1.64,-0.035,-2.09%,1951787,140899009.00,Canada,,Computer Software: Prepackaged Software,Technology,/market-activity/stocks/zena
ZEO,Zeo Energy Corporation Class A Common Stock,$0.2249,0.0143,6.79%,2388101,13985067.00,United States,2021,Industrial Machinery/Components,Miscellaneous,/market-activity/stocks/zeo
ZEOWW,Zeo Energy Corporation Warrants,$0.017,0.0005,3.03%,7339,1057119.00,United States,2021,Industrial Machinery/Components,Miscellaneous,/market-activity/stocks/zeoww
ZG,Zillow Group Inc. Class A Common Stock,$35.44,1.08,3.143%,671351,7969568370.00,United States,2011,Business Services,Consumer Discretionary,/market-activity/stocks/zg
ZION,Zions Bancorporation N.A. Common Stock,$68.02,1.66,2.502%,1173016,9927747207.00,United States,,Major Banks,Finance,/market-activity/stocks/zion
ZIONP,Zions Bancorporation N.A. Depositary Shares (Each representing 1/40th Interest in a Share of Series A Floating-Rate Non-Cumulative Perpetual Preferred Stock),$17.7001,-0.0099,-0.056%,4873,2583388979.00,United States,,Major Banks,Finance,/market-activity/stocks/zionp
ZJK,ZJK Industrial Co. Ltd. Class A Ordinary Shares,$2.28,0.04,1.786%,11357,146654728.00,China,2024,Metal Fabrications,Industrials,/market-activity/stocks/zjk
ZJYL,JIN MEDICAL INTERNATIONAL LTD. Class A Ordinary Shares,$2.10,-0.10,-4.545%,27659,164708219.00,China,2023,Industrial Specialties,Health Care,/market-activity/stocks/zjyl
ZKIN,ZK International Group Co. Ltd Ordinary Share,$1.19,-0.05,-4.032%,22861,68201647.00,China,2017,Metal Fabrications,Industrials,/market-activity/stocks/zkin
ZKP,Lafayette Digital Acquisition Corp. I Class A Ordinary Shares,$10.02,0.00,0.00%,97,0.00,United States,2026,Blank Checks,Finance,/market-activity/stocks/zkp
ZKPU,Lafayette Digital Acquisition Corp. I Unit,$10.03,0.00,0.00%,6,0.00,United States,2026,Blank Checks,Finance,/market-activity/stocks/zkpu
ZLAB,Zai Lab Limited American Depositary Shares,$26.48,1.18,4.664%,1056872,2972809717.00,China,2017,Biotechnology: Pharmaceutical Preparations,Health Care,/market-activity/stocks/zlab
ZM,Zoom Communications Inc. Class A Common Stock,$95.86,0.96,1.012%,2412275,27970386536.00,United States,2019,Computer Software: Programming Data Processing,Technology,/market-activity/stocks/zm
ZNB,Zeta Network Group Class A Ordinary Shares,$1.64,0.08,5.128%,54267,6027085.00,United States,,Other Consumer Services,Real Estate,/market-activity/stocks/znb
ZNTL,Zentalis Pharmaceuticals Inc. Common Stock,$3.77,0.06,1.617%,897815,356900501.00,United States,2020,Biotechnology: Pharmaceutical Preparations,Health Care,/market-activity/stocks/zntl
ZOOZ,ZOOZ Strategy Ltd. Ordinary Shares,$6.50,0.14,2.201%,28037,52062452.00,Israel,,Industrial Machinery/Components,Technology,/market-activity/stocks/zooz
ZS,Zscaler Inc. Common Stock,$172.73,-5.64,-3.162%,2600112,27932086253.00,United States,2018,EDP Services,Technology,/market-activity/stocks/zs
ZSQR,Z Squared Inc. Common Stock,$3.05,0.14,4.811%,444028,161651211.00,United States,2020,Finance: Consumer Services,Finance,/market-activity/stocks/zsqr
ZSTK,ZeroStack Corp. Common Stock,$5.08,-0.01,-0.196%,58761,110848277.00,Canada,2021,Other Pharmaceuticals,Health Care,/market-activity/stocks/zstk
ZTG,Zenta Group Company Limited Class A Ordinary Shares,$0.7499,-0.0051,-0.675%,82505,8855448.00,Macau,2025,Professional Services,Consumer Discretionary,/market-activity/stocks/ztg
ZUMZ,Zumiez Inc. Common Stock,$18.16,0.34,1.908%,198421,306399424.00,United States,2005,Clothing/Shoe/Accessory Stores,Consumer Discretionary,/market-activity/stocks/zumz
ZURA,Zura Bio Limited Class A Ordinary Shares,$5.67,0.02,0.354%,934616,543351207.00,Cayman Islands,,Biotechnology: Biological Products (No Diagnostic Substances),Health Care,/market-activity/stocks/zura
ZVRA,Zevra Therapeutics Inc. Common Stock,$12.30,0.24,1.99%,1347794,730420506.00,United States,,Biotechnology: Pharmaceutical Preparations,Health Care,/market-activity/stocks/zvra
ZYBT,Zhengye Biotechnology Holding Limited Class A Ordinary Shares,$1.63,-0.02,-1.212%,54647,77247943.00,China,2025,Biotechnology: Pharmaceutical Preparations,Health Care,/market-activity/stocks/zybt
ZYME,Zymeworks Inc. Common Stock,$31.05,1.38,4.651%,808146,2203284433.00,United States,,Biotechnology: Pharmaceutical Preparations,Health Care,/market-activity/stocks/zyme
